                    JDAY,WB,VOLIN(m3),VOLPR(m3),VOLOUT(m3),VOLWD(m3),VOLEV(m3),VOLDT(m3),VOLTRB(m3),VOLICE(m3),%VOLerror
     1.000,   1,  0.17121888E+04,   0.60456754E+03,  -0.93521536E+04,  -0.13027696E+05,  -0.26893768E+03,   0.00000000E+00,   0.25079000E+04,   0.00000000E+00,   0.54977326E-09,
     1.999,   1,  0.96396666E+05,   0.36274472E+05,  -0.57582133E+06,  -0.40657313E+06,  -0.17796791E+05,   0.00000000E+00,   0.26751759E+06,   0.00000000E+00,   0.17196937E-09,
     2.996,   1,  0.19310378E+06,   0.36274472E+05,  -0.11545753E+07,  -0.43469371E+06,  -0.34228772E+05,   0.57903125E+05,   0.81545449E+06,   0.00000000E+00,  -0.49689455E-09,
     3.996,   1,  0.42892703E+06,   0.38692364E+06,  -0.17359272E+07,  -0.46217622E+06,  -0.40478095E+05,   0.17425512E+06,   0.16686697E+07,   0.00000000E+00,   0.13467959E-08,
     4.999,   1,  0.78364213E+06,   0.45141085E+06,  -0.23427845E+07,  -0.49019946E+06,  -0.44022553E+05,   0.30122870E+06,   0.24866704E+07,   0.00000000E+00,   0.60067046E-09,
     5.999,   1,  0.10643704E+07,   0.45141085E+06,  -0.29524982E+07,  -0.51815679E+06,  -0.75183258E+05,   0.38347131E+06,   0.29412392E+07,   0.00000000E+00,   0.57890271E-09,
     6.999,   1,  0.12526883E+07,   0.47962400E+06,  -0.35195546E+07,  -0.54520417E+06,  -0.97375794E+05,   0.42848713E+06,   0.31778219E+07,   0.00000000E+00,   0.64080359E-09,
     7.999,   1,  0.13950730E+07,   0.57635481E+06,  -0.40787219E+07,  -0.57288128E+06,  -0.12816150E+06,   0.49730777E+06,   0.33712287E+07,   0.00000000E+00,   0.73680024E-09,
     8.998,   1,  0.15223905E+07,   0.58844616E+06,  -0.46968487E+07,  -0.60099629E+06,  -0.17056523E+06,   0.57922861E+06,   0.35489243E+07,   0.00000000E+00,   0.10769791E-08,
     9.999,   1,  0.16400602E+07,   0.58844616E+06,  -0.53375135E+07,  -0.62851293E+06,  -0.20859148E+06,   0.68086469E+06,   0.37144413E+07,   0.00000000E+00,   0.19551764E-08,
    10.999,   1,  0.17696273E+07,   0.61262886E+06,  -0.59443774E+07,  -0.65648854E+06,  -0.23450969E+06,   0.77855346E+06,   0.39030330E+07,   0.00000000E+00,   0.36179327E-08,
    11.999,   1,  0.19737255E+07,   0.70129876E+06,  -0.65462284E+07,  -0.68488921E+06,  -0.23685267E+06,   0.84986048E+06,   0.41792752E+07,   0.00000000E+00,   0.36821136E-08,
    12.999,   1,  0.22964025E+07,   0.88266902E+06,  -0.71357086E+07,  -0.71269414E+06,  -0.23744530E+06,   0.88033662E+06,   0.45554911E+07,   0.00000000E+00,   0.16479516E-08,
    14.000,   1,  0.26230707E+07,   0.88266902E+06,  -0.77099518E+07,  -0.74006284E+06,  -0.25957428E+06,   0.87516380E+06,   0.49210933E+07,   0.00000000E+00,   0.15037392E-08,
    14.996,   1,  0.28543087E+07,   0.88266902E+06,  -0.83052014E+07,  -0.76806545E+06,  -0.29478273E+06,   0.86221056E+06,   0.52008135E+07,   0.00000000E+00,   0.21541501E-08,
    15.998,   1,  0.30318138E+07,   0.88266902E+06,  -0.89030741E+07,  -0.79614924E+06,  -0.31778279E+06,   0.85714235E+06,   0.54284495E+07,   0.00000000E+00,   0.54185339E-08,
    16.998,   1,  0.31804420E+07,   0.88266902E+06,  -0.95109395E+07,  -0.82355386E+06,  -0.34213917E+06,   0.90983573E+06,   0.56246152E+07,   0.00000000E+00,  -0.11599667E-07,
    18.000,   1,  0.33179080E+07,   0.10438870E+07,  -0.10110144E+08,  -0.85139582E+06,  -0.36249171E+06,   0.10152260E+07,   0.58089761E+07,   0.00000000E+00,  -0.67928332E-08,
    19.000,   1,  0.34529326E+07,   0.11406178E+07,  -0.10691114E+08,  -0.87933152E+06,  -0.36705076E+06,   0.11153400E+07,   0.59912960E+07,   0.00000000E+00,  -0.40406236E-08,
    20.000,   1,  0.35852633E+07,   0.11406178E+07,  -0.11267677E+08,  -0.90660838E+06,  -0.37122391E+06,   0.11813850E+07,   0.61704478E+07,   0.00000000E+00,  -0.18550053E-08,
    20.996,   1,  0.37156398E+07,   0.11406178E+07,  -0.11872540E+08,  -0.93437656E+06,  -0.37790051E+06,   0.12316048E+07,   0.63458830E+07,   0.00000000E+00,  -0.92026407E-09,
    21.999,   1,  0.38540430E+07,   0.11406178E+07,  -0.12473640E+08,  -0.96251146E+06,  -0.37945156E+06,   0.13293560E+07,   0.65260746E+07,   0.00000000E+00,  -0.50712160E-09,
    22.996,   1,  0.40106659E+07,   0.11446483E+07,  -0.13060739E+08,  -0.98992126E+06,  -0.37968691E+06,   0.14485322E+07,   0.67217125E+07,   0.00000000E+00,  -0.28231194E-09,
    24.000,   1,  0.41811366E+07,   0.12373486E+07,  -0.13652281E+08,  -0.10177513E+07,  -0.38746342E+06,   0.15385630E+07,   0.69423121E+07,   0.00000000E+00,  -0.27481954E-09,
    25.000,   1,  0.43578554E+07,   0.14872366E+07,  -0.14269574E+08,  -0.10457932E+07,  -0.40032150E+06,   0.16206361E+07,   0.71800304E+07,   0.00000000E+00,  -0.33114256E-09,
    26.000,   1,  0.45393398E+07,   0.14912670E+07,  -0.14915909E+08,  -0.10732904E+07,  -0.41400762E+06,   0.17157967E+07,   0.75497920E+07,   0.00000000E+00,  -0.36352318E-09,
    26.999,   1,  0.47379115E+07,   0.15315715E+07,  -0.15558828E+08,  -0.11007971E+07,  -0.41996942E+06,   0.18268043E+07,   0.81690720E+07,   0.00000000E+00,  -0.49340060E-09,
    27.998,   1,  0.49533947E+07,   0.15315715E+07,  -0.16207497E+08,  -0.11287928E+07,  -0.44375635E+06,   0.19088268E+07,   0.88971781E+07,   0.00000000E+00,  -0.93725776E-09,
    28.999,   1,  0.51481515E+07,   0.15315715E+07,  -0.16829630E+08,  -0.11566228E+07,  -0.47241118E+06,   0.19537609E+07,   0.95929213E+07,   0.00000000E+00,  -0.23154928E-08,
    29.998,   1,  0.53031530E+07,   0.15315715E+07,  -0.17437098E+08,  -0.11842474E+07,  -0.49296127E+06,   0.19907852E+07,   0.10248898E+08,   0.00000000E+00,  -0.14794877E-07,
    31.000,   1,  0.54317141E+07,   0.15315715E+07,  -0.18088037E+08,  -0.12122048E+07,  -0.51709440E+06,   0.20172932E+07,   0.10876899E+08,   0.00000000E+00,   0.16249571E-07,
    31.999,   1,  0.55469265E+07,   0.15759065E+07,  -0.18774656E+08,  -0.12398010E+07,  -0.54472332E+06,   0.20465058E+07,   0.11490830E+08,   0.00000000E+00,   0.66702946E-08,
    32.999,   1,  0.56552966E+07,   0.15960587E+07,  -0.19412814E+08,  -0.12673997E+07,  -0.55770402E+06,   0.20968643E+07,   0.12097532E+08,   0.00000000E+00,   0.34347017E-08,
    33.998,   1,  0.57547366E+07,   0.15960587E+07,  -0.19998256E+08,  -0.12954114E+07,  -0.58164761E+06,   0.21603686E+07,   0.12694276E+08,   0.00000000E+00,   0.21778590E-08,
    35.000,   1,  0.58457348E+07,   0.15960587E+07,  -0.20581413E+08,  -0.13230838E+07,  -0.61250316E+06,   0.22184117E+07,   0.13279478E+08,   0.00000000E+00,   0.18082371E-08,
    35.999,   1,  0.59324462E+07,   0.15960587E+07,  -0.21194178E+08,  -0.13506899E+07,  -0.64790507E+06,   0.22843368E+07,   0.13856577E+08,   0.00000000E+00,   0.17902664E-08,
    36.998,   1,  0.60179352E+07,   0.15960587E+07,  -0.21793242E+08,  -0.13788756E+07,  -0.67307063E+06,   0.23635368E+07,   0.14363935E+08,   0.00000000E+00,   0.17038315E-08,
    38.000,   1,  0.61019566E+07,   0.15960587E+07,  -0.22366543E+08,  -0.14066164E+07,  -0.70721263E+06,   0.24638591E+07,   0.14652476E+08,   0.00000000E+00,   0.26083365E-08,
    39.000,   1,  0.61899975E+07,   0.17371245E+07,  -0.22958001E+08,  -0.14337880E+07,  -0.72162041E+06,   0.25642900E+07,   0.14799052E+08,   0.00000000E+00,   0.48716360E-08,
    39.999,   1,  0.62894064E+07,   0.17774290E+07,  -0.23544543E+08,  -0.14615824E+07,  -0.72989647E+06,   0.26409062E+07,   0.14959612E+08,   0.00000000E+00,  -0.13696935E-07,
    40.998,   1,  0.63958054E+07,   0.20152255E+07,  -0.24123827E+08,  -0.14893897E+07,  -0.75134136E+06,   0.27149222E+07,   0.15124720E+08,   0.00000000E+00,  -0.85861956E-08,
    41.999,   1,  0.65023287E+07,   0.20434387E+07,  -0.24710430E+08,  -0.15164387E+07,  -0.80231453E+06,   0.28047480E+07,   0.15285533E+08,   0.00000000E+00,  -0.26374197E-08,
    42.996,   1,  0.66049477E+07,   0.20998650E+07,  -0.25308338E+08,  -0.15442475E+07,  -0.81786355E+06,   0.29157571E+07,   0.15437922E+08,   0.00000000E+00,  -0.17483892E-08,
    43.999,   1,  0.67052287E+07,   0.23940879E+07,  -0.25889562E+08,  -0.15722074E+07,  -0.82930979E+06,   0.30110158E+07,   0.15587977E+08,   0.00000000E+00,  -0.19385948E-08,
    44.999,   1,  0.68041751E+07,   0.23981183E+07,  -0.26489942E+08,  -0.15995245E+07,  -0.85293730E+06,   0.30639160E+07,   0.15736122E+08,   0.00000000E+00,  -0.12728891E-08,
    45.999,   1,  0.68982307E+07,   0.23981183E+07,  -0.27111861E+08,  -0.16275291E+07,  -0.87376100E+06,   0.30902853E+07,   0.15877129E+08,   0.00000000E+00,  -0.80639615E-09,
    46.999,   1,  0.69920273E+07,   0.24303619E+07,  -0.27691588E+08,  -0.16555373E+07,  -0.87928179E+06,   0.31008325E+07,   0.16017183E+08,   0.00000000E+00,  -0.65759882E-09,
    47.999,   1,  0.70838855E+07,   0.24303619E+07,  -0.28274776E+08,  -0.16830231E+07,  -0.89513854E+06,   0.31245245E+07,   0.16154345E+08,   0.00000000E+00,  -0.56602972E-09,
    49.000,   1,  0.71709644E+07,   0.24303619E+07,  -0.28867740E+08,  -0.17111396E+07,  -0.92365845E+06,   0.31773592E+07,   0.16286067E+08,   0.00000000E+00,  -0.47598261E-09,
    49.999,   1,  0.72725459E+07,   0.24303619E+07,  -0.29446285E+08,  -0.17391181E+07,  -0.94192153E+06,   0.32540516E+07,   0.16437213E+08,   0.00000000E+00,  -0.41174125E-09,
    51.000,   1,  0.74096831E+07,   0.24303619E+07,  -0.30027347E+08,  -0.17665709E+07,  -0.94766704E+06,   0.33361854E+07,   0.16624873E+08,   0.00000000E+00,  -0.40317687E-09,
    51.999,   1,  0.75600216E+07,   0.24303619E+07,  -0.30629120E+08,  -0.17947114E+07,  -0.96062593E+06,   0.34445807E+07,   0.16819378E+08,   0.00000000E+00,  -0.41291348E-09,
    52.996,   1,  0.76997031E+07,   0.24303619E+07,  -0.31214960E+08,  -0.18227676E+07,  -0.97793907E+06,   0.35665268E+07,   0.17001685E+08,   0.00000000E+00,  -0.40837317E-09,
    53.996,   1,  0.78605353E+07,   0.24303619E+07,  -0.31794841E+08,  -0.18501896E+07,  -0.98212815E+06,   0.36539712E+07,   0.17211306E+08,   0.00000000E+00,  -0.40812464E-09,
    54.996,   1,  0.81376208E+07,   0.24303619E+07,  -0.32423482E+08,  -0.18784096E+07,  -0.98228716E+06,   0.36885891E+07,   0.17540122E+08,   0.00000000E+00,  -0.41594070E-09,
    56.000,   1,  0.86190746E+07,   0.24303619E+07,  -0.33033541E+08,  -0.19065765E+07,  -0.98228716E+06,   0.36858246E+07,   0.18071510E+08,   0.00000000E+00,  -0.46107425E-09,
    56.999,   1,  0.92366065E+07,   0.25593363E+07,  -0.33600921E+08,  -0.19339690E+07,  -0.98228716E+06,   0.36724958E+07,   0.18932615E+08,   0.00000000E+00,  -0.66032908E-09,
    57.999,   1,  0.97639991E+07,   0.25593363E+07,  -0.34183538E+08,  -0.19620291E+07,  -0.10120582E+07,   0.36352130E+07,   0.19844775E+08,   0.00000000E+00,  -0.97637246E-09,
    58.996,   1,  0.10118919E+08,   0.25593363E+07,  -0.34777207E+08,  -0.19900152E+07,  -0.10423165E+07,   0.35977508E+07,   0.20488709E+08,   0.00000000E+00,  -0.14348629E-08,
    59.996,   1,  0.10392969E+08,   0.25593363E+07,  -0.35373328E+08,  -0.20172916E+07,  -0.10518162E+07,   0.35971736E+07,   0.20998552E+08,   0.00000000E+00,  -0.19117749E-08,
    61.000,   1,  0.10632483E+08,   0.25794886E+07,  -0.35974585E+08,  -0.20453095E+07,  -0.10518162E+07,   0.36444837E+07,   0.21460104E+08,   0.00000000E+00,  -0.24487765E-08,
    61.998,   1,  0.10836537E+08,   0.25794886E+07,  -0.36557534E+08,  -0.20735012E+07,  -0.10956651E+07,   0.37184725E+07,   0.21869820E+08,   0.00000000E+00,  -0.24144745E-08,
    62.999,   1,  0.11000733E+08,   0.25794886E+07,  -0.37126765E+08,  -0.21007383E+07,  -0.11516360E+07,   0.37873708E+07,   0.22213209E+08,   0.00000000E+00,  -0.24265345E-08,
    63.998,   1,  0.11138472E+08,   0.25794886E+07,  -0.37713968E+08,  -0.21289056E+07,  -0.12366553E+07,   0.38297404E+07,   0.22511359E+08,   0.00000000E+00,  -0.18568346E-08,
    64.996,   1,  0.11263229E+08,   0.25794886E+07,  -0.38321438E+08,  -0.21574390E+07,  -0.13250585E+07,   0.38588373E+07,   0.22990697E+08,   0.00000000E+00,  -0.17457475E-08,
    65.996,   1,  0.11384428E+08,   0.25794886E+07,  -0.38912985E+08,  -0.21850108E+07,  -0.13698742E+07,   0.39168526E+07,   0.23833913E+08,   0.00000000E+00,  -0.30551289E-08,
    66.996,   1,  0.11508423E+08,   0.25915799E+07,  -0.39494664E+08,  -0.22127749E+07,  -0.13796717E+07,   0.40145837E+07,   0.24811445E+08,   0.00000000E+00,  -0.20460607E-07,
    67.998,   1,  0.11634882E+08,   0.26399453E+07,  -0.40088750E+08,  -0.22409061E+07,  -0.13860668E+07,   0.41070840E+07,   0.25691398E+08,   0.00000000E+00,   0.10015599E-07,
    68.996,   1,  0.11754763E+08,   0.26399453E+07,  -0.40678948E+08,  -0.22687040E+07,  -0.14145442E+07,   0.41653553E+07,   0.26314458E+08,   0.00000000E+00,   0.73692734E-08,
    69.999,   1,  0.11861923E+08,   0.26762194E+07,  -0.41258446E+08,  -0.22959371E+07,  -0.14334313E+07,   0.42105391E+07,   0.26645081E+08,   0.00000000E+00,   0.10151937E-07,
    70.999,   1,  0.11958426E+08,   0.26762194E+07,  -0.41844082E+08,  -0.23239545E+07,  -0.15093207E+07,   0.42849394E+07,   0.26872689E+08,   0.00000000E+00,   0.34858348E-07,
    71.998,   1,  0.12048811E+08,   0.26762194E+07,  -0.42437046E+08,  -0.23522976E+07,  -0.15637304E+07,   0.43936242E+07,   0.27086899E+08,   0.00000000E+00,  -0.26696909E-07,
    72.996,   1,  0.12137233E+08,   0.26762194E+07,  -0.43026659E+08,  -0.23796356E+07,  -0.15964055E+07,   0.45153049E+07,   0.27290830E+08,   0.00000000E+00,  -0.10951442E-07,
    74.000,   1,  0.12231983E+08,   0.32969087E+07,  -0.43627702E+08,  -0.24075409E+07,  -0.16108335E+07,   0.46157799E+07,   0.27521795E+08,   0.00000000E+00,   0.23420544E-06,
    74.999,   1,  0.12339345E+08,   0.32969087E+07,  -0.44240484E+08,  -0.24357590E+07,  -0.16448536E+07,   0.46712839E+07,   0.27764137E+08,   0.00000000E+00,  -0.19016430E-07,
    75.999,   1,  0.12448815E+08,   0.32969087E+07,  -0.44844842E+08,  -0.24631829E+07,  -0.16841804E+07,   0.46873145E+07,   0.28199069E+08,   0.00000000E+00,  -0.13258344E-07,
    76.996,   1,  0.12549484E+08,   0.32969087E+07,  -0.45433365E+08,  -0.24908999E+07,  -0.17121442E+07,   0.46903285E+07,   0.29014485E+08,   0.00000000E+00,  -0.58155613E-07,
    77.996,   1,  0.12643302E+08,   0.32969087E+07,  -0.46021945E+08,  -0.25191727E+07,  -0.17313786E+07,   0.46909370E+07,   0.29994836E+08,   0.00000000E+00,   0.16162217E-07,
    78.996,   1,  0.12735268E+08,   0.32969087E+07,  -0.46637940E+08,  -0.25471736E+07,  -0.17461961E+07,   0.46861859E+07,   0.30968011E+08,   0.00000000E+00,   0.85153186E-08,
    79.996,   1,  0.12833686E+08,   0.32969087E+07,  -0.47260222E+08,  -0.25747659E+07,  -0.17676601E+07,   0.46785690E+07,   0.31943863E+08,   0.00000000E+00,   0.63485888E-08,
    80.999,   1,  0.12943611E+08,   0.32969087E+07,  -0.47876172E+08,  -0.26028628E+07,  -0.17835449E+07,   0.46838358E+07,   0.32857039E+08,   0.00000000E+00,   0.49580534E-08,
    81.999,   1,  0.13051982E+08,   0.32969087E+07,  -0.48488172E+08,  -0.26310008E+07,  -0.18273706E+07,   0.47232553E+07,   0.33661375E+08,   0.00000000E+00,   0.42164659E-08,
    82.999,   1,  0.13149951E+08,   0.32969087E+07,  -0.49093420E+08,  -0.26583944E+07,  -0.18760566E+07,   0.48060016E+07,   0.34416874E+08,   0.00000000E+00,   0.36620953E-08,
    83.999,   1,  0.13243757E+08,   0.33210914E+07,  -0.49690602E+08,  -0.26861547E+07,  -0.18965411E+07,   0.48982122E+07,   0.35165566E+08,   0.00000000E+00,   0.31782265E-08,
    84.998,   1,  0.13338778E+08,   0.33457154E+07,  -0.50280714E+08,  -0.27143243E+07,  -0.19027188E+07,   0.49564408E+07,   0.35921846E+08,   0.00000000E+00,   0.28030835E-08,
    85.999,   1,  0.13452701E+08,   0.33457154E+07,  -0.50875681E+08,  -0.27420346E+07,  -0.19148976E+07,   0.50360751E+07,   0.36716511E+08,   0.00000000E+00,   0.24764315E-08,
    86.996,   1,  0.13629700E+08,   0.35245967E+07,  -0.51474074E+08,  -0.27691584E+07,  -0.19211590E+07,   0.51692137E+07,   0.37419989E+08,   0.00000000E+00,   0.20984972E-08,
    87.996,   1,  0.13950149E+08,   0.37908386E+07,  -0.52098621E+08,  -0.27971083E+07,  -0.19243679E+07,   0.53266975E+07,   0.38063314E+08,   0.00000000E+00,   0.17370400E-08,
    88.999,   1,  0.14353783E+08,   0.37908386E+07,  -0.52722951E+08,  -0.28254615E+07,  -0.19353648E+07,   0.54627371E+07,   0.38818396E+08,   0.00000000E+00,   0.15127954E-08,
    89.996,   1,  0.14704936E+08,   0.37908386E+07,  -0.53322008E+08,  -0.28821254E+07,  -0.19597673E+07,   0.56701027E+07,   0.39573155E+08,   0.00000000E+00,   0.13641134E-08,
    91.000,   1,  0.15044765E+08,   0.42026816E+07,  -0.53898185E+08,  -0.30840936E+07,  -0.19740157E+07,   0.59794322E+07,   0.40299435E+08,   0.00000000E+00,   0.11293555E-08,
    91.999,   1,  0.15405566E+08,   0.45604442E+07,  -0.54473656E+08,  -0.34383212E+07,  -0.19920710E+07,   0.62535642E+07,   0.41033070E+08,   0.00000000E+00,   0.10172990E-08,
    92.996,   1,  0.15780961E+08,   0.45604442E+07,  -0.55090284E+08,  -0.40396717E+07,  -0.20074472E+07,   0.64298761E+07,   0.41788068E+08,   0.00000000E+00,   0.10261868E-08,
    93.996,   1,  0.16328265E+08,   0.45604442E+07,  -0.55706845E+08,  -0.47333330E+07,  -0.20255812E+07,   0.65324359E+07,   0.42807029E+08,   0.00000000E+00,   0.99550118E-09,
    95.000,   1,  0.17183814E+08,   0.49847673E+07,  -0.56300529E+08,  -0.55165265E+07,  -0.20348912E+07,   0.66268999E+07,   0.44287104E+08,   0.00000000E+00,   0.85188671E-09,
    96.000,   1,  0.18109839E+08,   0.49847673E+07,  -0.56903234E+08,  -0.64640912E+07,  -0.20433380E+07,   0.67964854E+07,   0.46079701E+08,   0.00000000E+00,   0.74213864E-09,
    96.999,   1,  0.19165782E+08,   0.54714909E+07,  -0.57511512E+08,  -0.71088969E+07,  -0.20542432E+07,   0.70415734E+07,   0.48117282E+08,   0.00000000E+00,   0.59894652E-09,
    97.999,   1,  0.20195027E+08,   0.54839710E+07,  -0.58113647E+08,  -0.75026708E+07,  -0.20635775E+07,   0.72893895E+07,   0.50189282E+08,   0.00000000E+00,   0.50746832E-09,
    98.999,   1,  0.20829983E+08,   0.54839710E+07,  -0.58737439E+08,  -0.79366447E+07,  -0.20991701E+07,   0.74339815E+07,   0.51809214E+08,   0.00000000E+00,   0.46992683E-09,
    99.999,   1,  0.21256973E+08,   0.54839710E+07,  -0.59399565E+08,  -0.85809850E+07,  -0.21277124E+07,   0.74804707E+07,   0.52924536E+08,   0.00000000E+00,   0.47178272E-09,
   100.996,   1,  0.21590945E+08,   0.54839710E+07,  -0.60083268E+08,  -0.94916352E+07,  -0.21574202E+07,   0.75433751E+07,   0.53761682E+08,   0.00000000E+00,   0.49256720E-09,
   101.999,   1,  0.21866188E+08,   0.54839710E+07,  -0.60787840E+08,  -0.10301257E+08,  -0.21672765E+07,   0.76280106E+07,   0.54456316E+08,   0.00000000E+00,   0.51917297E-09,
   102.999,   1,  0.22101770E+08,   0.55089312E+07,  -0.61469027E+08,  -0.10805754E+08,  -0.21683893E+07,   0.77670137E+07,   0.55069638E+08,   0.00000000E+00,   0.53026179E-09,
   103.998,   1,  0.22303242E+08,   0.55089312E+07,  -0.62086414E+08,  -0.11197047E+08,  -0.21956872E+07,   0.79796295E+07,   0.55599151E+08,   0.00000000E+00,   0.53794191E-09,
   104.999,   1,  0.22468639E+08,   0.55089312E+07,  -0.62682224E+08,  -0.11587059E+08,  -0.22289625E+07,   0.82251491E+07,   0.56039515E+08,   0.00000000E+00,   0.54852477E-09,
   106.000,   1,  0.22609072E+08,   0.55130912E+07,  -0.63285440E+08,  -0.11905814E+08,  -0.22673944E+07,   0.84571838E+07,   0.56416641E+08,   0.00000000E+00,   0.56161071E-09,
   107.000,   1,  0.22733709E+08,   0.55255713E+07,  -0.63925847E+08,  -0.12084019E+08,  -0.22707328E+07,   0.86618364E+07,   0.56758468E+08,   0.00000000E+00,   0.56971667E-09,
   108.000,   1,  0.22849774E+08,   0.55255713E+07,  -0.64619125E+08,  -0.12164048E+08,  -0.22863726E+07,   0.88555110E+07,   0.57074982E+08,   0.00000000E+00,   0.57864864E-09,
   109.000,   1,  0.22952537E+08,   0.55255713E+07,  -0.65317287E+08,  -0.12203796E+08,  -0.23181279E+07,   0.90601128E+07,   0.57363550E+08,   0.00000000E+00,   0.59200043E-09,
   109.998,   1,  0.23041453E+08,   0.55505315E+07,  -0.65955129E+08,  -0.12231722E+08,  -0.23515925E+07,   0.92838661E+07,   0.57625942E+08,   0.00000000E+00,   0.59743287E-09,
   111.000,   1,  0.23143159E+08,   0.55671716E+07,  -0.66531193E+08,  -0.12259302E+08,  -0.23681957E+07,   0.95320802E+07,   0.57896944E+08,   0.00000000E+00,   0.59997423E-09,
   112.000,   1,  0.23282758E+08,   0.58001333E+07,  -0.67100634E+08,  -0.12287158E+08,  -0.23835762E+07,   0.98102399E+07,   0.58211013E+08,   0.00000000E+00,   0.59319346E-09,
   113.000,   1,  0.23431028E+08,   0.58126134E+07,  -0.67688781E+08,  -0.12334474E+08,  -0.23996758E+07,   0.10064092E+08,   0.58547765E+08,   0.00000000E+00,   0.59518730E-09,
   114.000,   1,  0.23550923E+08,   0.58126134E+07,  -0.68304272E+08,  -0.12957665E+08,  -0.24249970E+07,   0.10342395E+08,   0.58865797E+08,   0.00000000E+00,   0.62635862E-09,
   114.999,   1,  0.23650006E+08,   0.58126134E+07,  -0.68914046E+08,  -0.14093148E+08,  -0.24553832E+07,   0.10742107E+08,   0.59157294E+08,   0.00000000E+00,   0.67806965E-09,
   115.998,   1,  0.23778803E+08,   0.59706945E+07,  -0.69515999E+08,  -0.14832392E+08,  -0.24790410E+07,   0.11236920E+08,   0.59468854E+08,   0.00000000E+00,   0.70685128E-09,
   117.000,   1,  0.23952318E+08,   0.61578959E+07,  -0.70124798E+08,  -0.15220967E+08,  -0.24910710E+07,   0.11659935E+08,   0.59832204E+08,   0.00000000E+00,   0.70220378E-09,
   118.000,   1,  0.24111743E+08,   0.61578959E+07,  -0.70742830E+08,  -0.15570913E+08,  -0.24914135E+07,   0.11856131E+08,   0.60200256E+08,   0.00000000E+00,   0.72111001E-09,
   118.999,   1,  0.24232862E+08,   0.61620559E+07,  -0.71389218E+08,  -0.15792248E+08,  -0.24932947E+07,   0.11923128E+08,   0.60523960E+08,   0.00000000E+00,   0.74635980E-09,
   120.000,   1,  0.24329620E+08,   0.61620559E+07,  -0.72006153E+08,  -0.15873513E+08,  -0.25026447E+07,   0.12006578E+08,   0.60798997E+08,   0.00000000E+00,   0.76421463E-09,
   120.999,   1,  0.24413526E+08,   0.61786960E+07,  -0.72609020E+08,  -0.15905019E+08,  -0.25381545E+07,   0.12172359E+08,   0.61040219E+08,   0.00000000E+00,   0.77423751E-09,
   121.999,   1,  0.24497780E+08,   0.61786960E+07,  -0.73219542E+08,  -0.15935728E+08,  -0.25640605E+07,   0.12406755E+08,   0.61269369E+08,   0.00000000E+00,   0.78157825E-09,
   122.999,   1,  0.24587789E+08,   0.62161363E+07,  -0.73860310E+08,  -0.15985118E+08,  -0.25848556E+07,   0.12626587E+08,   0.61498882E+08,   0.00000000E+00,   0.79387591E-09,
   123.999,   1,  0.24669872E+08,   0.62161363E+07,  -0.74510431E+08,  -0.16164282E+08,  -0.26363052E+07,   0.12808043E+08,   0.61725553E+08,   0.00000000E+00,   0.82296941E-09,
   124.999,   1,  0.24749228E+08,   0.62161363E+07,  -0.75117465E+08,  -0.16503401E+08,  -0.26854548E+07,   0.13004691E+08,   0.61963140E+08,   0.00000000E+00,   0.86040403E-09,
   125.999,   1,  0.24916585E+08,   0.66113392E+07,  -0.75710947E+08,  -0.16892057E+08,  -0.27167924E+07,   0.13277444E+08,   0.62259005E+08,   0.00000000E+00,   0.85071098E-09,
   126.998,   1,  0.25153393E+08,   0.67236600E+07,  -0.76305216E+08,  -0.17280517E+08,  -0.27348021E+07,   0.13580777E+08,   0.62637589E+08,   0.00000000E+00,   0.85483504E-09,
   127.999,   1,  0.25343790E+08,   0.67236600E+07,  -0.76925977E+08,  -0.17669045E+08,  -0.27716457E+07,   0.13823096E+08,   0.63036858E+08,   0.00000000E+00,   0.87036300E-09,
   128.999,   1,  0.25480685E+08,   0.67236600E+07,  -0.77556306E+08,  -0.18057862E+08,  -0.28281954E+07,   0.14022547E+08,   0.63375237E+08,   0.00000000E+00,   0.90674593E-09,
   129.999,   1,  0.25586507E+08,   0.67236600E+07,  -0.78193488E+08,  -0.18446578E+08,  -0.28716668E+07,   0.14210198E+08,   0.63661633E+08,   0.00000000E+00,   0.95086923E-09,
   131.000,   1,  0.25674215E+08,   0.67236600E+07,  -0.78832795E+08,  -0.18800186E+08,  -0.29153582E+07,   0.14386037E+08,   0.63924903E+08,   0.00000000E+00,   0.10036693E-08,
   132.000,   1,  0.25750057E+08,   0.67236600E+07,  -0.79457725E+08,  -0.19028109E+08,  -0.29556796E+07,   0.14531272E+08,   0.64219875E+08,   0.00000000E+00,   0.10381740E-08,
   132.999,   1,  0.25818429E+08,   0.67236600E+07,  -0.80085230E+08,  -0.19150006E+08,  -0.29878275E+07,   0.14635425E+08,   0.64555486E+08,   0.00000000E+00,   0.10697643E-08,
   133.999,   1,  0.25986917E+08,   0.69108614E+07,  -0.80663651E+08,  -0.19298791E+08,  -0.30206559E+07,   0.14752418E+08,   0.65061138E+08,   0.00000000E+00,   0.10410013E-08,
   134.999,   1,  0.26292593E+08,   0.73643047E+07,  -0.81243036E+08,  -0.19575455E+08,  -0.30692218E+07,   0.14875298E+08,   0.65818337E+08,   0.00000000E+00,   0.96670907E-09,
   136.000,   1,  0.26591081E+08,   0.74807856E+07,  -0.81896260E+08,  -0.19951257E+08,  -0.31159305E+07,   0.14975522E+08,   0.66607649E+08,   0.00000000E+00,   0.94895421E-09,
   136.998,   1,  0.26798601E+08,   0.74807856E+07,  -0.82590712E+08,  -0.20340707E+08,  -0.31604272E+07,   0.15087673E+08,   0.67265326E+08,   0.00000000E+00,   0.96459591E-09,
   137.998,   1,  0.26931113E+08,   0.74807856E+07,  -0.83325113E+08,  -0.20730828E+08,  -0.32000364E+07,   0.15211801E+08,   0.67757247E+08,   0.00000000E+00,   0.10007361E-08,
   138.999,   1,  0.27032022E+08,   0.75140658E+07,  -0.84103182E+08,  -0.21086852E+08,  -0.32270511E+07,   0.15336935E+08,   0.68127518E+08,   0.00000000E+00,   0.10495146E-08,
   139.999,   1,  0.27121311E+08,   0.75182258E+07,  -0.84837905E+08,  -0.21355518E+08,  -0.32543946E+07,   0.15425424E+08,   0.68430290E+08,   0.00000000E+00,   0.11102226E-08,
   140.999,   1,  0.27195444E+08,   0.75182258E+07,  -0.85516959E+08,  -0.21493648E+08,  -0.33149806E+07,   0.15522531E+08,   0.68689530E+08,   0.00000000E+00,   0.11637298E-08,
   141.999,   1,  0.27257699E+08,   0.75182258E+07,  -0.86193386E+08,  -0.21540232E+08,  -0.33747701E+07,   0.15684778E+08,   0.68919133E+08,   0.00000000E+00,   0.12174728E-08,
   142.998,   1,  0.27323239E+08,   0.76180666E+07,  -0.86878640E+08,  -0.21572886E+08,  -0.34337309E+07,   0.15865930E+08,   0.69136332E+08,   0.00000000E+00,   0.12484101E-08,
   143.998,   1,  0.27390267E+08,   0.76180666E+07,  -0.87581629E+08,  -0.21605809E+08,  -0.34797571E+07,   0.16036448E+08,   0.69350265E+08,   0.00000000E+00,   0.13128932E-08,
   144.999,   1,  0.27450445E+08,   0.76180666E+07,  -0.88261114E+08,  -0.21638511E+08,  -0.35281334E+07,   0.16211660E+08,   0.69557604E+08,   0.00000000E+00,   0.13709461E-08,
   145.998,   1,  0.27792894E+08,   0.79092687E+07,  -0.88897907E+08,  -0.21679859E+08,  -0.35818656E+07,   0.16378032E+08,   0.70137737E+08,   0.00000000E+00,   0.12553452E-08,
   146.998,   1,  0.28445921E+08,   0.84500726E+07,  -0.89538688E+08,  -0.21787423E+08,  -0.36344906E+07,   0.16427470E+08,   0.71218462E+08,   0.00000000E+00,   0.10621523E-08,
   147.998,   1,  0.28958716E+08,   0.84500726E+07,  -0.90154329E+08,  -0.22049325E+08,  -0.36849357E+07,   0.16349068E+08,   0.72259237E+08,   0.00000000E+00,   0.10025739E-08,
   148.999,   1,  0.29249431E+08,   0.84500726E+07,  -0.90758290E+08,  -0.22423784E+08,  -0.37257100E+07,   0.16271511E+08,   0.72967593E+08,   0.00000000E+00,   0.10159438E-08,
   149.998,   1,  0.29466791E+08,   0.84916729E+07,  -0.91395989E+08,  -0.22813549E+08,  -0.37782299E+07,   0.16287089E+08,   0.73451047E+08,   0.00000000E+00,   0.10435436E-08,
   150.998,   1,  0.29663459E+08,   0.84916729E+07,  -0.92078548E+08,  -0.23151124E+08,  -0.38226516E+07,   0.16359665E+08,   0.73860703E+08,   0.00000000E+00,   0.10861909E-08,
   151.998,   1,  0.29884380E+08,   0.86622342E+07,  -0.92780318E+08,  -0.23359894E+08,  -0.38551367E+07,   0.16385131E+08,   0.74281037E+08,   0.00000000E+00,   0.10934970E-08,
   152.998,   1,  0.30097499E+08,   0.86622342E+07,  -0.93456368E+08,  -0.23452406E+08,  -0.39066553E+07,   0.16368848E+08,   0.74734094E+08,   0.00000000E+00,   0.11127247E-08,
   154.000,   1,  0.30251522E+08,   0.86622342E+07,  -0.94158540E+08,  -0.23495094E+08,  -0.39869786E+07,   0.16364514E+08,   0.75142400E+08,   0.00000000E+00,   0.11488112E-08,
   155.000,   1,  0.30372622E+08,   0.86622342E+07,  -0.94834645E+08,  -0.23527890E+08,  -0.40570762E+07,   0.16422271E+08,   0.75474233E+08,   0.00000000E+00,   0.11848022E-08,
   155.998,   1,  0.30489892E+08,   0.86913544E+07,  -0.95473755E+08,  -0.23560581E+08,  -0.41140901E+07,   0.16569071E+08,   0.75783668E+08,   0.00000000E+00,   0.12023227E-08,
   156.998,   1,  0.30686150E+08,   0.88951959E+07,  -0.96113619E+08,  -0.23592531E+08,  -0.41591784E+07,   0.16765452E+08,   0.76188564E+08,   0.00000000E+00,   0.11613927E-08,
   157.998,   1,  0.31040625E+08,   0.93403191E+07,  -0.96777016E+08,  -0.23673613E+08,  -0.42222743E+07,   0.16961762E+08,   0.76893611E+08,   0.00000000E+00,   0.10493076E-08,
   158.998,   1,  0.31401592E+08,   0.93486392E+07,  -0.97460870E+08,  -0.23900916E+08,  -0.42771696E+07,   0.17097369E+08,   0.77690589E+08,   0.00000000E+00,   0.10183640E-08,
   159.999,   1,  0.31643829E+08,   0.93486392E+07,  -0.98151502E+08,  -0.24240347E+08,  -0.43368676E+07,   0.17149581E+08,   0.78267074E+08,   0.00000000E+00,   0.10468028E-08,
   160.998,   1,  0.31819992E+08,   0.93611193E+07,  -0.98853604E+08,  -0.24534114E+08,  -0.43988731E+07,   0.17134228E+08,   0.78705423E+08,   0.00000000E+00,   0.10955244E-08,
   161.999,   1,  0.31950157E+08,   0.93611193E+07,  -0.99621184E+08,  -0.24707560E+08,  -0.44649417E+07,   0.17119193E+08,   0.79073436E+08,   0.00000000E+00,   0.11701126E-08,
   163.000,   1,  0.32049001E+08,   0.93611193E+07,  -0.10046674E+09,  -0.24781462E+08,  -0.45170936E+07,   0.17156869E+08,   0.79378357E+08,   0.00000000E+00,   0.12452804E-08,
   164.000,   1,  0.32127043E+08,   0.93611193E+07,  -0.10134363E+09,  -0.24815845E+08,  -0.45703462E+07,   0.17239632E+08,   0.79633468E+08,   0.00000000E+00,   0.13369349E-08,
   165.000,   1,  0.32190894E+08,   0.93652793E+07,  -0.10219900E+09,  -0.24849918E+08,  -0.46131076E+07,   0.17343887E+08,   0.79851062E+08,   0.00000000E+00,   0.14302034E-08,
   165.998,   1,  0.32245325E+08,   0.93652793E+07,  -0.10301401E+09,  -0.24882703E+08,  -0.46902993E+07,   0.17450875E+08,   0.80036357E+08,   0.00000000E+00,   0.15657176E-08,
   166.999,   1,  0.32294126E+08,   0.93652793E+07,  -0.10380905E+09,  -0.24914646E+08,  -0.47794906E+07,   0.17569800E+08,   0.80200574E+08,   0.00000000E+00,   0.17183846E-08,
   167.998,   1,  0.32362818E+08,   0.95857609E+07,  -0.10453859E+09,  -0.24946034E+08,  -0.48570013E+07,   0.17675106E+08,   0.80388133E+08,   0.00000000E+00,   0.17958662E-08,
   168.999,   1,  0.32451367E+08,   0.96148811E+07,  -0.10522956E+09,  -0.24977735E+08,  -0.48997331E+07,   0.17771839E+08,   0.80607498E+08,   0.00000000E+00,   0.19168319E-08,
   169.998,   1,  0.32536004E+08,   0.96148811E+07,  -0.10598660E+09,  -0.25010627E+08,  -0.49286358E+07,   0.17875396E+08,   0.80826551E+08,   0.00000000E+00,   0.20796960E-08,
   170.998,   1,  0.32641616E+08,   0.97896024E+07,  -0.10677071E+09,  -0.25044452E+08,  -0.49646899E+07,   0.17992418E+08,   0.81071750E+08,   0.00000000E+00,   0.22122646E-08,
   171.998,   1,  0.32759659E+08,   0.97937625E+07,  -0.10754878E+09,  -0.25078380E+08,  -0.50342371E+07,   0.18138560E+08,   0.81335306E+08,   0.00000000E+00,   0.23952243E-08,
   172.998,   1,  0.32855447E+08,   0.97937625E+07,  -0.10835407E+09,  -0.25112957E+08,  -0.51237099E+07,   0.18269654E+08,   0.81560775E+08,   0.00000000E+00,   0.26901416E-08,
   173.998,   1,  0.32926412E+08,   0.97937625E+07,  -0.10917856E+09,  -0.25147840E+08,  -0.52189179E+07,   0.18356106E+08,   0.81741137E+08,   0.00000000E+00,   0.32083493E-08,
   174.998,   1,  0.32980965E+08,   0.98353628E+07,  -0.10999298E+09,  -0.25181264E+08,  -0.52850155E+07,   0.18389591E+08,   0.81894072E+08,   0.00000000E+00,   0.39950178E-08,
   175.998,   1,  0.33030135E+08,   0.98719222E+07,  -0.11075833E+09,  -0.25213306E+08,  -0.53477536E+07,   0.18391895E+08,   0.82030381E+08,   0.00000000E+00,   0.53097319E-08,
   176.998,   1,  0.33078073E+08,   0.10008958E+08,  -0.11153926E+09,  -0.25246233E+08,  -0.54373433E+07,   0.18407415E+08,   0.82162260E+08,   0.00000000E+00,   0.74790025E-08,
   177.998,   1,  0.33125041E+08,   0.10008958E+08,  -0.11230707E+09,  -0.25278885E+08,  -0.55288598E+07,   0.18453023E+08,   0.82460355E+08,   0.00000000E+00,   0.11607368E-07,
   178.998,   1,  0.33174440E+08,   0.10395881E+08,  -0.11306857E+09,  -0.25310514E+08,  -0.56099702E+07,   0.18524857E+08,   0.83101480E+08,   0.00000000E+00,   0.90081783E-08,
   179.998,   1,  0.33225567E+08,   0.10395881E+08,  -0.11384953E+09,  -0.25342821E+08,  -0.57104147E+07,   0.18595441E+08,   0.83942973E+08,   0.00000000E+00,   0.86853022E-08,
   180.998,   1,  0.33271191E+08,   0.10395881E+08,  -0.11460436E+09,  -0.25375017E+08,  -0.57934348E+07,   0.18653190E+08,   0.84798007E+08,   0.00000000E+00,   0.81712050E-08,
   181.998,   1,  0.33325832E+08,   0.10444246E+08,  -0.11535443E+09,  -0.25406601E+08,  -0.58647859E+07,   0.18709348E+08,   0.85654061E+08,   0.00000000E+00,   0.73629547E-08,
   182.998,   1,  0.33393461E+08,   0.10444246E+08,  -0.11611328E+09,  -0.25438859E+08,  -0.59182796E+07,   0.18763498E+08,   0.86484297E+08,   0.00000000E+00,   0.68951141E-08,
   183.998,   1,  0.33456580E+08,   0.10492612E+08,  -0.11689566E+09,  -0.25470878E+08,  -0.59907458E+07,   0.18801830E+08,   0.87242432E+08,   0.00000000E+00,   0.68665525E-08,
   184.998,   1,  0.33506494E+08,   0.10492612E+08,  -0.11767666E+09,  -0.25502766E+08,  -0.60739197E+07,   0.18824875E+08,   0.87948861E+08,   0.00000000E+00,   0.74454919E-08,
   185.998,   1,  0.33544539E+08,   0.10492612E+08,  -0.11846617E+09,  -0.25535518E+08,  -0.61651721E+07,   0.18845899E+08,   0.88629573E+08,   0.00000000E+00,   0.84575501E-08,
   186.998,   1,  0.33575975E+08,   0.10492612E+08,  -0.11929944E+09,  -0.25567810E+08,  -0.62567428E+07,   0.18877555E+08,   0.89292055E+08,   0.00000000E+00,   0.10322852E-07,
   187.998,   1,  0.33608133E+08,   0.10492612E+08,  -0.12011066E+09,  -0.25599128E+08,  -0.63468301E+07,   0.18919891E+08,   0.89944824E+08,   0.00000000E+00,   0.12640404E-07,
   188.998,   1,  0.33647748E+08,   0.10698164E+08,  -0.12082914E+09,  -0.25631023E+08,  -0.64193176E+07,   0.18962227E+08,   0.90596951E+08,   0.00000000E+00,   0.11296031E-07,
   189.998,   1,  0.33698853E+08,   0.10706225E+08,  -0.12152017E+09,  -0.25663220E+08,  -0.64831261E+07,   0.19009879E+08,   0.91248948E+08,   0.00000000E+00,   0.11752713E-07,
   190.998,   1,  0.33749258E+08,   0.10706225E+08,  -0.12230652E+09,  -0.25695776E+08,  -0.65770410E+07,   0.19054968E+08,   0.91898670E+08,   0.00000000E+00,   0.14171908E-07,
   191.998,   1,  0.33789744E+08,   0.10706225E+08,  -0.12309978E+09,  -0.25728459E+08,  -0.66714594E+07,   0.19092120E+08,   0.92531158E+08,   0.00000000E+00,   0.19067765E-07,
   192.998,   1,  0.33827048E+08,   0.10770713E+08,  -0.12387895E+09,  -0.25759973E+08,  -0.67331978E+07,   0.19113325E+08,   0.93186841E+08,   0.00000000E+00,   0.22756747E-07,
   193.998,   1,  0.33864103E+08,   0.10839230E+08,  -0.12464355E+09,  -0.25791944E+08,  -0.67838580E+07,   0.19139629E+08,   0.93885249E+08,   0.00000000E+00,   0.23724570E-07,
   194.998,   1,  0.33902748E+08,   0.10859383E+08,  -0.12533356E+09,  -0.25823885E+08,  -0.68426295E+07,   0.19195052E+08,   0.94590934E+08,   0.00000000E+00,   0.22204125E-07,
   196.000,   1,  0.33945178E+08,   0.10887596E+08,  -0.12602783E+09,  -0.25855318E+08,  -0.69119780E+07,   0.19255826E+08,   0.95305618E+08,   0.00000000E+00,   0.20472138E-07,
   196.998,   1,  0.33989453E+08,   0.10887596E+08,  -0.12674559E+09,  -0.25887504E+08,  -0.69671490E+07,   0.19292884E+08,   0.96021775E+08,   0.00000000E+00,   0.20868325E-07,
   197.998,   1,  0.34029574E+08,   0.10887596E+08,  -0.12755155E+09,  -0.25920004E+08,  -0.70325872E+07,   0.19303552E+08,   0.96733958E+08,   0.00000000E+00,   0.27614210E-07,
   198.998,   1,  0.34062239E+08,   0.10887596E+08,  -0.12840615E+09,  -0.25952402E+08,  -0.70971921E+07,   0.19309024E+08,   0.97445549E+08,   0.00000000E+00,   0.50453705E-07,
   199.998,   1,  0.34088049E+08,   0.10972235E+08,  -0.12924002E+09,  -0.25985338E+08,  -0.71458010E+07,   0.19324984E+08,   0.98151854E+08,   0.00000000E+00,   0.76499641E-07,
   200.998,   1,  0.34109664E+08,   0.10972235E+08,  -0.13009223E+09,  -0.26018145E+08,  -0.72039841E+07,   0.19364555E+08,   0.98825654E+08,   0.00000000E+00,  -0.30228343E-06,
   201.998,   1,  0.34130001E+08,   0.10972235E+08,  -0.13097210E+09,  -0.26051315E+08,  -0.72764020E+07,   0.19496426E+08,   0.99542605E+08,   0.00000000E+00,  -0.81606626E-07,
   202.998,   1,  0.34149437E+08,   0.10972235E+08,  -0.13183945E+09,  -0.26084505E+08,  -0.73575372E+07,   0.19694743E+08,   0.10032786E+09,   0.00000000E+00,  -0.95530162E-07,
   203.998,   1,  0.34165694E+08,   0.10972235E+08,  -0.13266243E+09,  -0.26116638E+08,  -0.74367929E+07,   0.19864122E+08,   0.10111121E+09,   0.00000000E+00,  -0.12987569E-06,
   204.998,   1,  0.34188863E+08,   0.10972235E+08,  -0.13345970E+09,  -0.26148949E+08,  -0.75278311E+07,   0.19954263E+08,   0.10190727E+09,   0.00000000E+00,  -0.11778774E-06,
   205.998,   1,  0.34246165E+08,   0.11326915E+08,  -0.13418979E+09,  -0.26180603E+08,  -0.76251734E+07,   0.19983345E+08,   0.10272665E+09,   0.00000000E+00,   0.46916787E-07,
   206.998,   1,  0.34316515E+08,   0.11330945E+08,  -0.13489211E+09,  -0.26212145E+08,  -0.77122008E+07,   0.20015025E+08,   0.10356935E+09,   0.00000000E+00,   0.32731950E-07,
   207.998,   1,  0.34368750E+08,   0.11330945E+08,  -0.13563823E+09,  -0.26243931E+08,  -0.77930941E+07,   0.20043975E+08,   0.10443106E+09,   0.00000000E+00,   0.27239306E-07,
   208.998,   1,  0.34412174E+08,   0.11367219E+08,  -0.13639757E+09,  -0.26275432E+08,  -0.78729447E+07,   0.20033262E+08,   0.10527193E+09,   0.00000000E+00,   0.25612009E-07,
   209.998,   1,  0.34448139E+08,   0.11367219E+08,  -0.13715764E+09,  -0.26307636E+08,  -0.79376778E+07,   0.19956432E+08,   0.10604588E+09,   0.00000000E+00,   0.33368516E-07,
   210.998,   1,  0.34477009E+08,   0.11367219E+08,  -0.13789982E+09,  -0.26340249E+08,  -0.80365403E+07,   0.19821574E+08,   0.10677065E+09,   0.00000000E+00,   0.87184740E-07,
   211.998,   1,  0.34500838E+08,   0.11367219E+08,  -0.13867997E+09,  -0.26372566E+08,  -0.81293129E+07,   0.19694618E+08,   0.10747591E+09,   0.00000000E+00,  -0.96965583E-07,
   212.998,   1,  0.34521216E+08,   0.11367219E+08,  -0.13953473E+09,  -0.26405401E+08,  -0.82080702E+07,   0.19633779E+08,   0.10819958E+09,   0.00000000E+00,  -0.32603892E-07,
   213.998,   1,  0.34541161E+08,   0.11367219E+08,  -0.14039483E+09,  -0.26438271E+08,  -0.82758830E+07,   0.19612731E+08,   0.10897827E+09,   0.00000000E+00,  -0.23009176E-07,
   214.998,   1,  0.34564185E+08,   0.11596955E+08,  -0.14118332E+09,  -0.26470036E+08,  -0.83372897E+07,   0.19599633E+08,   0.10978367E+09,   0.00000000E+00,  -0.31619598E-07,
   215.998,   1,  0.34587609E+08,   0.11596955E+08,  -0.14194797E+09,  -0.26502088E+08,  -0.84027352E+07,   0.19583793E+08,   0.11058787E+09,   0.00000000E+00,  -0.28827484E-07,
   216.998,   1,  0.34610562E+08,   0.11596955E+08,  -0.14273040E+09,  -0.26533671E+08,  -0.84648052E+07,   0.19573125E+08,   0.11139148E+09,   0.00000000E+00,  -0.25986889E-07,
   217.998,   1,  0.34640293E+08,   0.11818630E+08,  -0.14345596E+09,  -0.26564885E+08,  -0.85167024E+07,   0.19570383E+08,   0.11219891E+09,   0.00000000E+00,  -0.47157541E-07,
   219.000,   1,  0.34671244E+08,   0.11818630E+08,  -0.14417609E+09,  -0.26596753E+08,  -0.86306970E+07,   0.19570383E+08,   0.11295356E+09,   0.00000000E+00,  -0.37563478E-07,
   219.999,   1,  0.34696770E+08,   0.11818630E+08,  -0.14492968E+09,  -0.26628310E+08,  -0.87095113E+07,   0.19599402E+08,   0.11366935E+09,   0.00000000E+00,  -0.30497783E-07,
   220.998,   1,  0.34719583E+08,   0.11818630E+08,  -0.14573681E+09,  -0.26660156E+08,  -0.87748269E+07,   0.19657578E+08,   0.11442369E+09,   0.00000000E+00,  -0.26881503E-07,
   221.998,   1,  0.34740558E+08,   0.11818630E+08,  -0.14657466E+09,  -0.26692510E+08,  -0.88560288E+07,   0.19697367E+08,   0.11520137E+09,   0.00000000E+00,  -0.22340904E-07,
   222.998,   1,  0.34760275E+08,   0.11818630E+08,  -0.14740561E+09,  -0.26724597E+08,  -0.89265343E+07,   0.19623728E+08,   0.11601676E+09,   0.00000000E+00,  -0.17862636E-07,
   223.998,   1,  0.34778133E+08,   0.11838782E+08,  -0.14820972E+09,  -0.26756707E+08,  -0.90007772E+07,   0.19417751E+08,   0.11690059E+09,   0.00000000E+00,  -0.14637720E-07,
   224.998,   1,  0.34794693E+08,   0.11862965E+08,  -0.14897828E+09,  -0.26788480E+08,  -0.90688803E+07,   0.19222230E+08,   0.11781802E+09,   0.00000000E+00,  -0.13445800E-07,
   225.998,   1,  0.34809738E+08,   0.11871026E+08,  -0.14978944E+09,  -0.26819680E+08,  -0.91410142E+07,   0.19293431E+08,   0.11873501E+09,   0.00000000E+00,  -0.14871009E-07,
   226.998,   1,  0.34823009E+08,   0.11871026E+08,  -0.15062833E+09,  -0.26851671E+08,  -0.92147307E+07,   0.19774672E+08,   0.11964638E+09,   0.00000000E+00,  -0.27146036E-07,
   227.998,   1,  0.34834959E+08,   0.11879086E+08,  -0.15145841E+09,  -0.26883955E+08,  -0.92732077E+07,   0.20417700E+08,   0.12055419E+09,   0.00000000E+00,   0.22734354E-06,
   228.998,   1,  0.34846004E+08,   0.11879086E+08,  -0.15231110E+09,  -0.26916065E+08,  -0.93404038E+07,   0.20870524E+08,   0.12141940E+09,   0.00000000E+00,   0.36143321E-07,
   229.998,   1,  0.34856559E+08,   0.11879086E+08,  -0.15316507E+09,  -0.26948128E+08,  -0.94237112E+07,   0.21008550E+08,   0.12223070E+09,   0.00000000E+00,   0.37031053E-07,
   230.998,   1,  0.34866966E+08,   0.11899239E+08,  -0.15393879E+09,  -0.26979710E+08,  -0.94796065E+07,   0.20992710E+08,   0.12302809E+09,   0.00000000E+00,   0.41824466E-07,
   231.998,   1,  0.34877130E+08,   0.11899239E+08,  -0.15470611E+09,  -0.27011987E+08,  -0.95269289E+07,   0.20997989E+08,   0.12382145E+09,   0.00000000E+00,   0.46565691E-07,
   232.998,   1,  0.34886402E+08,   0.11899239E+08,  -0.15556077E+09,  -0.27044480E+08,  -0.96078192E+07,   0.21000778E+08,   0.12461098E+09,   0.00000000E+00,   0.89355648E-07,
   233.999,   1,  0.34894707E+08,   0.11899239E+08,  -0.15644833E+09,  -0.27076362E+08,  -0.96880395E+07,   0.20979754E+08,   0.12539756E+09,   0.00000000E+00,  -0.40071270E-06,
   234.999,   1,  0.34903095E+08,   0.11931482E+08,  -0.15729696E+09,  -0.27109095E+08,  -0.97430454E+07,   0.20945514E+08,   0.12618283E+09,   0.00000000E+00,  -0.89749893E-07,
   235.998,   1,  0.34911876E+08,   0.11987909E+08,  -0.15813795E+09,  -0.27142105E+08,  -0.98188697E+07,   0.20892390E+08,   0.12696791E+09,   0.00000000E+00,  -0.49184391E-07,
   236.999,   1,  0.34920413E+08,   0.11987909E+08,  -0.15898585E+09,  -0.27174622E+08,  -0.99135090E+07,   0.20844269E+08,   0.12775134E+09,   0.00000000E+00,  -0.29207271E-07,
   237.999,   1,  0.34928461E+08,   0.11987909E+08,  -0.15979983E+09,  -0.27207368E+08,  -0.10006709E+08,   0.20799791E+08,   0.12853279E+09,   0.00000000E+00,  -0.21939172E-07,
   238.999,   1,  0.34936203E+08,   0.11987909E+08,  -0.16060492E+09,  -0.27239622E+08,  -0.10090254E+08,   0.20777537E+08,   0.12931244E+09,   0.00000000E+00,  -0.18357214E-07,
   239.999,   1,  0.34943542E+08,   0.11987909E+08,  -0.16144438E+09,  -0.27272366E+08,  -0.10172371E+08,   0.20759745E+08,   0.13010454E+09,   0.00000000E+00,  -0.15472479E-07,
   240.999,   1,  0.34950257E+08,   0.11987909E+08,  -0.16227668E+09,  -0.27305319E+08,  -0.10252260E+08,   0.20692418E+08,   0.13094702E+09,   0.00000000E+00,  -0.13527752E-07,
   241.999,   1,  0.34956702E+08,   0.11987909E+08,  -0.16306315E+09,  -0.27337247E+08,  -0.10321567E+08,   0.20584748E+08,   0.13182784E+09,   0.00000000E+00,  -0.12510347E-07,
   242.998,   1,  0.34962903E+08,   0.12008061E+08,  -0.16386962E+09,  -0.27369613E+08,  -0.10391203E+08,   0.20478142E+08,   0.13270764E+09,   0.00000000E+00,  -0.11616084E-07,
   243.998,   1,  0.34968713E+08,   0.12008061E+08,  -0.16467209E+09,  -0.27402336E+08,  -0.10470800E+08,   0.20451192E+08,   0.13358463E+09,   0.00000000E+00,  -0.11246814E-07,
   244.998,   1,  0.34974058E+08,   0.12008061E+08,  -0.16543415E+09,  -0.27434248E+08,  -0.10576084E+08,   0.20502991E+08,   0.13446058E+09,   0.00000000E+00,  -0.11578035E-07,
   245.999,   1,  0.34982525E+08,   0.12008061E+08,  -0.16617634E+09,  -0.27466046E+08,  -0.10655954E+08,   0.20521689E+08,   0.13534146E+09,   0.00000000E+00,  -0.12059774E-07,
   246.999,   1,  0.34997450E+08,   0.12278101E+08,  -0.16688046E+09,  -0.27497817E+08,  -0.10718279E+08,   0.20459993E+08,   0.13623268E+09,   0.00000000E+00,  -0.15507894E-07,
   248.000,   1,  0.35012585E+08,   0.12278101E+08,  -0.16762334E+09,  -0.27529162E+08,  -0.10788074E+08,   0.20332064E+08,   0.13712748E+09,   0.00000000E+00,  -0.14761093E-07,
   248.998,   1,  0.35025096E+08,   0.12278101E+08,  -0.16841842E+09,  -0.27561184E+08,  -0.10837517E+08,   0.20112883E+08,   0.13802452E+09,   0.00000000E+00,  -0.12887081E-07,
   249.999,   1,  0.35098110E+08,   0.12814151E+08,  -0.16916458E+09,  -0.27592949E+08,  -0.10873011E+08,   0.19837267E+08,   0.13896914E+09,   0.00000000E+00,  -0.19605167E-07,
   250.998,   1,  0.35231050E+08,   0.12939095E+08,  -0.16987580E+09,  -0.27624066E+08,  -0.10928123E+08,   0.19596558E+08,   0.13996418E+09,   0.00000000E+00,  -0.25877163E-07,
   251.999,   1,  0.35333857E+08,   0.12939095E+08,  -0.17059458E+09,  -0.27655728E+08,  -0.10992803E+08,   0.19778308E+08,   0.14095547E+09,   0.00000000E+00,  -0.76986705E-07,
   252.999,   1,  0.35392602E+08,   0.12939095E+08,  -0.17131738E+09,  -0.27687119E+08,  -0.11059508E+08,   0.20349412E+08,   0.14191343E+09,   0.00000000E+00,   0.34203990E-07,
   253.999,   1,  0.35430412E+08,   0.12939095E+08,  -0.17209540E+09,  -0.27719121E+08,  -0.11121767E+08,   0.20936309E+08,   0.14274841E+09,   0.00000000E+00,   0.16142545E-07,
   254.999,   1,  0.35458184E+08,   0.12939095E+08,  -0.17290963E+09,  -0.27751667E+08,  -0.11187891E+08,   0.21280629E+08,   0.14343345E+09,   0.00000000E+00,   0.14290863E-07,
   255.999,   1,  0.35479057E+08,   0.12939095E+08,  -0.17373448E+09,  -0.27783442E+08,  -0.11244725E+08,   0.21359700E+08,   0.14406584E+09,   0.00000000E+00,   0.16697610E-07,
   256.999,   1,  0.35494863E+08,   0.12939095E+08,  -0.17455119E+09,  -0.27815427E+08,  -0.11299502E+08,   0.21441470E+08,   0.14469252E+09,   0.00000000E+00,   0.20091657E-07,
   257.999,   1,  0.35511562E+08,   0.12943125E+08,  -0.17532805E+09,  -0.27847436E+08,  -0.11333113E+08,   0.21526300E+08,   0.14531679E+09,   0.00000000E+00,   0.22751400E-07,
   258.999,   1,  0.35558323E+08,   0.12947156E+08,  -0.17606959E+09,  -0.27878976E+08,  -0.11358381E+08,   0.21616701E+08,   0.14594304E+09,   0.00000000E+00,   0.23764912E-07,
   259.999,   1,  0.35611218E+08,   0.12947156E+08,  -0.17677126E+09,  -0.27911081E+08,  -0.11382014E+08,   0.21709748E+08,   0.14658723E+09,   0.00000000E+00,   0.22852928E-07,
   260.999,   1,  0.35637661E+08,   0.12947156E+08,  -0.17751460E+09,  -0.27943117E+08,  -0.11412253E+08,   0.21789252E+08,   0.14723278E+09,   0.00000000E+00,   0.24403298E-07,
   262.000,   1,  0.35657418E+08,   0.12955217E+08,  -0.17828064E+09,  -0.27974503E+08,  -0.11442734E+08,   0.21864273E+08,   0.14785966E+09,   0.00000000E+00,   0.28117545E-07,
   262.999,   1,  0.35675103E+08,   0.12959247E+08,  -0.17900435E+09,  -0.28006146E+08,  -0.11473664E+08,   0.21939444E+08,   0.14848242E+09,   0.00000000E+00,   0.31575194E-07,
   263.999,   1,  0.35693067E+08,   0.13011643E+08,  -0.17969644E+09,  -0.28037499E+08,  -0.11502936E+08,   0.21997960E+08,   0.14910345E+09,   0.00000000E+00,   0.31916017E-07,
   265.000,   1,  0.35710059E+08,   0.13011643E+08,  -0.18039238E+09,  -0.28068971E+08,  -0.11554431E+08,   0.22042163E+08,   0.14972308E+09,   0.00000000E+00,   0.38611765E-07,
   265.999,   1,  0.35724482E+08,   0.13011643E+08,  -0.18110146E+09,  -0.28100523E+08,  -0.11633310E+08,   0.22073029E+08,   0.15034013E+09,   0.00000000E+00,   0.58052778E-07,
   266.999,   1,  0.35737118E+08,   0.13011643E+08,  -0.18182519E+09,  -0.28131980E+08,  -0.11686763E+08,   0.22107099E+08,   0.15095367E+09,   0.00000000E+00,   0.11074165E-06,
   267.999,   1,  0.35748225E+08,   0.13011643E+08,  -0.18258077E+09,  -0.28164109E+08,  -0.11718708E+08,   0.22169563E+08,   0.15156495E+09,   0.00000000E+00,   0.59240799E-06,
   268.999,   1,  0.35758010E+08,   0.13011643E+08,  -0.18335330E+09,  -0.28196219E+08,  -0.11745014E+08,   0.22242139E+08,   0.15217465E+09,   0.00000000E+00,  -0.16854910E-06,
   269.999,   1,  0.35767000E+08,   0.13011643E+08,  -0.18413972E+09,  -0.28227978E+08,  -0.11775931E+08,   0.22297200E+08,   0.15278315E+09,   0.00000000E+00,  -0.63861070E-07,
   271.000,   1,  0.35775476E+08,   0.13011643E+08,  -0.18494250E+09,  -0.28260105E+08,  -0.11805782E+08,   0.22320284E+08,   0.15339071E+09,   0.00000000E+00,  -0.35367519E-07,
   271.999,   1,  0.35783219E+08,   0.13011643E+08,  -0.18573463E+09,  -0.28292013E+08,  -0.11866202E+08,   0.22328493E+08,   0.15399664E+09,   0.00000000E+00,  -0.23485687E-07,
   273.000,   1,  0.35790362E+08,   0.13011643E+08,  -0.18645355E+09,  -0.28323186E+08,  -0.11946225E+08,   0.22351482E+08,   0.15460080E+09,   0.00000000E+00,  -0.18754688E-07,
   273.999,   1,  0.35797455E+08,   0.13019704E+08,  -0.18712854E+09,  -0.28354588E+08,  -0.12009649E+08,   0.22386198E+08,   0.15520400E+09,   0.00000000E+00,  -0.16756552E-07,
   274.999,   1,  0.35804402E+08,   0.13019704E+08,  -0.18782965E+09,  -0.28385973E+08,  -0.12079469E+08,   0.22431368E+08,   0.15583713E+09,   0.00000000E+00,  -0.15170129E-07,
   275.999,   1,  0.35810958E+08,   0.13019704E+08,  -0.18857044E+09,  -0.28417019E+08,  -0.12145283E+08,   0.22480792E+08,   0.15650968E+09,   0.00000000E+00,  -0.13913153E-07,
   276.998,   1,  0.35817183E+08,   0.13019704E+08,  -0.18932339E+09,  -0.28448701E+08,  -0.12197880E+08,   0.22520248E+08,   0.15721716E+09,   0.00000000E+00,  -0.13105763E-07,
   277.998,   1,  0.35823298E+08,   0.13019704E+08,  -0.19007121E+09,  -0.28479724E+08,  -0.12260544E+08,   0.22546058E+08,   0.15797296E+09,   0.00000000E+00,  -0.12635448E-07,
   278.999,   1,  0.35830304E+08,   0.13019704E+08,  -0.19082679E+09,  -0.28509738E+08,  -0.12307823E+08,   0.22547671E+08,   0.15876471E+09,   0.00000000E+00,  -0.12324358E-07,
   280.000,   1,  0.35838716E+08,   0.13019704E+08,  -0.19156929E+09,  -0.28540662E+08,  -0.12353443E+08,   0.22538743E+08,   0.15957170E+09,   0.00000000E+00,  -0.12327200E-07,
   280.999,   1,  0.35847339E+08,   0.13019704E+08,  -0.19227882E+09,  -0.28571408E+08,  -0.12388160E+08,   0.22529815E+08,   0.16038191E+09,   0.00000000E+00,  -0.12637433E-07,
   281.999,   1,  0.35857229E+08,   0.13120465E+08,  -0.19296254E+09,  -0.28601489E+08,  -0.12401218E+08,   0.22517870E+08,   0.16119554E+09,   0.00000000E+00,  -0.14558355E-07,
   282.999,   1,  0.35873628E+08,   0.13289744E+08,  -0.19365244E+09,  -0.28627733E+08,  -0.12402656E+08,   0.22496433E+08,   0.16201441E+09,   0.00000000E+00,  -0.18430129E-07,
   284.000,   1,  0.35891422E+08,   0.13289744E+08,  -0.19435695E+09,  -0.28644856E+08,  -0.12428513E+08,   0.22471080E+08,   0.16283922E+09,   0.00000000E+00,  -0.19702327E-07,
   284.996,   1,  0.35904342E+08,   0.13289744E+08,  -0.19506887E+09,  -0.28660790E+08,  -0.12474151E+08,   0.22455787E+08,   0.16366176E+09,   0.00000000E+00,  -0.20755606E-07,
   285.999,   1,  0.35914571E+08,   0.13289744E+08,  -0.19578462E+09,  -0.28685183E+08,  -0.12541221E+08,   0.22472111E+08,   0.16443334E+09,   0.00000000E+00,  -0.20575279E-07,
   287.000,   1,  0.35923170E+08,   0.13289744E+08,  -0.19648275E+09,  -0.28714851E+08,  -0.12599212E+08,   0.22510136E+08,   0.16512409E+09,   0.00000000E+00,  -0.19512507E-07,
   288.000,   1,  0.35931437E+08,   0.13293774E+08,  -0.19716374E+09,  -0.28746126E+08,  -0.12628119E+08,   0.22567806E+08,   0.16578030E+09,   0.00000000E+00,  -0.19195983E-07,
   288.999,   1,  0.35942924E+08,   0.13297805E+08,  -0.19785635E+09,  -0.28777542E+08,  -0.12653558E+08,   0.22653613E+08,   0.16644566E+09,   0.00000000E+00,  -0.19430172E-07,
   289.996,   1,  0.35956943E+08,   0.13309896E+08,  -0.19855668E+09,  -0.28808210E+08,  -0.12709966E+08,   0.22750361E+08,   0.16705258E+09,   0.00000000E+00,  -0.18192093E-07,
   290.999,   1,  0.35968238E+08,   0.13309896E+08,  -0.19927168E+09,  -0.28839378E+08,  -0.12774963E+08,   0.22830077E+08,   0.16766990E+09,   0.00000000E+00,  -0.16555562E-07,
   291.999,   1,  0.35976935E+08,   0.13309896E+08,  -0.20000354E+09,  -0.28870720E+08,  -0.12839627E+08,   0.22863986E+08,   0.16837053E+09,   0.00000000E+00,  -0.15307396E-07,
   292.999,   1,  0.35984739E+08,   0.13309896E+08,  -0.20071376E+09,  -0.28901649E+08,  -0.12899735E+08,   0.22869185E+08,   0.16907488E+09,   0.00000000E+00,  -0.14250181E-07,
   293.999,   1,  0.35991943E+08,   0.13309896E+08,  -0.20140066E+09,  -0.28932861E+08,  -0.12960707E+08,   0.22864449E+08,   0.16977740E+09,   0.00000000E+00,  -0.13531855E-07,
   294.999,   1,  0.35998622E+08,   0.13309896E+08,  -0.20207069E+09,  -0.28964267E+08,  -0.13023823E+08,   0.22853797E+08,   0.17047999E+09,   0.00000000E+00,  -0.13063912E-07,
   296.000,   1,  0.36005018E+08,   0.13309896E+08,  -0.20276080E+09,  -0.28995334E+08,  -0.13071864E+08,   0.22860060E+08,   0.17118045E+09,   0.00000000E+00,  -0.12586743E-07,
   296.996,   1,  0.36012913E+08,   0.13309896E+08,  -0.20345890E+09,  -0.29025897E+08,  -0.13094918E+08,   0.22943488E+08,   0.17187976E+09,   0.00000000E+00,  -0.12886994E-07,
   297.998,   1,  0.36070466E+08,   0.14019256E+08,  -0.20412424E+09,  -0.29056984E+08,  -0.13099080E+08,   0.23050589E+08,   0.17262922E+09,   0.00000000E+00,  -0.36278578E-07,
   299.000,   1,  0.36321028E+08,   0.14321539E+08,  -0.20478577E+09,  -0.29088099E+08,  -0.13105620E+08,   0.23079253E+08,   0.17334173E+09,   0.00000000E+00,   0.21925665E-06,
   299.999,   1,  0.36758714E+08,   0.15232421E+08,  -0.20542155E+09,  -0.29118749E+08,  -0.13142032E+08,   0.22985501E+08,   0.17386898E+09,   0.00000000E+00,   0.15820368E-07,
   300.999,   1,  0.37103844E+08,   0.15232421E+08,  -0.20602762E+09,  -0.29149719E+08,  -0.13211601E+08,   0.22848456E+08,   0.17428475E+09,   0.00000000E+00,   0.16976902E-07,
   301.998,   1,  0.37276628E+08,   0.15232421E+08,  -0.20665632E+09,  -0.29180552E+08,  -0.13253923E+08,   0.22786149E+08,   0.17460514E+09,   0.00000000E+00,   0.22625146E-07,
   303.000,   1,  0.38210542E+08,   0.16245166E+08,  -0.20729348E+09,  -0.29212095E+08,  -0.13269356E+08,   0.22778905E+08,   0.17513398E+09,   0.00000000E+00,   0.70919225E-08,
   303.998,   1,  0.39566300E+08,   0.16590448E+08,  -0.20792372E+09,  -0.29244706E+08,  -0.13313058E+08,   0.22653724E+08,   0.17625343E+09,   0.00000000E+00,   0.40338540E-08,
   305.000,   1,  0.40266364E+08,   0.16590448E+08,  -0.20854148E+09,  -0.29277002E+08,  -0.13386596E+08,   0.22390496E+08,   0.17737250E+09,   0.00000000E+00,   0.33968229E-08,
   305.998,   1,  0.40610202E+08,   0.16590448E+08,  -0.20915215E+09,  -0.29308849E+08,  -0.13432814E+08,   0.22125679E+08,   0.17799368E+09,   0.00000000E+00,   0.34067363E-08,
   306.998,   1,  0.40837882E+08,   0.16590448E+08,  -0.20978963E+09,  -0.29340935E+08,  -0.13454302E+08,   0.21968608E+08,   0.17834840E+09,   0.00000000E+00,   0.35995603E-08,
   307.999,   1,  0.41012575E+08,   0.16590448E+08,  -0.21040483E+09,  -0.29372313E+08,  -0.13465440E+08,   0.21927258E+08,   0.17860414E+09,   0.00000000E+00,   0.37873290E-08,
   308.999,   1,  0.41157297E+08,   0.16590448E+08,  -0.21098775E+09,  -0.29402416E+08,  -0.13520790E+08,   0.21901598E+08,   0.17880890E+09,   0.00000000E+00,   0.40698666E-08,
   309.999,   1,  0.41287557E+08,   0.16594608E+08,  -0.21161066E+09,  -0.29512692E+08,  -0.13555105E+08,   0.21911585E+08,   0.17898569E+09,   0.00000000E+00,   0.45558768E-08,
   310.999,   1,  0.41420235E+08,   0.16681969E+08,  -0.21223543E+09,  -0.29676945E+08,  -0.13560469E+08,   0.21943857E+08,   0.17914791E+09,   0.00000000E+00,   0.50093397E-08,
   312.000,   1,  0.41545024E+08,   0.16686129E+08,  -0.21282506E+09,  -0.29751358E+08,  -0.13601468E+08,   0.21964611E+08,   0.17930982E+09,   0.00000000E+00,   0.56032138E-08,
   312.999,   1,  0.41648514E+08,   0.16690289E+08,  -0.21340998E+09,  -0.29778723E+08,  -0.13651615E+08,   0.21967244E+08,   0.17946237E+09,   0.00000000E+00,   0.63678522E-08,
   313.998,   1,  0.41738421E+08,   0.16690289E+08,  -0.21401222E+09,  -0.29805845E+08,  -0.13693761E+08,   0.21944099E+08,   0.17958986E+09,   0.00000000E+00,   0.76593983E-08,
   314.996,   1,  0.41815854E+08,   0.16698349E+08,  -0.21460895E+09,  -0.29816718E+08,  -0.13774514E+08,   0.21907955E+08,   0.17969971E+09,   0.00000000E+00,   0.97776204E-08,
   315.999,   1,  0.41887519E+08,   0.16698349E+08,  -0.21522204E+09,  -0.29828320E+08,  -0.13847390E+08,   0.21893483E+08,   0.17979727E+09,   0.00000000E+00,   0.13665763E-07,
   316.999,   1,  0.41959677E+08,   0.16698349E+08,  -0.21584144E+09,  -0.29839941E+08,  -0.13892677E+08,   0.21922941E+08,   0.17989028E+09,   0.00000000E+00,   0.21100996E-07,
   317.999,   1,  0.42035492E+08,   0.16714471E+08,  -0.21643510E+09,  -0.29850764E+08,  -0.13929928E+08,   0.21985409E+08,   0.17998554E+09,   0.00000000E+00,   0.37060887E-07,
   318.996,   1,  0.42114621E+08,   0.16726563E+08,  -0.21704521E+09,  -0.29862288E+08,  -0.13964778E+08,   0.22043344E+08,   0.18008385E+09,   0.00000000E+00,   0.19562205E-06,
   319.999,   1,  0.42195698E+08,   0.16726563E+08,  -0.21763709E+09,  -0.29874099E+08,  -0.14000481E+08,   0.22057546E+08,   0.18018748E+09,   0.00000000E+00,  -0.54101974E-07,
   321.000,   1,  0.42290326E+08,   0.16915994E+08,  -0.21823387E+09,  -0.29885217E+08,  -0.14026855E+08,   0.22037834E+08,   0.18029950E+09,   0.00000000E+00,  -0.30840282E-07,
   321.996,   1,  0.42391359E+08,   0.16915994E+08,  -0.21883292E+09,  -0.29896398E+08,  -0.14088201E+08,   0.22019095E+08,   0.18041981E+09,   0.00000000E+00,  -0.17343693E-07,
   322.999,   1,  0.42501262E+08,   0.16956298E+08,  -0.21940560E+09,  -0.29908181E+08,  -0.14130069E+08,   0.21989630E+08,   0.18055126E+09,   0.00000000E+00,  -0.12977787E-07,
   324.000,   1,  0.42636616E+08,   0.17129608E+08,  -0.22001391E+09,  -0.29919930E+08,  -0.14163406E+08,   0.21939527E+08,   0.18088450E+09,   0.00000000E+00,  -0.12477166E-07,
   324.996,   1,  0.42770701E+08,   0.17129608E+08,  -0.22063216E+09,  -0.29930911E+08,  -0.14224967E+08,   0.21882802E+08,   0.18155219E+09,   0.00000000E+00,  -0.12957393E-07,
   325.999,   1,  0.42887635E+08,   0.17129608E+08,  -0.22121015E+09,  -0.29942637E+08,  -0.14268299E+08,   0.21846130E+08,   0.18235719E+09,   0.00000000E+00,  -0.15422799E-07,
   327.000,   1,  0.43006978E+08,   0.17315008E+08,  -0.22179865E+09,  -0.29954449E+08,  -0.14291528E+08,   0.21834747E+08,   0.18315607E+09,   0.00000000E+00,  -0.25405330E-07,
   328.000,   1,  0.43124534E+08,   0.17315008E+08,  -0.22234779E+09,  -0.29965451E+08,  -0.14335634E+08,   0.21810747E+08,   0.18392275E+09,   0.00000000E+00,  -0.38998142E-07,
   329.000,   1,  0.43228139E+08,   0.17315008E+08,  -0.22288968E+09,  -0.29976737E+08,  -0.14374224E+08,   0.21772155E+08,   0.18462297E+09,   0.00000000E+00,  -0.60741838E-07,
   330.000,   1,  0.43322323E+08,   0.17315008E+08,  -0.22345525E+09,  -0.29987735E+08,  -0.14410047E+08,   0.21732989E+08,   0.18527924E+09,   0.00000000E+00,  -0.90611546E-07,
   330.996,   1,  0.43409046E+08,   0.17315008E+08,  -0.22402601E+09,  -0.29999069E+08,  -0.14451732E+08,   0.21716060E+08,   0.18586931E+09,   0.00000000E+00,  -0.11024749E-06,
   331.999,   1,  0.43491721E+08,   0.17315008E+08,  -0.22463076E+09,  -0.30010589E+08,  -0.14497778E+08,   0.21721105E+08,   0.18628889E+09,   0.00000000E+00,  -0.56519239E-07,
   332.999,   1,  0.43570862E+08,   0.17315008E+08,  -0.22523903E+09,  -0.30021504E+08,  -0.14535200E+08,   0.21720546E+08,   0.18677921E+09,   0.00000000E+00,  -0.44128410E-07,
   333.999,   1,  0.43644129E+08,   0.17315008E+08,  -0.22584942E+09,  -0.30032864E+08,  -0.14567838E+08,   0.21709194E+08,   0.18743842E+09,   0.00000000E+00,  -0.52420674E-07,
   334.996,   1,  0.43714939E+08,   0.17315008E+08,  -0.22642285E+09,  -0.30044453E+08,  -0.14597929E+08,   0.21692630E+08,   0.18808086E+09,   0.00000000E+00,  -0.68660182E-07,
   336.000,   1,  0.43785264E+08,   0.17347252E+08,  -0.22698820E+09,  -0.30055471E+08,  -0.14615403E+08,   0.21669043E+08,   0.18871955E+09,   0.00000000E+00,  -0.13018244E-06,
   336.999,   1,  0.43854122E+08,   0.17347252E+08,  -0.22758071E+09,  -0.30066874E+08,  -0.14640478E+08,   0.21638367E+08,   0.18936345E+09,   0.00000000E+00,  -0.21012108E-06,
   338.000,   1,  0.43921145E+08,   0.17347252E+08,  -0.22817616E+09,  -0.30078548E+08,  -0.14663205E+08,   0.21608703E+08,   0.19001867E+09,   0.00000000E+00,  -0.80148769E-06,
   339.000,   1,  0.43985967E+08,   0.17347252E+08,  -0.22876008E+09,  -0.30089817E+08,  -0.14685151E+08,   0.21585354E+08,   0.19067732E+09,   0.00000000E+00,   0.29197773E-06,
   340.000,   1,  0.44081755E+08,   0.17657597E+08,  -0.22934365E+09,  -0.30100810E+08,  -0.14700218E+08,   0.21568362E+08,   0.19136053E+09,   0.00000000E+00,   0.33634357E-07,
   340.996,   1,  0.44216383E+08,   0.17722084E+08,  -0.22992047E+09,  -0.30112466E+08,  -0.14717433E+08,   0.21548643E+08,   0.19207821E+09,   0.00000000E+00,   0.21696920E-07,
   341.999,   1,  0.44342535E+08,   0.17722084E+08,  -0.23051937E+09,  -0.30124416E+08,  -0.14750433E+08,   0.21534641E+08,   0.19280448E+09,   0.00000000E+00,   0.17545195E-07,
   342.999,   1,  0.44447852E+08,   0.17722084E+08,  -0.23110915E+09,  -0.30135368E+08,  -0.14783469E+08,   0.21523857E+08,   0.19351881E+09,   0.00000000E+00,   0.14902282E-07,
   343.999,   1,  0.44548258E+08,   0.17951819E+08,  -0.23166290E+09,  -0.30146822E+08,  -0.14810528E+08,   0.21505143E+08,   0.19421981E+09,   0.00000000E+00,   0.10913763E-07,
   344.999,   1,  0.44646840E+08,   0.17951819E+08,  -0.23225577E+09,  -0.30158740E+08,  -0.14841459E+08,   0.21462738E+08,   0.19491740E+09,   0.00000000E+00,   0.10155024E-07,
   345.999,   1,  0.44742235E+08,   0.17951819E+08,  -0.23287043E+09,  -0.30170102E+08,  -0.14873088E+08,   0.21412301E+08,   0.19561409E+09,   0.00000000E+00,   0.96843032E-08,
   347.000,   1,  0.44843237E+08,   0.18040489E+08,  -0.23350649E+09,  -0.30181449E+08,  -0.14894934E+08,   0.21394248E+08,   0.19631450E+09,   0.00000000E+00,   0.86804574E-08,
   348.000,   1,  0.44941587E+08,   0.18040489E+08,  -0.23412929E+09,  -0.30192507E+08,  -0.14962260E+08,   0.21416517E+08,   0.19701694E+09,   0.00000000E+00,   0.81627754E-08,
   348.996,   1,  0.45024170E+08,   0.18044520E+08,  -0.23473981E+09,  -0.30203208E+08,  -0.15011823E+08,   0.21447820E+08,   0.19768404E+09,   0.00000000E+00,   0.77811248E-08,
   349.996,   1,  0.45099751E+08,   0.18052581E+08,  -0.23537452E+09,  -0.30214542E+08,  -0.15051340E+08,   0.21448062E+08,   0.19829287E+09,   0.00000000E+00,   0.77678505E-08,
   351.000,   1,  0.45172285E+08,   0.18052581E+08,  -0.23603122E+09,  -0.30226244E+08,  -0.15088084E+08,   0.21429342E+08,   0.19887770E+09,   0.00000000E+00,   0.80138590E-08,
   351.996,   1,  0.45240289E+08,   0.18052581E+08,  -0.23667386E+09,  -0.30237506E+08,  -0.15128463E+08,   0.21411196E+08,   0.19945841E+09,   0.00000000E+00,   0.82485596E-08,
   352.996,   1,  0.45309130E+08,   0.18052581E+08,  -0.23731883E+09,  -0.30248898E+08,  -0.15152941E+08,   0.21398637E+08,   0.20003488E+09,   0.00000000E+00,   0.84273477E-08,
   353.996,   1,  0.45386628E+08,   0.18052581E+08,  -0.23799510E+09,  -0.30260368E+08,  -0.15165217E+08,   0.21375120E+08,   0.20061139E+09,   0.00000000E+00,   0.87197359E-08,
   354.999,   1,  0.45466627E+08,   0.18052581E+08,  -0.23864398E+09,  -0.30272251E+08,  -0.15194601E+08,   0.21339106E+08,   0.20118393E+09,   0.00000000E+00,   0.90337829E-08,
   355.996,   1,  0.45537829E+08,   0.18052581E+08,  -0.23923752E+09,  -0.30284188E+08,  -0.15225865E+08,   0.21306850E+08,   0.20177407E+09,   0.00000000E+00,   0.89517826E-08,
   356.996,   1,  0.45609099E+08,   0.18088855E+08,  -0.23978918E+09,  -0.30295088E+08,  -0.15250430E+08,   0.21329983E+08,   0.20239175E+09,   0.00000000E+00,   0.82246520E-08,
   357.996,   1,  0.45715553E+08,   0.18315702E+08,  -0.24035078E+09,  -0.30306440E+08,  -0.15261887E+08,   0.21448247E+08,   0.20302078E+09,   0.00000000E+00,   0.66254822E-08,
   358.996,   1,  0.45843755E+08,   0.18315702E+08,  -0.24089427E+09,  -0.30317993E+08,  -0.15276369E+08,   0.21595168E+08,   0.20367687E+09,   0.00000000E+00,   0.59228688E-08,
   359.999,   1,  0.45950323E+08,   0.18452984E+08,  -0.24142037E+09,  -0.30328792E+08,  -0.15302412E+08,   0.21691644E+08,   0.20409547E+09,   0.00000000E+00,   0.55344197E-08,
   360.996,   1,  0.46042542E+08,   0.18452984E+08,  -0.24198044E+09,  -0.30340381E+08,  -0.15352937E+08,   0.21688402E+08,   0.20433809E+09,   0.00000000E+00,   0.61245523E-08,
   362.000,   1,  0.46128051E+08,   0.18452984E+08,  -0.24258236E+09,  -0.30352189E+08,  -0.15396412E+08,   0.21610988E+08,   0.20477700E+09,   0.00000000E+00,   0.66235699E-08,
   362.999,   1,  0.46207303E+08,   0.18452984E+08,  -0.24319455E+09,  -0.30362976E+08,  -0.15439223E+08,   0.21511506E+08,   0.20533519E+09,   0.00000000E+00,   0.69332437E-08,
   364.000,   1,  0.46284845E+08,   0.18452984E+08,  -0.24380338E+09,  -0.30374470E+08,  -0.15463137E+08,   0.21424573E+08,   0.20590184E+09,   0.00000000E+00,   0.71419647E-08,
   364.996,   1,  0.46360797E+08,   0.18477166E+08,  -0.24440805E+09,  -0.30386151E+08,  -0.15478008E+08,   0.21391435E+08,   0.20647138E+09,   0.00000000E+00,   0.71748865E-08,
