$Cosgrove Out, 
FROM: 2017_WaterBalance, 
JDAY,m3/s
1,7.3855
2,7.7409
3,7.5914
4,8.1665
5,7.8262
6,7.7673
7,7.7242
8,7.9274
9,7.6108
10,7.6275
11,7.9461
12,7.831
13,7.7318
14,7.9988
15,8.0644
16,7.8136
17,8.2052
18,7.6434
19,8.0048
20,8.1392
21,8.1219
22,7.9427
23,7.8946
24,8.0967
25,8.0405
26,8.2649
27,7.8412
28,7.8818
29,8.1791
30,7.8327
31,7.9173
32,8.1485
33,7.9267
34,7.931
35,7.8341
36,8.1596
37,7.9679
38,7.7579
39,8.2208
40,8.0355
41,7.7117
42,8.339
43,7.9201
44,7.5477
45,7.9053
46,7.563
47,7.6185
48,7.8022
49,7.7229
50,7.4957
51,7.8679
52,7.6525
53,7.663
54,7.8805
55,7.693
56,7.9115
57,7.6168
58,7.6343
59,7.9769
60,7.4547
61,7.6358
62,7.7542
63,7.5052
64,7.9273
65,7.5657
66,7.7404
67,7.7587
68,7.6114
69,8.0717
70,7.53
71,7.6035
72,7.8051
73,7.5298
74,7.5273
75,7.8694
76,7.9322
77,8.2611
78,7.3838
79,7.9519
80,7.9754
81,8.1094
82,8.0041
83,7.9738
84,8.2391
85,7.5011
86,7.7858
87,8.0071
88,7.853
89,7.9554
90,7.6807
91,7.9312
92,7.8429
93,7.6512
94,7.6857
95,7.7021
96,8.0212
97,7.6527
98,8.0536
99,7.7014
100,7.9279
101,7.4048
102,7.6257
103,7.6983
104,7.7413
105,8.0678
106,7.8227
107,8.003
108,7.7086
109,7.7882
110,7.8849
111,7.4467
112,7.7511
113,7.8017
114,7.9054
115,7.9991
116,8.5202
117,8.4561
118,8.9222
119,8.622
120,8.5319
121,8.2899
122,8.5445
123,8.2818
124,8.3984
125,8.0892
126,8.2122
127,7.9093
128,8.1658
129,8.3677
130,8.1654
131,8.5427
132,8.6914
133,8.6655
134,8.5141
135,8.447
136,8.7505
137,8.0439
138,8.6216
139,8.5369
140,9.4889
141,9.8404
142,10.3833
143,8.9432
144,8.711
145,9.255
146,9.2516
147,8.4846
148,8.2916
149,8.14
150,8.5445
151,8.686
152,9.2822
153,9.3555
154,9.5086
155,9.3291
156,9.5501
157,9.1942
158,9.893
159,9.8545
160,9.0979
161,8.7037
162,8.5917
163,8.1867
164,8.5088
165,8.2206
166,8.4016
167,8.6336
168,9.0477
169,8.7643
170,8.1534
171,8.1725
172,7.862
173,8.1823
174,8.1479
175,8.1469
176,8.391
177,8.3642
178,8.5278
179,7.8433
180,8.6027
181,8.4309
182,7.8924
183,8.0966
184,7.6474
185,7.5876
186,7.8662
187,8.949
188,8.3307
189,7.8725
190,8.2972
191,8.4349
192,8.6943
193,7.9397
194,8.9198
195,8.7155
196,9.4682
197,9.0288
198,9.8512
199,8.3557
200,9.0326
201,9.3355
202,8.5928
203,8.4788
204,8.3802
205,7.9271
206,7.9728
207,8.4283
208,8.9153
209,9.5974
210,9.3439
211,9.3846
212,8.5753
213,8.3609
214,8.1691
215,9.4159
216,9.3241
217,9.765
218,9.2938
219,9.6692
220,8.8428
221,8.7433
222,9.6698
223,9.9468
224,8.9802
225,8.574
226,9.5047
227,9.3332
228,10.0551
229,10.5951
230,10.8077
231,11.1117
232,10.0992
233,10.6556
234,10.0237
235,9.5968
236,9.4982
237,9.8214
238,10.1204
239,9.665
240,9.0618
241,8.0571
242,8.0461
243,8.8288
244,8.7021
245,9.5733
246,9.1914
247,9.6566
248,8.962
249,8.8566
250,9.1714
251,9.4837
252,9.0578
253,9.2958
254,8.7824
255,8.0175
256,8.3977
257,8.6693
258,8.8968
259,9.0422
260,8.5873
261,8.9924
262,8.4787
263,8.8987
264,9.1509
265,8.795
266,9.4415
267,9.0751
268,9.1048
269,8.4968
270,8.395
271,8.3518
272,8.259
273,8.3102
274,8.2103
275,8.4201
276,7.8119
277,8.1407
278,8.0861
279,8.0712
280,8.1818
281,8.0833
282,8.1116
283,7.7288
284,7.4867
285,8.1255
286,7.9948
287,8.0633
288,7.7487
289,7.6381
290,7.8816
291,7.5539
292,7.8651
293,7.7085
294,7.8437
295,8.0367
296,7.5864
297,7.6714
298,7.7717
299,7.7245
300,7.96
301,7.684
302,7.5698
303,7.6364
304,7.3101
305,7.5245
306,7.6369
307,7.4546
308,7.6968
309,7.4096
310,7.4558
311,7.6577
312,7.4042
313,7.5324
314,7.6077
315,7.4156
316,7.833
317,7.1914
318,7.1063
319,7.7222
320,7.3793
321,7.5038
322,7.6983
323,7.5051
324,7.481
325,7.6494
326,7.4102
327,7.6742
328,7.2984
329,7.4896
330,7.0386
331,6.5926
332,7.0998
333,7.2084
334,7.2343
335,7.5505
336,7.2504
337,7.6454
338,7.2769
339,7.0756
340,7.6274
341,7.3269
342,7.3545
343,7.2966
344,7.4539
345,7.2289
346,7.4699
347,7.2864
348,7.2765
349,7.6615
350,7.3872
351,7.3369
352,7.6852
353,7.2624
354,7.4352
355,7.4642
356,7.3568
357,7.6648
358,7.3304
359,6.6737
360,6.8385
361,7.0113
362,7.5924
363,7.3228
364,7.6213
365,7.4828
366,6.9807
367,7.2823
368,7.2101
369,7.8712
370,7.3286
371,7.5531
372,7.5913
373,7.2605
374,7.7013
375,7.7222
376,7.6737
377,7.6374
378,7.64
379,7.741
380,7.4448
381,7.6195
382,7.3465
383,7.3846
384,7.7807
385,7.4155
386,7.6146
387,7.5638
388,7.4271
389,7.7075
390,7.5302
391,7.4859
392,7.7313
393,7.3157
394,7.598
395,7.7079
396,7.6157
397,7.7756
398,7.4647
399,7.6669
400,7.4915
401,7.6501
402,7.4265
403,7.694
404,7.6247
405,7.3059
406,7.7609
407,7.3846
408,7.5187
409,7.4435
410,7.1232
411,7.4751
412,7.249
413,7.6388
414,7.694
415,7.4066
416,7.5296
417,7.4687
418,7.8816
419,7.2948
420,7.5784
421,7.3366
422,7.3347
423,7.4783
424,7.4087
425,7.614
426,7.2719
427,7.3851
428,7.4876
429,7.2713
430,7.533
431,7.3669
432,7.3517
433,7.5029
434,7.3717
435,7.573
436,7.1297
437,7.2451
438,7.6117
439,7.5666
440,7.8014
441,7.715
442,7.925
443,7.5025
444,7.7694
445,7.6858
446,7.5357
447,7.5904
448,7.5005
449,7.6077
450,7.638
451,7.4903
452,7.7207
453,7.5174
454,7.4349
455,7.8177
456,7.5846
457,7.6641
458,7.7679
459,7.5506
460,8.0671
461,7.6349
462,8.104
463,7.8432
464,7.3889
465,7.7376
466,7.5689
467,7.8157
468,7.8549
469,7.3273
470,7.9541
471,7.5801
472,7.1272
473,7.3204
474,7.4017
475,7.6688
476,7.5025
477,7.6228
478,7.9718
479,7.4471
480,7.9071
481,7.8459
482,7.5511
483,7.9291
484,7.6775
485,8.1039
486,11.2971
487,7.3565
488,8.2855
489,9.3727
490,8.7063
491,8.6193
492,8.9187
493,7.7568
494,7.8276
495,8.1343
496,8.2383
497,8.2948
498,8.3088
499,8.4452
500,8.0475
501,8.4724
502,8.7552
503,8.5398
504,7.8797
505,8.262
506,8.653
507,8.6976
508,8.6169
509,9.5736
510,9.6539
511,10.8241
512,9.1343
513,9.6433
514,8.9012
515,8.6467
516,9.2653
517,9.0591
518,8.7423
519,9.1584
520,8.8177
521,8.9699
522,8.3919
523,8.7198
524,8.6011
525,9.0395
526,8.2951
527,8.5329
528,8.1186
529,8.2564
530,8.4127
531,9.1591
532,8.878
533,8.9472
534,9.8134
535,9.9984
536,9.3379
537,10.1769
538,9.7461
539,9.9082
540,10.0185
541,9.8007
542,9.8922
543,9.6287
544,10.4142
545,10.8654
546,10.829
547,10.6539
548,11.0301
549,10.7009
550,10.6768
551,11.742
552,12.8199
553,12.929
554,12.8607
555,12.4804
556,10.7625
557,9.6764
558,10.922
559,10.7737
560,9.8135
561,9.5569
562,10.9159
563,10.371
564,10.8022
565,11.3213
566,10.854
567,10.8467
568,10.832
569,10.4568
570,9.0245
571,9.703
572,10.5258
573,10.9121
574,11.3416
575,10.7539
576,10.6601
577,10.4068
578,10.2868
579,10.7835
580,11.1195
581,11.6938
582,10.5353
583,10.3628
584,10.1607
585,10.0368
586,11.417
587,10.6474
588,10.9015
589,10.9069
590,10.925
591,10.272
592,10.2733
593,9.7937
594,10.4912
595,11.0029
596,10.8875
597,11.1308
598,10.3352
599,9.5821
600,8.748
601,8.585
602,8.4981
603,8.7512
604,8.9481
605,8.9449
606,9.6621
607,10.7385
608,10.917
609,11.3455
610,11.1
611,10.4245
612,8.8248
613,9.2205
614,9.7598
615,10.4088
616,9.7701
617,9.5064
618,9.2701
619,9.3984
620,8.9565
621,9.4475
622,8.8652
623,9.4835
624,8.922
625,8.793
626,8.2817
627,8.7852
628,9.1246
629,9.3055
630,9.4467
631,9.6947
632,9.6904
633,9.5998
634,9.1839
635,8.7393
636,8.6871
637,8.4699
638,8.6901
639,8.6087
640,7.882
641,8.3182
642,8.1635
643,8.2073
644,7.948
645,8.1981
646,8.0897
647,8.0036
648,7.7996
649,8.4105
650,8.2307
651,8.2019
652,8.2616
653,7.5717
654,7.9576
655,7.7987
656,8.115
657,8.0492
658,7.8987
659,8.0148
660,7.7814
661,7.8451
662,7.544
663,7.713
664,7.9163
665,7.7697
666,7.9899
667,7.5029
668,7.7655
669,7.3973
670,7.4687
671,7.745
672,7.3098
673,7.6412
674,7.3302
675,7.6958
676,7.8131
677,7.31
678,7.6598
679,7.6235
680,7.7036
681,7.5831
682,7.697
683,7.1922
684,8.5871
685,7.2585
686,7.6561
687,7.2787
688,7.315
689,7.5066
690,7.3107
691,7.5205
692,7.2
693,7.3557
694,7.0215
695,6.617
696,7.0105
697,7.0598
698,7.2779
699,7.3096
700,7.2543
701,7.5145
702,7.1118
703,7.2239
704,7.4075
705,7.1859
706,7.2097
707,7.5334
708,7.2469
709,7.3283
710,7.2518
711,7.1161
712,7.5199
713,7.3802
714,7.6156
715,7.351
716,7.2569
717,7.4671
718,7.2115
719,7.4081
720,7.3448
721,7.1379
722,7.2478
723,7.1947
724,6.422
725,6.6623
726,6.606
727,7.4406
728,7.1173
729,7.1477
730,7.497
731,6.876549
732,7.380229
733,7.43021
734,7.329509
735,7.7208
736,7.343144
737,7.22015
738,7.256537
739,7.171212
740,7.635588
741,7.301475
742,6.987557
743,7.557358
744,7.263303
745,7.41544
746,7.258858
747,7.63043
748,7.559476
749,7.432748
750,7.75156
751,7.500851
752,7.658973
753,7.641224
754,7.644968
755,8.150665
756,7.68385
757,8.024507
758,7.622435
759,7.751466
760,7.939637
761,7.854951
762,7.697717
763,7.617605
764,7.788078
765,7.659045
766,7.677934
767,7.890289
768,7.720917
769,7.850435
770,7.742082
771,7.91539
772,7.504341
773,7.74591
774,7.546866
775,7.76705
776,7.688956
777,7.624008
778,7.910515
779,7.530092
780,7.727578
781,7.353517
782,7.31048
783,7.845304
784,7.680597
785,7.648408
786,7.428973
787,7.465026
788,7.539144
789,7.589776
790,7.787578
791,7.808709
792,7.561006
793,7.744031
794,7.503915
795,7.726823
796,7.756306
797,7.714351
798,7.47308
799,7.352708
800,7.303325
801,7.390778
802,7.579811
803,7.404946
804,7.415461
805,7.449897
806,7.363323
807,7.575394
808,7.216456
809,7.388583
810,7.535118
811,7.374854
812,7.641167
813,7.368956
814,7.31018
815,7.427138
816,7.327236
817,7.608932
818,7.315256
819,7.427678
820,7.408394
821,7.172995
822,7.484997
823,7.294975
824,7.529516
825,7.297392
826,7.319156
827,7.457255
828,7.360104
829,7.535416
830,7.503719
831,7.606732
832,7.696857
833,7.387468
834,7.601886
835,7.450424
836,7.146821
837,7.613317
838,7.441075
839,7.42068
840,7.35675
841,7.492208
842,7.573215
843,7.280368
844,7.384165
845,7.463098
846,7.562376
847,7.934138
848,7.608415
849,8.158914
850,7.611004
851,7.732726
852,7.879684
853,8.078855
854,7.791227
855,7.826082
856,8.324005
857,7.313
858,7.810425
859,7.831736
860,7.710984
861,7.824436
862,7.784708
863,8.159512
864,7.610047
865,7.604095
866,7.36578
867,7.313823
868,7.670808
869,7.32851
870,7.599175
871,7.616883
872,7.69233
873,7.561873
874,7.9857
875,8.493056
876,8.563981
877,9.278975
878,8.573466
879,8.684675
880,9.408729
881,9.462356
882,9.385589
883,8.41274
884,8.983802
885,8.657648
886,9.272254
887,9.640615
888,10.15219
889,11.16817
890,9.544535
891,9.161734
892,8.180825
893,7.93845
894,8.179525
895,8.483442
896,8.770729
897,9.64518
898,9.052397
899,9.172381
900,9.306259
901,10.2974
902,10.30841
903,9.320468
904,8.371241
905,8.156168
906,8.109528
907,7.984545
908,9.107764
909,9.272659
910,9.505804
911,9.561191
912,9.834492
913,9.316603
914,8.530175
915,9.644726
916,10.12705
917,10.92494
918,10.21036
919,9.122832
920,8.933579
921,9.55267
922,10.6828
923,11.2443
924,10.84859
925,9.112895
926,10.16382
927,9.657914
928,10.69308
929,10.52315
930,10.66801
931,11.49719
932,11.72473
933,12.82956
934,10.90671
935,9.991483
936,10.50761
937,9.219839
938,10.20629
939,10.2836
940,10.27746
941,9.190455
942,10.1705
943,11.20397
944,10.4564
945,9.849713
946,9.66535
947,10.55996
948,9.883768
949,8.727253
950,9.254023
951,9.004882
952,8.771021
953,8.808397
954,9.702557
955,8.839594
956,8.917832
957,8.729635
958,8.481334
959,8.788415
960,9.366254
961,9.312243
962,9.148456
963,8.978846
964,8.912668
965,9.410931
966,9.407105
967,9.385439
968,9.122477
969,8.65786
970,7.609861
971,8.927541
972,8.567824
973,9.128796
974,9.013961
975,9.128744
976,8.722089
977,8.647294
978,9.318361
979,8.517176
980,8.240347
981,8.162767
982,8.318496
983,8.019471
984,8.385111
985,9.071016
986,9.045339
987,9.319245
988,8.794218
989,8.469796
990,8.700424
991,8.407574
992,8.935463
993,8.425206
994,8.68936
995,8.507056
996,8.027396
997,8.275982
998,8.068447
999,8.717035
1000,8.466158
1001,8.754341
1002,8.243567
1003,8.065908
1004,7.970962
1005,8.03444
1006,8.276312
1007,8.167146
1008,8.033987
1009,7.830304
1010,7.910405
1011,8.01335
1012,7.708132
1013,8.514263
1014,8.192674
1015,8.179534
1016,7.766474
1017,7.623868
1018,7.793614
1019,7.658074
1020,8.191936
1021,8.067424
1022,7.68799
1023,8.047273
1024,7.468555
1025,7.457474
1026,7.523395
1027,7.874772
1028,7.419953
1029,7.276669
1030,7.727414
1031,7.278885
1032,7.160649
1033,7.686696
1034,7.219144
1035,7.664009
1036,7.442568
1037,7.642131
1038,7.336361
1039,7.507781
1040,7.268524
1041,7.491836
1042,7.728347
1043,7.310924
1044,7.191607
1045,7.623805
1046,7.16297
1047,7.158917
1048,7.523946
1049,7.314695
1050,7.247072
1051,7.501253
1052,7.24868
1053,7.10405
1054,7.456895
1055,7.248501
1056,7.105843
1057,7.382013
1058,6.794853
1059,6.624729
1060,6.833377
1061,6.916004
1062,7.505596
1063,7.169021
1064,7.101987
1065,7.357979
1066,7.152076
1067,7.032605
1068,7.412512
1069,7.223158
1070,7.172775
1071,7.080833
1072,7.505432
1073,7.278297
1074,7.003237
1075,7.367166
1076,7.345761
1077,7.275433
1078,7.331672
1079,7.149114
1080,7.143031
1081,7.134567
1082,7.287406
1083,7.342669
1084,7.460804
1085,7.245724
1086,7.043768
1087,6.938412
1088,7.251341
1089,6.292281
1090,6.725857
1091,6.847733
1092,7.030884
1093,7.036874
1094,7.098937
1095,7.070488
1096,7.0235
1097,7.03119
1098,7.49221
1099,7.17181
1100,7.47888
1101,7.22048
1102,7.31003
1103,7.21499
1104,7.50351
1105,7.36366
1106,7.44928
1107,7.50065
1108,7.0621
1109,7.1765
1110,7.25297
1111,7.93551
1112,7.61916
1113,7.76083
1114,7.7268
1115,7.91894
1116,7.91072
1117,7.47887
1118,8.34271
1119,8.35449
1120,7.95936
1121,8.71656
1122,8.51998
1123,7.42448
1124,7.84615
1125,7.9151
1126,7.53337
1127,7.5339
1128,7.70921
1129,7.20884
1130,7.45711
1131,7.63704
1132,7.74672
1133,7.43059
1134,7.52916
1135,7.39349
1136,7.38185
1137,7.42097
1138,7.3705
1139,7.8242
1140,7.41054
1141,7.36943
1142,7.35418
1143,7.39375
1144,7.16501
1145,6.87054
1146,7.18783
1147,7.53688
1148,7.04843
1149,7.23759
1150,7.2659
1151,7.09881
1152,7.30293
1153,7.62157
1154,7.27869
1155,7.35103
1156,7.13844
1157,7.41701
1158,7.1327
1159,7.24406
1160,7.48935
1161,7.28971
1162,7.49196
1163,7.34059
1164,7.17954
1165,7.10229
1166,7.31577
1167,7.72997
1168,7.39002
1169,7.16317
1170,7.43071
1171,7.03985
1172,7.19418
1173,7.34309
1174,7.71823
1175,7.67747
1176,7.62889
1177,7.5674
1178,7.6122
1179,7.30889
1180,7.27402
1181,7.45396
1182,7.56428
1183,7.55519
1184,7.47777
1185,8.14839
1186,7.58669
1187,7.14082
1188,8.02967
1189,8.24426
1190,8.47608
1191,7.37866
1192,8.95367
1193,8.82485
1194,7.27555
1195,7.91347
1196,7.98763
1197,7.78688
1198,7.64305
1199,7.66114
1200,7.82113
1201,7.83188
1202,8.96758
1203,8.37393
1204,8.50472
1205,8.50405
1206,8.46391
1207,8.45639
1208,7.63931
1209,7.94944
1210,7.71784
1211,8.04873
1212,7.98015
1213,8.05825
1214,7.86742
1215,8.39591
1216,8.51837
1217,7.75198
1218,7.70511
1219,7.81748
1220,7.78787
1221,7.39053
1222,7.7184
1223,8.54441
1224,7.66069
1225,7.818
1226,8.01778
1227,7.69649
1228,8.15548
1229,8.02227
1230,8.48347
1231,8.1541
1232,7.848
1233,8.11414
1234,8.4626
1235,8.85229
1236,9.09229
1237,8.61799
1238,8.17481
1239,8.40337
1240,8.62859
1241,8.53148
1242,8.78316
1243,8.67647
1244,8.97077
1245,9.11204
1246,8.68073
1247,8.83739
1248,8.9346
1249,8.17483
1250,7.72125
1251,7.97607
1252,7.80663
1253,7.78564
1254,8.44936
1255,8.18038
1256,8.22004
1257,8.74772
1258,9.42825
1259,8.70932
1260,8.2888
1261,8.36365
1262,8.75776
1263,8.4709
1264,8.7354
1265,9.54349
1266,9.67117
1267,11.6036
1268,11.43227
1269,11.57358
1270,8.84718
1271,8.95587
1272,9.34309
1273,8.59438
1274,8.86248
1275,9.99145
1276,10.25509
1277,9.68865
1278,10.5859
1279,10.41989
1280,10.40523
1281,8.93559
1282,9.41862
1283,10.65768
1284,9.4877
1285,10.17803
1286,11.21387
1287,10.54334
1288,11.3528
1289,11.10141
1290,11.87324
1291,10.89049
1292,11.07247
1293,12.06962
1294,12.11728
1295,11.59204
1296,9.36514
1297,9.95489
1298,9.74423
1299,10.6369
1300,10.78543
1301,10.1555
1302,10.00894
1303,10.1065
1304,9.82759
1305,9.32656
1306,8.6813
1307,9.66293
1308,9.44584
1309,9.47898
1310,9.33902
1311,10.40449
1312,10.0617
1313,10.03742
1314,10.07754
1315,10.4124
1316,10.61843
1317,10.66471
1318,10.37623
1319,8.89907
1320,8.96324
1321,10.05677
1322,9.81018
1323,9.96145
1324,9.26079
1325,10.04128
1326,8.65364
1327,8.26027
1328,10.02214
1329,9.56166
1330,10.11687
1331,10.30882
1332,10.11316
1333,9.55115
1334,9.95384
1335,10.11427
1336,9.81228
1337,10.06768
1338,9.99779
1339,10.09195
1340,9.60438
1341,8.95143
1342,9.75929
1343,9.86404
1344,8.70139
1345,8.68857
1346,9.47862
1347,8.72273
1348,8.27657
1349,9.62656
1350,8.83306
1351,9.50161
1352,10.05389
1353,9.5813
1354,8.60873
1355,9.25874
1356,9.31063
1357,8.6909
1358,8.79471
1359,8.61468
1360,8.72141
1361,8.35461
1362,8.37455
1363,9.10536
1364,8.6236
1365,8.91004
1366,8.69462
1367,8.68152
1368,7.95001
1369,7.98523
1370,8.51774
1371,8.22684
1372,8.41989
1373,8.29831
1374,8.39215
1375,7.92265
1376,7.6574
1377,8.25654
1378,8.05556
1379,7.74923
1380,7.75362
1381,7.72632
1382,7.15873
1383,6.89337
1384,8.0745
1385,8.24802
1386,7.44532
1387,7.82306
1388,7.74157
1389,7.71119
1390,7.97451
1391,7.90509
1392,7.68209
1393,8.12732
1394,7.68857
1395,7.85019
1396,7.68791
1397,7.70014
1398,7.56268
1399,7.52005
1400,7.74307
1401,7.52648
1402,7.41977
1403,7.63585
1404,7.54471
1405,7.5346
1406,7.58717
1407,7.64512
1408,7.2855
1409,7.49193
1410,7.67684
1411,7.361
1412,7.83845
1413,7.62732
1414,7.765
1415,7.53751
1416,7.38838
1417,7.72277
1418,7.71671
1419,7.60234
1420,7.691
1421,7.51293
1422,7.19554
1423,6.64858
1424,7.25079
1425,7.46607
1426,7.58601
1427,7.48379
1428,7.89965
1429,7.78
1430,7.47923
1431,7.33146
1432,7.54808
1433,7.55367
1434,7.68787
1435,7.77425
1436,7.53894
1437,7.44558
1438,7.25745
1439,7.52064
1440,7.47653
1441,7.42993
1442,7.41872
1443,7.2792
1444,7.43339
1445,7.07476
1446,7.19734
1447,7.42648
1448,7.33047
1449,7.65129
1450,7.651
1451,7.20518
1452,7.3203
1453,7.42444
1454,7.50671
1455,6.59998
1456,7.34331
1457,7.29378
1458,7.77347
1459,7.17139
1460,7.12464
1461,7.0235
1462,7.382
1463,7.598
1464,7.9142
1465,7.613
1466,7.4113
1467,8.0273
1468,7.7657
1469,7.5912
1470,7.8036
1471,7.6444
1472,7.8975
1473,7.5624
1474,7.517
1475,7.8188
1476,8.0291
1477,7.6636
1478,7.654
1479,7.568
1480,7.7249
1481,7.4915
1482,7.5832
1483,7.7333
1484,8.1427
1485,7.801
1486,7.7528
1487,7.7132
1488,8.309
1489,7.8989
1490,7.8761
1491,8.0918
1492,8.4237
1493,7.7193
1494,7.8701
1495,7.816
1496,7.9133
1497,7.8444
1498,7.9367
1499,7.5565
1500,7.9137
1501,6.967
1502,7.806
1503,7.9267
1504,7.8468
1505,7.5799
1506,7.5732
1507,7.75
1508,7.7386
1509,7.5751
1510,7.5895
1511,7.8298
1512,7.8538
1513,7.9904
1514,7.3251
1515,7.3486
1516,7.3899
1517,7.8543
1518,7.4796
1519,7.4572
1520,7.6212
1521,7.6323
1522,7.4161
1523,7.3945
1524,7.5301
1525,7.4563
1526,7.4211
1527,7.3262
1528,7.2672
1529,7.2501
1530,7.5515
1531,7.6539
1532,7.1838
1533,7.5339
1534,7.4154
1535,7.5927
1536,7.2959
1537,7.3208
1538,7.482
1539,7.6645
1540,7.3016
1541,7.5614
1542,7.542
1543,7.333
1544,7.3895
1545,7.4901
1546,7.6
1547,7.6545
1548,7.3564
1549,7.4456
1550,7.3026
1551,7.5324
1552,7.3701
1553,7.6307
1554,7.583
1555,7.6071
1556,7.2901
1557,7.2344
1558,7.6683
1559,7.6492
1560,7.3709
1561,7.5144
1562,7.602
1563,7.258
1564,7.2376
1565,7.1208
1566,7.2038
1567,7.6091
1568,7.6641
1569,7.407
1570,7.1953
1571,7.1169
1572,7.269
1573,7.4991
1574,7.3634
1575,7.5059
1576,7.6253
1577,7.6313
1578,7.6055
1579,7.7076
1580,8.109
1581,8.0205
1582,8.3672
1583,8.372
1584,8.2676
1585,8.4992
1586,8.2315
1587,8.6801
1588,8.8341
1589,8.6869
1590,8.1739
1591,8.5628
1592,7.8482
1593,8.0126
1594,8.5736
1595,8.304
1596,8.6721
1597,8.6982
1598,9.3164
1599,8.7132
1600,8.8369
1601,8.7823
1602,8.88
1603,8.2644
1604,8.3161
1605,8.2089
1606,7.2341
1607,7.1824
1608,8.288
1609,8.6569
1610,8.354
1611,9.1853
1612,9.7929
1613,10.1362
1614,10.1902
1615,9.1971
1616,8.8939
1617,9.7541
1618,9.1619
1619,8.2786
1620,7.8307
1621,8.6651
1622,8.87
1623,7.8831
1624,8.2978
1625,8.1725
1626,7.9228
1627,8.0771
1628,8.2575
1629,9.1254
1630,8.1841
1631,8.4715
1632,8.5137
1633,9.0827
1634,9.3159
1635,9.3458
1636,10.9029
1637,9.8261
1638,9.8738
1639,8.6088
1640,8.7523
1641,8.5763
1642,8.7246
1643,9.3581
1644,8.6522
1645,9.3229
1646,9.5897
1647,10.3495
1648,10.1356
1649,9.6983
1650,10.6303
1651,9.5309
1652,9.7726
1653,9.4183
1654,9.5374
1655,8.8038
1656,9.7728
1657,11.1361
1658,11.0256
1659,11.8951
1660,11.898
1661,12.4576
1662,11.2725
1663,10.893
1664,10.9789
1665,9.67
1666,9.198
1667,9.1891
1668,8.1422
1669,8.7216
1670,8.6432
1671,9.6645
1672,8.974
1673,9.7561
1674,9.5663
1675,9.2691
1676,8.541
1677,9.0419
1678,9.5891
1679,9.4403
1680,10.0089
1681,9.2881
1682,8.8441
1683,8.4602
1684,8.5452
1685,9.7003
1686,9.0671
1687,9.392
1688,9.6182
1689,9.6505
1690,9.4498
1691,9.1147
1692,10.1408
1693,10.1792
1694,10.5262
1695,10.2553
1696,10.0344
1697,9.4439
1698,9.6301
1699,9.8847
1700,9.951
1701,10.2271
1702,9.3105
1703,10.1003
1704,8.9039
1705,8.6403
1706,8.7304
1707,8.939
1708,9.615
1709,8.902
1710,9.1624
1711,8.7766
1712,9.2052
1713,9.6636
1714,9.1689
1715,10.3228
1716,10.5957
1717,9.16
1718,8.7218
1719,9.2027
1720,9.4609
1721,9.4242
1722,9.8359
1723,9.5601
1724,9.9365
1725,9.2388
1726,9.0705
1727,9.3834
1728,9.2458
1729,9.6127
1730,9.5917
1731,9.3935
1732,9.2803
1733,9.3563
1734,9.5525
1735,9.4882
1736,9.9572
1737,9.7931
1738,9.2045
1739,8.6038
1740,8.4539
1741,8.9897
1742,8.9423
1743,8.527
1744,8.8261
1745,8.6556
1746,8.2264
1747,8.2617
1748,8.8076
1749,8.7032
1750,8.7956
1751,8.5757
1752,8.3723
1753,8.4852
1754,8.2521
1755,8.6083
1756,8.7739
1757,8.4298
1758,8.7366
1759,7.8949
1760,8.0148
1761,8.2145
1762,8.2595
1763,7.969
1764,8.3849
1765,7.7325
1766,8.0832
1767,7.8644
1768,7.8596
1769,8.0622
1770,7.9288
1771,7.9126
1772,8.0509
1773,7.827
1774,7.5196
1775,7.6896
1776,8.0685
1777,7.8526
1778,7.961
1779,8.0653
1780,7.7332
1781,8.0947
1782,7.8401
1783,8.1317
1784,7.8852
1785,7.8474
1786,7.8288
1787,7.7025
1788,7.7005
1789,7.8992
1790,7.8453
1791,7.7586
1792,7.6565
1793,7.5842
1794,6.9851
1795,7.4459
1796,7.4603
1797,7.6769
1798,7.8213
1799,7.7566
1800,7.5405
1801,7.6141
1802,7.6557
1803,7.6411
1804,7.3785
1805,8.2476
1806,7.5571
1807,7.7432
1808,8.0985
1809,7.6172
1810,7.6306
1811,8.0822
1812,7.7104
1813,7.5934
1814,7.831
1815,7.656
1816,7.6328
1817,7.4933
1818,7.6756
1819,7.9714
1820,6.8411
1821,7.2875
1822,7.2845
1823,7.29
1824,7.3654
1825,7.76
1826,7.7159
1827,7.3047
1828,7.426
1829,7.5652
1830,8.2382
1831,8.2384
1832,8.6838
1833,8.2416
1834,7.9783
1835,8.3414
1836,7.7362
1837,7.6196
1838,8.1021
1839,8.0552
1840,7.7463
1841,7.6594
1842,8.1795
1843,7.4982
1844,7.355
1845,7.6478
1846,7.9347
1847,7.7235
1848,8.0973
1849,7.9579
1850,7.8526
1851,8.0108
1852,8.0769
1853,8.0146
1854,8.0602
1855,7.8753
1856,7.9173
1857,8.2702
1858,7.9433
1859,8.0594
1860,8.1522
1861,7.8206
1862,7.8092
1863,8.0521
1864,8.0271
1865,7.8287
1866,8.1881
1867,8.0098
1868,7.8478
1869,8.0042
1870,7.9325
1871,7.6544
1872,7.6241
1873,7.7042
1874,7.8627
1875,7.6408
1876,7.7368
1877,7.7857
1878,7.6506
1879,7.4704
1880,8.0443
1881,7.7134
1882,8.005
1883,7.8303
1884,7.6933
1885,7.9795
1886,7.8749
1887,7.4348
1888,7.9169
1889,7.9718
1890,7.626
1891,7.8036
1892,7.6695
1893,7.4374
1894,8.0359
1895,7.4827
1896,7.7168
1897,7.5443
1898,7.536
1899,8.1006
1900,7.3961
1901,7.6172
1902,7.8433
1903,7.5955
1904,7.7708
1905,7.7744
1906,7.4983
1907,7.8728
1908,7.6927
1909,7.5205
1910,8.0305
1911,7.8729
1912,7.5797
1913,7.7748
1914,7.3003
1915,7.31
1916,7.6331
1917,7.5998
1918,7.3596
1919,8.1365
1920,7.3963
1921,7.4831
1922,7.5342
1923,7.5175
1924,7.6577
1925,7.8225
1926,7.5572
1927,8.0733
1928,7.5112
1929,7.9561
1930,7.8826
1931,8.0198
1932,7.7112
1933,7.7758
1934,7.5936
1935,7.4296
1936,7.4621
1937,7.5978
1938,7.8264
1939,7.7215
1940,7.6477
1941,7.5258
1942,7.3979
1943,7.3037
1944,7.5704
1945,7.6893
1946,7.9899
1947,7.4058
1948,7.4438
1949,7.7554
1950,7.4747
1951,8.0393
1952,7.8945
1953,7.9484
1954,8.3897
1955,7.5903
1956,7.608
1957,8.1037
1958,8.905
1959,7.9841
1960,8.4357
1961,8.5277
1962,8.6359
1963,7.6807
1964,8.2462
1965,8.4435
1966,8.1824
1967,8.606
1968,8.4244
1969,7.8311
1970,7.8606
1971,7.4384
1972,8.3887
1973,8.5073
1974,7.7361
1975,8.2437
1976,8.4146
1977,8.0115
1978,8.8025
1979,9.4847
1980,9.3983
1981,8.4096
1982,8.3614
1983,8.2051
1984,8.5046
1985,9.3779
1986,9.334
1987,8.9591
1988,8.6976
1989,8.6439
1990,8.1805
1991,7.7013
1992,8.1793
1993,9.0788
1994,9.4528
1995,9.6583
1996,9.4113
1997,9.8849
1998,9.1381
1999,9.4751
2000,9.7129
2001,10.1886
2002,10.6284
2003,9.031
2004,9.1962
2005,9.3545
2006,9.9669
2007,11.1885
2008,10.6892
2009,11.5099
2010,10.01
2011,8.3937
2012,7.4018
2013,8.7194
2014,10.2756
2015,9.9231
2016,10.4545
2017,10.3727
2018,10.4308
2019,9.8905
2020,9.6859
2021,9.7062
2022,9.0386
2023,9.2144
2024,8.4714
2025,9.2315
2026,8.9886
2027,8.8713
2028,9.9574
2029,10.5854
2030,10.4147
2031,10.0715
2032,10.1399
2033,9.7529
2034,8.9842
2035,9.178
2036,8.9455
2037,9.2642
2038,9.5739
2039,9.8272
2040,8.322
2041,8.6273
2042,9.8405
2043,9.7975
2044,10.1587
2045,9.4175
2046,10.0868
2047,9.3911
2048,9.857
2049,10.4342
2050,10.0846
2051,8.6074
2052,8.8654
2053,8.7373
2054,9.0238
2055,9.0434
2056,9.8474
2057,9.6727
2058,9.8374
2059,9.7938
2060,9.0295
2061,9.1303
2062,8.9846
2063,10.5427
2064,10.2023
2065,10.7817
2066,9.6591
2067,9.8688
2068,9.3411
2069,9.3076
2070,9.1555
2071,10.2047
2072,9.6656
2073,9.8787
2074,10.4827
2075,9.8188
2076,9.0965
2077,9.4684
2078,9.6776
2079,9.6787
2080,9.6589
2081,9.6205
2082,9.0939
2083,8.7152
2084,9.1823
2085,9.109
2086,9.4726
2087,9.0892
2088,9.4644
2089,9.3211
2090,8.9548
2091,9.5862
2092,9.3642
2093,9.294
2094,9.3863
2095,9.6354
2096,9.7151
2097,9.5478
2098,10.0216
2099,8.7286
2100,8.2994
2101,8.2426
2102,8.1036
2103,7.4334
2104,8.3781
2105,8.3121
2106,8.468
2107,8.5496
2108,8.5353
2109,8.0872
2110,7.9065
2111,7.4086
2112,7.9708
2113,8.5423
2114,8.5531
2115,8.1196
2116,7.7995
2117,7.8761
2118,7.6072
2119,7.7402
2120,8.1865
2121,7.8334
2122,7.5318
2123,7.9193
2124,7.4425
2125,7.4814
2126,7.9793
2127,7.5563
2128,7.8874
2129,7.7288
2130,7.1355
2131,7.3903
2132,7.2414
2133,7.4814
2134,7.7093
2135,7.6835
2136,7.3942
2137,7.5419
2138,7.5231
2139,7.242
2140,7.6816
2141,7.6763
2142,7.6452
2143,7.4131
2144,7.2685
2145,7.6638
2146,7.2891
2147,7.3994
2148,7.8383
2149,7.5788
2150,7.398
2151,7.6031
2152,7.3668
2153,7.1905
2154,7.8518
2155,7.2571
2156,7.3013
2157,7.3703
2158,6.484
2159,7.3267
2160,7.1063
2161,7.363
2162,7.4635
2163,7.2741
2164,7.4196
2165,7.5906
2166,7.0939
2167,7.6232
2168,7.3721
2169,7.3967
2170,7.4778
2171,7.408
2172,7.282
2173,7.4393
2174,7.4282
2175,7.2187
2176,7.4075
2177,7.56
2178,7.4081
2179,7.1726
2180,7.4016
2181,7.034
2182,7.1309
2183,6.8807
2184,7.2097
2185,6.4456
2186,6.9717
2187,6.5119
2188,6.7739
2189,6.8579
2190,7.1417
2191,7.4567
2192,6.7813
2193,6.9215
2194,6.6928
2195,6.7108
2196,7.2615
2197,7.1831
2198,7.5353
2199,7.3443
2200,7.612
2201,7.0727
2202,7.4626
2203,7.5905
2204,7.9218
2205,7.5835
2206,7.5805
2207,7.3145
2208,7.2208
2209,7.403
2210,8.2227
2211,7.5927
2212,7.4297
2213,7.2869
2214,7.3136
2215,7.0017
2216,7.7338
2217,7.8061
2218,6.5403
2219,7.3373
2220,7.4004
2221,7.5117
2222,7.541
2223,7.6462
2224,7.0582
2225,7.5261
2226,7.5345
2227,7.8893
2228,7.4573
2229,7.7689
2230,7.3355
2231,7.1125
2232,7.8227
2233,7.5493
2234,7.3316
2235,7.5169
2236,7.6711
2237,7.1314
2238,8.2525
2239,7.7794
2240,7.5905
2241,7.9226
2242,7.8525
2243,7.6435
2244,7.9792
2245,7.991
2246,8.1452
2247,7.9765
2248,7.9507
2249,7.9559
2250,7.7846
2251,7.9143
2252,7.7894
2253,8.0799
2254,8.0216
2255,8.154
2256,7.7912
2257,7.8127
2258,7.7237
2259,7.9314
2260,7.7421
2261,7.8972
2262,7.6926
2263,7.7062
2264,7.339
2265,7.5401
2266,7.9695
2267,7.7535
2268,7.446
2269,7.6313
2270,7.7689
2271,7.3128
2272,7.7886
2273,7.7294
2274,7.796
2275,7.7439
2276,7.9235
2277,7.6094
2278,7.5897
2279,7.672
2280,8.1351
2281,8.0348
2282,7.8784
2283,7.6747
2284,7.732
2285,7.5235
2286,7.9708
2287,7.7737
2288,7.7702
2289,7.9069
2290,7.2146
2291,7.633
2292,7.8144
2293,7.8477
2294,8.295
2295,7.9034
2296,7.9126
2297,7.587
2298,7.7627
2299,7.8744
2300,7.495
2301,7.4297
2302,7.6387
2303,7.9327
2304,7.8236
2305,7.5428
2306,7.5362
2307,7.4315
2308,7.8153
2309,7.9091
2310,7.8836
2311,7.8617
2312,7.7347
2313,7.6847
2314,8.3573
2315,8.4195
2316,8.3743
2317,8.4777
2318,9.0342
2319,8.9619
2320,8.2788
2321,9.0587
2322,9.2033
2323,9.1932
2324,8.4975
2325,9.1104
2326,9.6765
2327,8.8528
2328,9.3785
2329,9.4039
2330,8.9934
2331,9.1047
2332,8.791
2333,9.7347
2334,9.2396
2335,9.5717
2336,10.1549
2337,10.5343
2338,11.8176
2339,10.3279
2340,10.7205
2341,10.3056
2342,8.9439
2343,8.345
2344,7.9923
2345,8.6087
2346,8.2447
2347,9.2813
2348,9.0521
2349,9.6287
2350,9.6997
2351,9.7163
2352,10.1308
2353,10.7652
2354,10.8778
2355,10.2079
2356,10.4392
2357,8.8961
2358,8.4769
2359,9.1914
2360,9.942
2361,10.062
2362,9.1555
2363,8.6302
2364,9.0648
2365,9.1371
2366,10.0015
2367,10.0966
2368,9.8771
2369,9.0539
2370,7.8985
2371,8.416
2372,8.9404
2373,9.0622
2374,9.0153
2375,9.1971
2376,8.154
2377,9.2151
2378,10.0427
2379,9.9525
2380,10.5623
2381,9.6002
2382,8.7989
2383,9.5078
2384,9.5446
2385,10.512
2386,9.9569
2387,9.8986
2388,9.3939
2389,9.9152
2390,9.0758
2391,9.2633
2392,10.3893
2393,10.7871
2394,10.3231
2395,9.9831
2396,10.526
2397,8.9404
2398,8.9864
2399,10.3017
2400,10.4476
2401,11.2471
2402,10.9956
2403,10.3017
2404,10.3231
2405,10.0147
2406,11.2217
2407,10.3722
2408,9.3886
2409,10.3604
2410,10.1632
2411,9.6318
2412,9.5564
2413,10.4848
2414,8.8843
2415,9.432
2416,9.3619
2417,10.1374
2418,9.7089
2419,9.2396
2420,11.0342
2421,11.0149
2422,10.4467
2423,10.526
2424,9.8679
2425,8.6079
2426,8.4444
2427,8.9908
2428,9.3246
2429,10.1133
2430,9.8381
2431,10.0944
2432,9.3956
2433,9.8872
2434,10.5382
2435,10.8883
2436,10.9716
2437,10.8445
2438,9.6379
2439,9.6142
2440,9.4504
2441,10.7521
2442,11.4955
2443,11.4815
2444,10.2732
2445,9.0578
2446,9.0578
2447,8.8449
2448,9.3855
2449,9.7474
2450,10.4243
2451,10.3976
2452,10.4414
2453,9.9709
2454,9.6304
2455,10.2592
2456,9.8854
2457,9.9095
2458,9.9866
2459,9.9218
2460,9.1393
2461,9.5731
2462,9.9468
2463,9.4986
2464,8.5233
2465,8.0208
2466,8.2135
2467,7.6247
2468,8.1864
2469,8.575
2470,8.5259
2471,8.9908
2472,8.2762
2473,8.5356
2474,8.0576
2475,7.8828
2476,8.7007
2477,8.416
2478,8.3691
2479,8.1842
2480,8.4479
2481,7.6681
2482,8.3143
2483,8.2026
2484,8.2806
2485,7.8368
2486,8.4624
2487,7.8368
2488,7.7553
2489,7.796
2490,7.7978
2491,7.8254
2492,7.6904
2493,7.566
2494,7.6063
2495,7.5529
2496,7.2383
2497,7.8736
2498,7.3929
2499,7.9134
2500,7.7088
2501,7.8828
2502,7.1204
2503,7.7071
2504,7.1704
2505,7.5244
2506,7.0836
2507,7.8968
2508,7.2137
2509,7.1441
2510,7.0297
2511,7.3215
2512,6.9298
2513,7.2028
2514,7.1594
2515,7.2562
2516,7.0503
2517,7.4297
2518,7.0109
2519,7.1559
2520,7.0367
2521,6.9044
2522,6.5417
2523,6.578
2524,6.9964
2525,7.1502
2526,6.9478
2527,7.0249
2528,7.29
2529,6.9079
2530,7.0486
2531,7.0385
2532,7.1866
2533,7.1748
2534,7.0197
2535,7.2497
2536,7.2028
2537,7.109
2538,7.3921
2539,6.8667
2540,7.184
2541,6.9417
2542,6.9609
2543,6.7152
2544,7.1099
2545,6.9154
2546,7.1844
2547,6.9737
2548,6.9684
2549,6.6245
2550,6.1171
2551,6.2656
2552,6.3309
2553,6.5907
2554,6.5434
2555,6.8838
2556,7.1226
2557,6.23890598
2558,6.570943273
2559,7.077197184
2560,7.117883338
2561,7.35045561
2562,6.72033862
2563,7.216772227
2564,7.275656211
2565,6.704338809
2566,6.835500996
2567,7.228368689
2568,7.399747951
2569,6.966783057
2570,7.412252301
2571,6.971235397
2572,7.211866312
2573,7.06120216
2574,7.294843297
2575,7.430117531
2576,7.308231145
2577,7.804453035
2578,7.176191942
2579,7.14944195
2580,7.36938474
2581,7.734163647
2582,7.357776961
2583,7.149887742
2584,7.569541965
2585,7.399747951
2586,7.11422869
2587,7.213650261
2588,7.618998331
2589,7.25107369
2590,7.662700294
2591,7.235282408
2592,7.181408768
2593,6.990292969
2594,7.599499958
2595,7.485781848
2596,7.260308375
2597,7.129338137
2598,7.459644654
2599,7.453345625
2600,7.595967276
2601,7.557515794
2602,8.064684413
2603,9.130631351
2604,8.302776511
2605,8.17023582
2606,8.644989115
2607,7.69384093
2608,7.483011529
2609,9.26096334
2610,7.960329927
2611,7.391084856
2612,7.453390298
2613,7.38010044
2614,6.98103103
2615,7.531544455
2616,7.499455489
2617,7.252545847
2618,7.222927156
2619,7.791153649
2620,7.210082384
2621,7.147658793
2622,7.16758682
2623,7.43851495
2624,7.204730732
2625,7.239966083
2626,7.652724174
2627,7.227922654
2628,7.107097938
2629,6.908915172
2630,7.277485567
2631,7.365098683
2632,7.136425414
2633,7.147302165
2634,7.160676343
2635,6.831497665
2636,7.250493754
2637,6.990604679
2638,6.822957598
2639,7.270302129
2640,7.512996345
2641,6.802765919
2642,6.970523014
2643,7.420693347
2644,7.078623011
2645,6.921421566
2646,7.587516019
2647,7.10790013
2648,7.713709995
2649,6.428002085
2650,7.201876599
2651,7.299841282
2652,7.279448805
2653,7.377287492
2654,6.780620602
2655,7.466882174
2656,7.044763441
2657,6.907580034
2658,7.310551831
2659,7.499366114
2660,7.161166753
2661,7.737117804
2662,6.734206567
2663,7.486228678
2664,7.310864234
2665,6.947238914
2666,7.250092261
2667,7.591585081
2668,7.754888771
2669,7.528192211
2670,7.358982341
2671,7.236620585
2672,7.830831507
2673,7.201742813
2674,7.502538939
2675,7.518180638
2676,8.26710314
2677,7.114897216
2678,7.230063635
2679,7.501600491
2680,7.8223218
2681,6.950711256
2682,6.830029805
2683,7.87141621
2684,7.147658793
2685,7.47322647
2686,7.466926851
2687,7.807319056
2688,8.492116335
2689,8.950218347
2690,7.910533358
2691,8.255872768
2692,8.457251554
2693,8.449424985
2694,8.260814026
2695,8.720403587
2696,9.423824264
2697,8.372396031
2698,8.557774547
2699,8.077470386
2700,9.676772306
2701,8.254704859
2702,9.348910516
2703,10.41786252
2704,9.903302657
2705,9.384031539
2706,9.143465076
2707,7.521890203
2708,9.886406573
2709,10.0081282
2710,9.449996384
2711,9.459279989
2712,9.202903319
2713,9.207243469
2714,8.498820319
2715,9.468156562
2716,9.112015388
2717,9.029582015
2718,9.147532333
2719,9.19517274
2720,8.197039694
2721,10.03954014
2722,9.844719554
2723,10.1077508
2724,10.95298178
2725,10.48961923
2726,10.11934969
2727,9.85280175
2728,11.44295203
2729,10.20184138
2730,10.73231269
2731,11.00472181
2732,10.96432557
2733,10.70801668
2734,10.80842279
2735,11.78868529
2736,9.97008809
2737,10.69988844
2738,10.47183643
2739,11.30925088
2740,8.469621981
2741,9.563975696
2742,10.39730828
2743,9.836773999
2744,11.57135096
2745,10.75186194
2746,10.34477325
2747,8.673231233
2748,8.72738836
2749,9.878367976
2750,10.59407843
2751,12.23940641
2752,10.97470953
2753,10.9251748
2754,11.28921727
2755,10.82162945
2756,11.47571863
2757,11.09163527
2758,11.34166782
2759,11.00408124
2760,12.74775523
2761,10.64382457
2762,11.1338513
2763,11.44832087
2764,12.67030732
2765,11.86343779
2766,12.39755818
2767,10.41325922
2768,10.33712007
2769,9.365383778
2770,10.00721912
2771,9.640675369
2772,10.20602859
2773,10.85942788
2774,11.03840117
2775,10.18800619
2776,10.44224868
2777,11.6217392
2778,11.4882489
2779,10.62492824
2780,10.08564715
2781,11.30581243
2782,9.90248506
2783,9.66366575
2784,10.71345098
2785,10.56195752
2786,10.41572037
2787,10.83451734
2788,11.36863369
2789,10.03413009
2790,10.28574447
2791,9.758339973
2792,10.09506127
2793,10.70098435
2794,11.07030278
2795,10.50443983
2796,10.25423549
2797,10.1346798
2798,11.41689062
2799,10.80467578
2800,10.48432977
2801,10.29061711
2802,9.755163535
2803,9.847534651
2804,9.060020559
2805,9.497054378
2806,9.484008902
2807,9.001587694
2808,9.405624223
2809,9.892310901
2810,9.329045466
2811,9.80104692
2812,9.861020611
2813,9.965816566
2814,10.55675676
2815,9.615240434
2816,9.845264407
2817,9.681761262
2818,9.341760602
2819,9.317779226
2820,9.149023689
2821,9.159147227
2822,9.812849077
2823,9.489670861
2824,8.713374084
2825,8.831658529
2826,9.066434225
2827,9.125615655
2828,8.343492502
2829,8.688863568
2830,8.63260393
2831,7.900181751
2832,7.994134944
2833,7.966381974
2834,8.412142061
2835,8.649222836
2836,8.646880763
2837,8.333424803
2838,8.104840614
2839,8.081687759
2840,7.510940556
2841,8.20332607
2842,8.602073269
2843,8.958297229
2844,8.645259349
2845,8.112918055
2846,8.906130775
2847,8.621030353
2848,8.451089221
2849,9.088387326
2850,8.408859459
2851,8.14078865
2852,8.175039504
2853,7.723004637
2854,8.390117888
2855,7.934962739
2856,8.240421974
2857,7.615132391
2858,7.797245047
2859,6.911939421
2860,7.460831993
2861,7.11258798
2862,7.570574742
2863,7.698512691
2864,7.452805297
2865,7.149547344
2866,6.905505637
2867,7.070715216
2868,7.619889093
2869,7.918857345
2870,7.773202909
2871,7.648016855
2872,7.273243628
2873,8.150844659
2874,7.113876565
2875,7.774913468
2876,7.651342665
2877,7.81329076
2878,7.714316455
2879,7.277159797
2880,7.372470584
2881,7.502587211
2882,8.136383898
2883,7.202770731
2884,7.227547477
2885,6.875959884
2886,6.657565096
2887,6.292039696
2888,7.355782052
2889,7.065700503
2890,7.040675553
2891,8.170730539
2892,7.094308034
2893,6.852850053
2894,7.314880903
2895,7.293906194
2896,7.317960425
2897,7.014341169
2898,6.815085174
2899,7.206692981
2900,7.228591707
2901,7.303456003
2902,6.787068183
2903,7.440971734
2904,6.812372179
2905,7.588365594
2906,6.979650696
2907,7.08423734
2908,6.785289511
2909,7.478185938
2910,7.092659244
2911,7.225781705
2912,7.203928002
2913,6.505290627
2914,7.182211373
2915,6.520691213
2916,6.316358083
2917,5.878475913
2918,6.864328273
2919,7.058573621
2920,6.50750963
2921,6.811438209
2922,6.70185011
2923,6.494551143
2924,6.835767889
2925,6.560021271
2926,6.898679432
2927,7.149754005
2928,6.963443893
2929,6.160433421
2930,6.784622515
2931,7.525286996
2932,7.304393168
2933,6.741363308
2934,7.19153084
2935,6.451601271
2936,6.841906558
2937,6.937267527
2938,6.902284109
2939,7.169548564
2940,6.699317014
2941,6.74923169
2942,6.596520001
2943,7.40863486
2944,6.501873431
2945,7.091188717
2946,6.600472369
2947,7.691603593
2948,7.268919024
2949,7.614525995
2950,7.400417799
2951,6.999867234
2952,7.062093201
2953,8.008125517
2954,7.885529434
2955,6.883505175
2956,6.667901459
2957,6.831453184
2958,7.353982312
2959,6.510571909
2960,6.760835006
2961,6.930813203
2962,6.645643685
2963,6.764036086
2964,6.81481832
2965,7.026233152
2966,6.425917382
2967,7.474343453
2968,6.92013082
2969,6.498056919
2970,7.003118176
2971,6.722205381
2972,6.669856399
2973,6.781109719
2974,7.150511854
2975,6.407156425
2976,7.018839519
2977,7.535343758
2978,6.582976199
2979,6.550698271
2980,6.936777879
2981,6.804989533
2982,6.994968693
2983,6.922712324
2984,6.570588073
2985,6.606201275
2986,6.987665724
2987,7.074434686
2988,6.616460586
2989,6.849646993
2990,6.902551126
2991,6.758789909
2992,6.655106148
2993,6.901839083
2994,6.823980601
2995,6.824469865
2996,7.089896449
2997,7.094887343
2998,6.894273837
2999,6.728339195
3000,6.897255386
3001,7.364875454
3002,7.037992482
3003,7.220830883
3004,6.945280195
3005,7.065345547
3006,6.757322792
3007,6.903085161
3008,6.869177874
3009,6.983034765
3010,7.476443403
3011,6.974040442
3012,6.892671836
3013,6.442019177
3014,6.880434919
3015,7.394925133
3016,6.875273477
3017,6.867398185
3018,7.084638372
3019,6.995592135
3020,6.942564741
3021,7.497891445
3022,7.830025303
3023,7.996915015
3024,8.313471228
3025,7.452630859
3026,6.837369256
3027,6.954895984
3028,7.008640492
3029,7.817261
3030,8.231663015
3031,7.928684054
3032,6.83389965
3033,6.499876406
3034,6.682164245
3035,6.933127824
3036,7.315461098
3037,6.798051971
3038,7.137049468
3039,6.954895984
3040,7.352643048
3041,7.610724619
3042,6.667990319
3043,7.288551437
3044,6.842885211
3045,7.992969123
3046,7.05407403
3047,6.997507007
3048,6.73989637
3049,7.017147054
3050,7.353312678
3051,7.237378891
3052,7.512996345
3053,7.285115572
3054,7.18051699
3055,7.345500515
3056,6.04024002
3057,7.374251356
3058,7.747368298
3059,8.329110287
3060,8.671744671
3061,9.340448314
3062,7.663818736
3063,8.055802185
3064,7.601243972
3065,8.262565966
3066,8.009829589
3067,7.718319648
3068,7.02079924
3069,7.813723023
3070,6.434212019
3071,7.548977371
3072,7.211866312
3073,8.591627653
3074,7.650621671
3075,7.999381252
3076,8.255154054
3077,7.393406872
3078,7.40081971
3079,7.410867837
3080,7.946747359
3081,7.883065122
3082,8.104257261
3083,8.148194773
3084,9.622856858
3085,9.9510035
3086,10.34800775
3087,9.450494514
3088,9.415357799
3089,8.987592519
3090,7.897806811
3091,8.097391815
3092,9.430253667
3093,8.718601118
3094,9.293756483
3095,9.347281392
3096,9.739146243
3097,9.111608754
3098,8.603514102
3099,9.475810767
3100,8.29473352
3101,9.334927779
3102,8.741494106
3103,8.731399122
3104,8.631162813
3105,8.935460858
3106,9.175644651
3107,8.902521321
3108,9.37420949
3109,9.915657989
3110,8.860387467
3111,7.768498234
3112,8.228743742
3113,9.977540827
3114,8.381252529
3115,9.658087877
3116,8.03741141
3117,7.934779609
3118,8.136749104
3119,8.478799262
3120,10.18172616
3121,9.599238142
3122,9.703487844
3123,10.02435612
3124,10.34363436
3125,9.732748881
3126,9.316783857
3127,9.137997051
3128,7.759275893
3129,8.4997652
3130,8.772233984
3131,8.80514447
3132,8.78900389
3133,8.390109561
3134,9.672055627
3135,10.11525586
3136,9.793693739
3137,8.455317363
3138,9.246762763
3139,8.863995892
3140,7.929311525
3141,8.742170134
3142,8.701884272
3143,9.984903041
3144,9.408385778
3145,9.827557685
3146,8.783639116
3147,9.007637631
3148,9.770910252
3149,9.647612921
3150,9.567148069
3151,10.1722611
3152,9.594297272
3153,8.312662357
3154,9.452124769
3155,10.33374915
3156,10.21130829
3157,9.430932845
3158,10.03772162
3159,9.588676664
3160,9.252415696
3161,9.384484184
3162,10.0490423
3163,9.214974677
3164,8.989669138
3165,9.680672749
3166,8.89282135
3167,8.746992558
3168,8.432558799
3169,7.865099304
3170,9.33483728
3171,9.069189477
3172,8.200901293
3173,8.26265581
3174,8.37617234
3175,8.355224041
3176,9.658450659
3177,9.188030224
3178,9.907708669
3179,8.995041399
3180,8.98786338
3181,8.175129294
3182,8.067017209
3183,9.143013166
3184,8.587575674
3185,8.163636625
3186,7.855960437
3187,8.254974376
3188,8.158608866
3189,8.595589696
3190,8.895844063
3191,8.986870223
3192,9.218003974
3193,9.36529326
3194,8.97012298
3195,7.667129374
3196,7.958716091
3197,8.27168538
3198,8.878159812
3199,8.550122663
3200,8.761235403
3201,8.72883042
3202,8.457701369
3203,7.965081884
3204,7.861515366
3205,8.109013903
3206,8.199464407
3207,8.280445941
3208,8.287904063
3209,7.871057796
3210,7.892788196
3211,8.140474459
3212,8.070561335
3213,8.481903472
3214,8.45918577
3215,7.979742196
3216,7.920437532
3217,7.588410308
3218,8.389435149
3219,7.767960994
3220,7.632863446
3221,7.680641139
3222,7.034161686
3223,6.995057756
3224,7.559795772
3225,7.188186465
3226,7.401221622
3227,6.897677636
3228,7.239140056
3229,7.51796295
3230,6.720604629
3231,6.773099855
3232,7.649041798
3233,6.810916746
3234,6.837908402
3235,6.701571758
3236,7.240653006
3237,6.570837345
3238,7.624557502
3239,6.710843926
3240,7.031987907
3241,7.09111141
3242,6.608389165
3243,7.207727012
3244,6.657347126
3245,6.59907805
3246,7.484450797
3247,6.824634029
3248,6.553682331
3249,7.070704902
3250,5.636276176
3251,6.911223996
3252,6.17815466
3253,7.037010415
3254,6.961332341
3255,7.119746729
3256,7.009232846
3257,6.261594865
3258,6.827253308
3259,6.888395649
3260,6.895146137
3261,6.620538694
3262,6.889017393
3263,6.461774133
3264,7.405463752
3265,6.243231073
3266,6.575891079
3267,7.150076756
3268,7.077862473
3269,7.647436167
3270,6.766975347
3271,7.368143115
3272,7.324018684
3273,7.87946582
3274,6.993057199
3275,7.942624367
3276,7.710244948
3277,7.308704593
3278,6.426335395
3279,6.343038211
3280,6.659076868
3281,5.918753051
3282,6.260842576
3283,6.705209584
3284,7.2303741
3285,6.939963482
3286,7.154302026
3287,6.841193852
3288,8.198916276
3289,8.077136626
3290,8.197547242
3291,7.909399175
3292,8.552374646
3293,8.31448938
3294,8.692940742
3295,8.76378601
3296,8.332094006
3297,8.466340333
3298,8.288937549
3299,8.474282346
3300,8.062277775
3301,8.225688331
3302,8.4032495
3303,8.418445732
3304,7.916400226
3305,7.99276632
3306,8.081411899
3307,7.73445322
3308,8.154717522
3309,7.792830175
3310,8.186027029
3311,7.847270104
3312,8.035067157
3313,7.728239385
3314,7.982750118
3315,7.754404215
3316,7.952938292
3317,7.787493612
3318,8.10426291
3319,7.729426519
3320,7.911141891
3321,7.641825521
3322,7.934102808
3323,7.763162119
3324,7.988265292
3325,7.420233648
3326,7.949660855
3327,7.59961999
3328,7.491038812
3329,7.596913734
3330,7.615809842
3331,7.762472342
3332,7.636019353
3333,7.730702432
3334,7.428441556
3335,7.564654138
3336,7.294972568
3337,7.538905131
3338,7.475179055
3339,7.627177956
3340,6.973980296
3341,7.791249143
3342,7.237550033
3343,7.55519323
3344,7.480240344
3345,7.516676269
3346,7.382049055
3347,7.864183417
3348,7.185198168
3349,7.402916144
3350,7.474542269
3351,7.317658816
3352,7.567751105
3353,7.26193787
3354,7.432201405
3355,7.023572409
3356,7.739305137
3357,7.106798689
3358,7.754856474
3359,6.588232988
3360,7.766439998
3361,7.226715529
3362,7.830559451
3363,7.26129168
3364,7.893982295
3365,7.172925695
3366,7.639821012
3367,7.53404426
3368,7.517825833
3369,7.535268826
3370,7.503070988
3371,7.499087348
3372,7.942945204
3373,7.1981809
3374,8.04347119
3375,7.126154082
3376,7.817319627
3377,7.474864396
3378,7.706435946
3379,7.240676118
3380,7.83457302
3381,7.290656269
3382,8.143849767
3383,7.396326882
3384,7.670200284
3385,7.774964722
3386,7.861773028
3387,7.876131738
3388,7.962750742
3389,7.543584464
3390,8.03351161
3391,7.342528215
3392,7.192939946
3393,7.738359103
3394,7.558865479
3395,7.665217454
3396,7.248050204
3397,7.814132564
3398,7.23333013
3399,7.9143163
3400,7.820487384
3401,8.23687056
3402,7.797187554
3403,7.89101501
3404,7.558104451
3405,8.037221675
3406,7.596488906
3407,8.225447292
3408,7.393041119
3409,8.947288359
3410,8.4136063
3411,8.448993562
3412,8.085300229
3413,8.166694015
3414,8.01739469
3415,8.783097116
3416,8.411857805
3417,8.647786208
3418,8.512664361
3419,7.909994482
3420,7.606864964
3421,8.478452364
3422,8.748844156
3423,8.335521321
3424,8.160269068
3425,8.660642632
3426,8.090032863
3427,7.986890455
3428,8.820023614
3429,8.581482611
3430,9.223937436
3431,8.736087592
3432,9.774696118
3433,8.984777295
3434,8.110986941
3435,8.311561463
3436,9.414893854
3437,9.9601214
3438,9.58826858
3439,10.26761947
3440,9.228411684
3441,9.213708397
3442,8.515489985
3443,8.736523209
3444,8.237204582
3445,9.150875387
3446,9.768783968
3447,9.596647392
3448,9.768589659
3449,10.41187747
3450,10.22708449
3451,10.09192209
3452,10.06629279
3453,10.21248609
3454,10.20835122
3455,11.1032913
3456,12.06310564
3457,11.15073772
3458,12.07033185
3459,11.76475729
3460,12.08170757
3461,10.31057052
3462,10.62119697
3463,10.3561864
3464,11.21172236
3465,11.47271835
3466,10.1119073
3467,10.75455097
3468,11.44341134
3469,11.65660742
3470,12.74481901
3471,12.38807869
3472,12.57683098
3473,12.41722047
3474,11.51122474
3475,10.70327193
3476,11.48762487
3477,12.74941539
3478,13.03417938
3479,12.38080594
3480,11.86260217
3481,12.63125646
3482,11.79807669
3483,11.08874944
3484,12.7529417
3485,11.55398367
3486,10.64416191
3487,11.09133595
3488,11.62753646
3489,10.5256514
3490,9.773119385
3491,10.01760614
3492,10.33360204
3493,10.57894005
3494,9.471207499
3495,10.05246791
3496,9.969489052
3497,10.11574093
3498,11.26947685
3499,10.61904205
3500,11.31381193
3501,11.6659067
3502,11.84766734
3503,10.03048083
3504,10.50585234
3505,12.36810969
3506,12.11639167
3507,11.3071102
3508,10.55017952
3509,11.31701638
3510,10.19959848
3511,9.226075481
3512,10.4331139
3513,9.514649588
3514,10.38863052
3515,10.10970953
3516,10.62907376
3517,8.523686021
3518,8.879229902
3519,9.567367803
3520,9.733900098
3521,9.360470578
3522,8.948291132
3523,10.34694105
3524,9.513828486
3525,9.763681622
3526,11.06456359
3527,11.42833698
3528,11.66314955
3529,11.54321425
3530,11.63497291
3531,10.74547203
3532,11.11917946
3533,12.05487353
3534,12.96077702
3535,12.53882258
3536,12.14368762
3537,10.98279428
3538,10.3467964
3539,10.71820375
3540,10.88682045
3541,10.11447999
3542,9.825445043
3543,10.16259188
3544,9.329430198
3545,8.909899698
3546,9.309445622
3547,10.51887849
3548,8.976173534
3549,8.656486574
3550,9.29669491
3551,8.860552003
3552,9.05944782
3553,8.585030696
3554,10.20311912
3555,9.055120604
3556,9.60073388
3557,9.145000064
3558,9.223847056
3559,8.705714217
3560,9.098346249
3561,9.325386974
3562,8.265999492
3563,8.701880519
3564,8.248773555
3565,9.002215834
3566,8.204224777
3567,8.019131955
3568,8.63176925
3569,8.709337594
3570,9.147279881
3571,8.72112112
3572,7.970913356
3573,7.89336987
3574,7.990693269
3575,8.469897909
3576,7.808626075
3577,8.850001637
3578,8.001509022
3579,8.43911354
3580,7.825522937
3581,8.080290422
3582,8.011240459
3583,8.225355311
3584,8.292475166
3585,7.866483539
3586,7.753257002
3587,7.441706433
3588,8.025359691
3589,8.34735189
3590,8.47926374
3591,8.358122291
3592,8.47114005
3593,8.667495857
3594,8.550574561
3595,8.369773225
3596,8.106322565
3597,7.56899214
3598,8.221027452
3599,7.070778426
3600,7.806021768
3601,7.190573052
3602,7.646516971
3603,7.332584076
3604,7.634476167
3605,7.531340808
3606,7.568484908
3607,7.590737663
3608,7.686844245
3609,7.4323694
3610,7.325158502
3611,7.961075677
3612,7.722874905
3613,6.993067012
3614,7.117235577
3615,7.354101966
3616,8.034509266
3617,7.47596335
3618,7.756919703
3619,7.738566882
3620,7.731020009
3621,7.248700212
3622,7.395732282
3623,7.676403988
3624,7.492027253
3625,7.57815299
3626,7.538382024
3627,7.617913396
3628,7.345884599
3629,7.658572364
3630,7.434838786
3631,7.523554029
3632,7.656296089
3633,7.893809679
3634,7.120643684
3635,7.755675467
3636,7.477927625
3637,7.388441395
3638,7.37175116
3639,7.709616661
3640,7.272376034
3641,7.458836682
3642,7.144494031
3643,7.563810998
3644,6.567247851
3645,7.229864072
3646,6.416312926
3647,7.25595016
3648,7.128622955
3649,7.386140156
3650,6.872003708
3651,7.038485614
3652,7.420849313
