$Malagasco Daily Discharge,
Auto-Generated,
JDAY,Flow
1,0.0930743339
2,0.0814808643
3,0.0747043996
4,0.0671931376
5,0.0634375066
6,0.0602533846
7,0.0644988805
8,0.0840934772
9,0.0692342414
10,0.0570692627
11,0.0559262445
12,0.052415546
13,0.0482516942
14,0.0439245541
15,0.0391891932
16,0.0383727517
17,0.0373930219
18,0.0404138555
19,0.0415568737
20,0.0413119412
21,0.0391075491
22,0.037474666
23,0.0357601388
24,0.0351886298
25,0.0351069856
26,0.0331475259
27,0.0320045078
28,0.0328209493
29,0.0403322114
30,0.0400056348
31,0.0366582245
32,0.0345354765
33,0.0327393052
34,0.0336373909
35,0.0323310844
36,0.0312697104
37,0.0306165572
38,0.0306165572
39,0.0325760169
40,0.0397607023
41,0.0362500037
42,0.0351069856
43,0.0574774834
44,0.094707217
45,0.065805187
46,0.0529054109
47,0.0453125047
48,0.0410670087
49,0.0376379543
50,0.0419650944
51,0.0468637436
52,0.0412302971
53,0.0407404321
54,0.0511908837
55,0.0436796216
56,0.0403322114
57,0.0355968505
58,0.0418018061
59,0.1485923577
60,0.1200169043
61,0.0774803008
62,0.0704589037
63,0.0609065378
64,0.0526604784
65,0.0518440369
66,0.0629476416
67,0.1085867229
68,0.189414434
69,0.1371621763
70,0.1281813195
71,0.1934966416
72,0.1249155534
73,0.094707217
74,0.0849099187
75,0.0832770356
76,0.0776435891
77,0.0742961788
78,0.0759290619
79,0.072255075
80,0.0641723039
81,0.0580489925
82,0.0508643071
83,0.046537167
84,0.0452308605
85,0.0421283827
86,0.0470270319
87,0.0478434734
88,0.0516807486
89,0.0873592433
90,0.0955236585
91,0.0708671244
92,0.0621312001
93,0.0604166729
94,0.1134853721
95,0.0865428017
96,0.0816441526
97,0.2016610569
98,0.111852489
99,0.0715202777
100,0.0583755691
101,0.0664583402
102,0.0809093552
103,0.0666216285
104,0.0568243302
105,0.0500478655
106,0.0447409956
107,0.0404138555
108,0.0355968505
109,0.0345354765
110,0.0338823233
111,0.0640906598
112,0.1281813195
113,0.0938907755
114,0.0690709531
115,0.056171177
116,0.0525788343
117,0.0498029331
118,0.0418834503
119,0.0361683596
120,0.0323310844
121,0.0302899806
122,0.0294735391
123,0.0287387417
124,0.0277590119
125,0.0277590119
126,0.0390259049
127,0.0800929137
128,0.1126689306
129,0.0726632958
130,0.0646621688
131,0.0538034965
132,0.049231424
133,0.0431081126
134,0.035841783
135,0.033719035
136,0.0308614897
137,0.041720162
138,0.0449859281
139,0.035841783
140,0.0292286066
141,0.0248198224
142,0.0221255653
143,0.0194313083
144,0.0185332226
145,0.0169819837
146,0.0150225241
147,0.0141244384
148,0.0220439212
149,0.0349436973
150,0.0319228637
151,0.0262894171
152,0.0211458355
153,0.0153491007
154,0.0133079969
155,0.012328267
156,0.0097972983
157,0.0113485372
158,0.012328267
159,0.0141244384
160,0.0159206098
161,0.0193496642
162,0.0222888537
163,0.0476801851
164,0.0479251176
165,0.047108676
166,0.0547015822
167,0.0491497799
168,0.0403322114
169,0.0306165572
170,0.0635191507
171,0.0765822151
172,0.0560895328
173,0.0591103665
174,0.0602533846
175,0.0568243302
176,0.0664583402
177,0.0560895328
178,0.0449859281
179,0.0395157698
180,0.0404138555
181,0.0453125047
182,0.056742686
183,0.2661599374
184,0.3265766103
185,0.1461430331
186,0.0777252333
187,0.0543750056
188,0.0533136316
189,0.111852489
190,0.1249155534
191,0.0719284984
192,0.0525788343
193,0.0548648705
194,0.04817005
195,0.0436796216
196,0.0335557467
197,0.0254729756
198,0.0226154303
199,0.0274324353
200,0.0263710613
201,0.021962277
202,0.0231052952
203,0.0357601388
204,0.0346171207
205,0.3812781925
206,0.3894426078
207,0.1673705128
208,0.1404279424
209,0.0906250094
210,0.0590287223
211,0.0552730913
212,0.0849099187
213,0.1959459662
214,0.1028716322
215,0.0679279349
216,0.0501295097
217,0.0425366035
218,0.0355152064
219,0.0284121651
220,0.0236768042
221,0.0214724121
222,0.0205743264
223,0.0186965109
224,0.0252280431
225,0.0210641914
226,0.023023651
227,0.0186965109
228,0.0151041682
229,0.0137978618
230,0.0173902045
231,0.0129814203
232,0.008572636
233,0.0066131764
234,0.0088175685
235,0.0151858124
236,0.0196762408
237,0.017635137
238,0.013389641
239,0.0108586723
240,0.0162471864
241,0.0329842376
242,0.0486599149
243,0.0362500037
244,0.0262894171
245,0.01926802
246,0.0143693709
247,0.0107770281
248,0.0089808568
249,0.0072418363
250,0.0066295052
251,0.0062376133
252,0.0066376696
253,0.0058130637
254,0.0074541111
255,0.0178800694
256,0.0194313083
257,0.0155940331
258,0.0102055191
259,0.0072255075
260,0.0059028722
261,0.0048659915
262,0.0048333338
263,0.0047027032
264,0.0050456086
265,0.0049558001
266,0.0048741559
267,0.0047925118
268,0.0046373879
269,0.0044904284
270,0.0047108676
271,0.0052170613
272,0.0054946515
273,0.0051272528
274,0.0047925118
275,0.0045557437
276,0.0046373879
277,0.0067356426
278,0.005682433
279,0.0050456086
280,0.0054946515
281,0.006507039
282,0.005976352
283,0.0067356426
284,0.0052170613
285,0.0050456086
286,0.0054946515
287,0.005682433
288,0.005682433
289,0.0061886268
290,0.005976352
291,0.0073316449
292,0.008572636
293,0.0089808568
294,0.008572636
295,0.0075847418
296,0.0068499444
297,0.012818132
298,0.0306982014
299,0.0333924584
300,0.0268609262
301,0.0422100269
302,0.0697241063
303,0.0533136316
304,0.0375563102
305,0.0318412195
306,0.0261261288
307,0.0228603627
308,0.0204110381
309,0.0187781551
310,0.0187781551
311,0.0163288305
312,0.015512389
313,0.0146959475
314,0.015512389
315,0.0146959475
316,0.015512389
317,0.0146959475
318,0.0396790582
319,0.1265484365
320,0.1085867229
321,0.0748676879
322,0.0574774834
323,0.0504560863
324,0.0693158855
325,0.1012387492
326,0.0865428017
327,0.0616413352
328,0.0557629562
329,0.0619679118
330,0.0549465147
331,0.0520889693
332,0.0693158855
333,0.0660501194
334,0.0533136316
335,0.0493947123
336,0.0551914471
337,0.0857263602
338,0.1224662289
339,0.0898085678
340,0.0751942645
341,0.0653153221
342,0.0565793977
343,0.0637640832
344,0.1004223077
345,0.0955236585
346,0.0810726435
347,0.0725816516
348,0.1240991119
349,0.1445101501
350,0.125731995
351,0.0676013583
352,0.0534769199
353,0.0707854803
354,0.0731531607
355,0.042291671
356,0.039597414
357,0.0360867154
358,0.036413292
359,0.0376379543
360,0.0520073252
361,0.1338964102
362,0.237584484
363,0.1167511382
364,0.0805827786
365,0.0689893089
366,0.0591103665
367,0.0531503433
368,0.0485782708
369,0.0440878424
370,0.040658788
371,0.0383727517
372,0.0364949362
373,0.0346987648
374,0.032657661
375,0.032657661
376,0.0304532689
377,0.0313513546
378,0.0308614897
379,0.0303716248
380,0.0293102508
381,0.0298817598
382,0.0311064221
383,0.0401689231
384,0.0392708374
385,0.0352702739
386,0.0329842376
387,0.0285754534
388,0.0256362639
389,0.0246565341
390,0.0955236585
391,0.4074043214
392,0.2473817823
393,0.1061373983
394,0.0790315397
395,0.0640090156
396,0.0573958393
397,0.0518440369
398,0.0453941488
399,0.041720162
400,0.0390259049
401,0.0364949362
402,0.0351069856
403,0.0328209493
404,0.0313513546
405,0.0296368274
406,0.0316779312
407,0.0311064221
408,0.0284121651
409,0.0270242145
410,0.0279223002
411,0.026779282
412,0.026779282
413,0.027269147
414,0.027269147
415,0.0268609262
416,0.026779282
417,0.027840656
418,0.0286570976
419,0.0308614897
420,0.0680912232
421,0.1747184865
422,0.760923502
423,0.39597414
424,0.2759572357
425,0.2408502501
426,0.2196227704
427,0.2090090306
428,0.1690033958
429,0.142877267
430,0.1355292933
431,0.1445101501
432,0.1722691619
433,0.2090090306
434,0.1902308755
435,0.1804335772
436,0.1861486679
437,0.2130912382
438,0.8817568478
439,1.1266893055
440,0.8409347715
441,0.490681357
442,0.3706644527
443,0.2800394433
444,0.2286036272
445,0.1926802001
446,0.1681869543
447,0.3453547654
448,0.4604730205
449,0.3004504815
450,0.2269707442
451,0.1885979925
452,0.1534910068
453,0.1828829018
454,0.5315034333
455,0.8164415258
456,0.4988457722
457,0.333924584
458,0.2424831332
459,0.1869651094
460,0.1502252407
461,0.127364878
462,0.1143018136
463,0.1061373983
464,0.1134853721
465,0.141244384
466,0.110219606
467,0.0938907755
468,0.0857263602
469,0.0750309762
470,0.066866561
471,0.065805187
472,0.0824605941
473,0.0906250094
474,0.0849099187
475,0.0744594671
476,0.0750309762
477,0.0646621688
478,0.0560078887
479,0.0532319875
480,0.0491497799
481,0.0469453877
482,0.0460473021
483,0.047108676
484,0.0460473021
485,0.047108676
486,0.0434346892
487,0.0375563102
488,0.0383727517
489,0.0469453877
490,0.0346987648
491,0.0448226398
492,0.0413935854
493,0.0574774834
494,0.0739696022
495,0.0569876185
496,0.0627027092
497,0.0397607023
498,0.0320045078
499,0.0283305209
500,0.0443327748
501,0.0325760169
502,0.0239217367
503,0.0237584484
504,0.0652336779
505,0.0717652101
506,0.0498845772
507,0.0342905441
508,0.0280039443
509,0.0234318718
510,0.0214724121
511,0.0182882902
512,0.0198395291
513,0.0184515785
514,0.0152674565
515,0.0148592358
516,0.0138795059
517,0.016573763
518,0.0209825472
519,0.0163288305
520,0.0280039443
521,0.0250647548
522,0.0162471864
523,0.0162471864
524,0.0121649787
525,0.0113485372
526,0.0137978618
527,0.0161655422
528,0.0156756773
529,0.0259628405
530,0.0307798455
531,0.0239217367
532,0.0178800694
533,0.0146959475
534,0.0111852489
535,0.0089808568
536,0.0081562508
537,0.0075030976
538,0.0068091223
539,0.0095523659
540,0.0110219606
541,0.0134712852
542,0.0097972983
543,0.0084909919
544,0.0079929625
545,0.0079358116
546,0.0072581652
547,0.0069724106
548,0.0061641335
549,0.0049884577
550,0.004482264
551,0.0041393585
552,0.0038209463
553,0.0033882323
554,0.0032984238
555,0.0029228607
556,0.0040332211
557,0.0047925118
558,0.0045475793
559,0.0051925681
560,0.005682433
561,0.0071601922
562,0.0071601922
563,0.0107770281
564,0.0081154288
565,0.0059518587
566,0.0059110366
567,0.0045149216
568,0.0046618811
569,0.0047925118
570,0.0074786044
571,0.0071438634
572,0.0055273091
573,0.0045475793
574,0.0041801806
575,0.0036331648
576,0.0032004508
577,0.0030779846
578,0.0026044485
579,0.0024411602
580,0.002359516
581,0.0023431872
582,0.0022533786
583,0.0026779282
584,0.0027187503
585,0.0024738178
586,0.002359516
587,0.0024166669
588,0.0023840093
589,0.0022533786
590,0.0026860926
591,0.0026207773
592,0.00216357
593,0.0021717345
594,0.0026697638
595,0.0025636264
596,0.002359516
597,0.0023431872
598,0.0023023651
599,0.0020982547
600,0.004090372
601,0.0100422308
602,0.0127364878
603,0.0118384021
604,0.0078215098
605,0.0049476356
606,0.0038944261
607,0.003126971
608,0.002653435
609,0.0022125565
610,0.002220721
611,0.0020492682
612,0.0022533786
613,0.0020002817
614,0.0017798425
615,0.0017798425
616,0.0018859799
617,0.0018614867
618,0.0017798425
619,0.0017145272
620,0.0015430745
621,0.0016981984
622,0.002024775
623,0.0019104732
624,0.0016328831
625,0.0014695947
626,0.0017390204
627,0.0018206646
628,0.0016737051
629,0.0017145272
630,0.0016247186
631,0.0015267457
632,0.0014532659
633,0.0014206083
634,0.0014042794
635,0.0014532659
636,0.0014532659
637,0.0015104168
638,0.0018369934
639,0.0077725233
640,0.0275957236
641,0.0108586723
642,0.0078541675
643,0.0062539421
644,0.011756758
645,0.0306165572
646,0.0187781551
647,0.0122466229
648,0.008139922
649,0.0073316449
650,0.0066621629
651,0.0062049556
652,0.0052088969
653,0.0517623927
654,0.0782967423
655,0.0350253415
656,0.0156756773
657,0.0118384021
658,0.0091441451
659,0.0078215098
660,0.0079358116
661,0.0087359243
662,0.0068254512
663,0.00747044
664,0.0068826021
665,0.0084909919
666,0.012818132
667,0.0141244384
668,0.0129814203
669,0.0119200463
670,0.0097156542
671,0.0115118255
672,0.0142877267
673,0.0173085603
674,0.0764189268
675,0.0697241063
676,0.0226970744
677,0.0402505672
678,0.0392708374
679,0.0335557467
680,0.0157573214
681,0.0091441451
682,0.0151858124
683,0.0107770281
684,0.0137162176
685,0.0284121651
686,0.0756841294
687,0.1094031645
688,0.0566610419
689,0.0343721882
690,0.0239217367
691,0.0182882902
692,0.0223704978
693,0.01926802
694,0.0156756773
695,0.0225337861
696,0.0409037204
697,0.0253096873
698,0.0173902045
699,0.0174718487
700,0.0205743264
701,0.1045045153
702,0.0816441526
703,0.0547832264
704,0.0437612658
705,0.0363316479
706,0.0307798455
707,0.0317595754
708,0.0275140794
709,0.0235951601
710,0.0285754534
711,0.0462105904
712,0.2914696247
713,0.2114583552
714,0.1240991119
715,0.0955236585
716,0.0707038361
717,0.0640090156
718,0.05780406
719,0.0509459512
720,0.032657661
721,0.0302083365
722,0.0293918949
723,0.0277590119
724,0.0261261288
725,0.0236768042
726,0.0269425704
727,0.0261261288
728,0.0244932458
729,0.0228603627
730,0.0228603627
731,0.0244932458
732,0.032657661
733,0.0400056348
734,0.0342905441
735,0.0269425704
736,0.0220439212
737,0.0204110381
738,0.0187781551
739,0.017145272
740,0.0163288305
741,0.015512389
742,0.0163288305
743,0.0204110381
744,0.0187781551
745,0.017145272
746,0.017145272
747,0.0163288305
748,0.0163288305
749,0.0228603627
750,0.0236768042
751,0.0220439212
752,0.0204110381
753,0.0179617136
754,0.017145272
755,0.0179617136
756,0.0179617136
757,0.0204110381
758,0.0212274797
759,0.0195945966
760,0.0187781551
761,0.017145272
762,0.0163288305
763,0.0195945966
764,0.0220439212
765,0.0212274797
766,0.0204110381
767,0.0261261288
768,0.0277590119
769,0.0261261288
770,0.0236768042
771,0.0212274797
772,0.0187781551
773,0.0187781551
774,0.0179617136
775,0.0195945966
776,0.0212274797
777,0.0204110381
778,0.0212274797
779,0.0302083365
780,0.0440878424
781,0.0416385178
782,0.0334741026
783,0.0285754534
784,0.0261261288
785,0.0228603627
786,0.0342905441
787,0.0489864915
788,0.0408220763
789,0.046537167
790,0.0571509068
791,0.0522522576
792,0.0457207254
793,0.0416385178
794,0.0416385178
795,0.0963401
796,0.8327703563
797,0.6849944401
798,0.3028998061
799,0.1975788492
800,0.3037162476
801,0.4147522951
802,0.2939189493
803,0.2269707442
804,0.1845157848
805,0.2081925891
806,0.2931025077
807,0.3094313383
808,0.3241272857
809,0.2367680425
810,0.1836993433
811,0.1616554221
812,0.1453265916
813,0.125731995
814,0.1077702814
815,0.094707217
816,0.0849099187
817,0.0775619449
818,0.0718468543
819,0.0669482051
820,0.0644988805
821,0.0751126204
822,0.0873592433
823,0.094707217
824,0.0971565416
825,0.1240991119
826,0.1143018136
827,0.0922578924
828,0.079194828
829,0.0661317636
830,0.0579673483
831,0.0547015822
832,0.0514358161
833,0.0653153221
834,0.0922578924
835,0.0800112695
836,0.0702139712
837,0.2931025077
838,0.3200450781
839,0.1869651094
840,0.1477759162
841,0.1232826704
842,0.094707217
843,0.0996058661
844,0.1289977611
845,0.110219606
846,0.094707217
847,0.0889921263
848,0.0865428017
849,0.0857263602
850,0.0742961788
851,0.062049556
852,0.0555180238
853,0.0514358161
854,0.0547015822
855,0.0622128443
856,0.0580489925
857,0.0500478655
858,0.0471903202
859,0.0467820994
860,0.043353045
861,0.0491497799
862,0.0684177999
863,0.0569059743
864,0.0423733152
865,0.0546199381
866,0.1077702814
867,0.1289977611
868,0.1249155534
869,0.1200169043
870,0.1143018136
871,0.0963401
872,0.0747043996
873,0.065805187
874,0.0782150982
875,0.0734797373
876,0.0698057505
877,0.0563344653
878,0.0426182476
879,0.0344538324
880,0.0274324353
881,0.0245748899
882,0.0233502276
883,0.032086152
884,0.0281672326
885,0.0227787186
886,0.0218806329
887,0.0191863759
888,0.0164104747
889,0.0156756773
890,0.018206646
891,0.025146399
892,0.0209825472
893,0.0425366035
894,0.0405771438
895,0.0449042839
896,0.034780409
897,0.0245748899
898,0.0200028174
899,0.0507826629
900,0.0262894171
901,0.0190230876
902,0.0135529293
903,0.0186148668
904,0.1143018136
905,0.1281813195
906,0.1126689306
907,0.1534910068
908,0.1085867229
909,0.0650703896
910,0.05780406
911,0.0462105904
912,0.0317595754
913,0.0270242145
914,0.0217989887
915,0.0174718487
916,0.0149408799
917,0.0156756773
918,0.0128997761
919,0.0119200463
920,0.0132263527
921,0.0108586723
922,0.0092257892
923,0.007805181
924,0.0090625009
925,0.0107770281
926,0.0086542802
927,0.0075684129
928,0.0051844037
929,0.0053640208
930,0.0055681312
931,0.0033719035
932,0.0029065318
933,0.0025064755
934,0.004147523
935,0.0046292235
936,0.0046373879
937,0.005249719
938,0.0045884014
939,0.0046047302
940,0.0040822076
941,0.004147523
942,0.004147523
943,0.0029391895
944,0.0027432435
945,0.0032820949
946,0.0024901467
947,0.002457489
948,0.0020411038
949,0.0014532659
950,0.0032984238
951,0.0040413856
952,0.0240033809
953,0.0148592358
954,0.0090625009
955,0.0067846291
956,0.0046700455
957,0.0190230876
958,0.0881756848
959,0.0426182476
960,0.0222888537
961,0.0154307448
962,0.0120016904
963,0.0088992126
964,0.0084909919
965,0.0068907665
966,0.0050782663
967,0.0044985928
968,0.0078541675
969,0.0073398093
970,0.204926823
971,0.3175957535
972,0.1624718636
973,0.0824605941
974,0.0534769199
975,0.0389442608
976,0.0304532689
977,0.0245748899
978,0.0200844615
979,0.0298817598
980,0.0889921263
981,0.3371903501
982,0.3641329205
983,0.1934966416
984,0.1306306441
985,0.0963401
986,0.0760923502
987,0.060988182
988,0.0502111538
989,0.0435979775
990,0.0379645309
991,0.033719035
992,0.031024778
993,0.0281672326
994,0.0284938092
995,0.0306982014
996,0.0413119412
997,0.1853322263
998,0.1616554221
999,0.1012387492
1000,0.0702956154
1001,0.0568243302
1002,0.1289977611
1003,0.1526745653
1004,0.1208333458
1005,0.0914414509
1006,0.0759290619
1007,0.0922578924
1008,0.1200169043
1009,0.0889921263
1010,0.0669482051
1011,0.0569876185
1012,0.0498029331
1013,0.0439245541
1014,0.039597414
1015,0.0359234271
1016,0.0582122808
1017,0.1012387492
1018,0.1665540713
1019,0.1167511382
1020,0.0840934772
1021,0.071193701
1022,0.0832770356
1023,0.2057432645
1024,0.1722691619
1025,0.1216497873
1026,0.0938907755
1027,0.080256202
1028,0.0747043996
1029,0.0738879581
1030,0.0751126204
1031,0.1232826704
1032,0.1045045153
1033,0.1175675797
1034,0.127364878
1035,0.1224662289
1036,0.127364878
1037,0.1314470856
1038,0.141244384
1039,0.1298142026
1040,0.1094031645
1041,0.0963401
1042,0.0889921263
1043,0.0824605941
1044,0.0873592433
1045,0.1469594746
1046,0.1175675797
1047,0.0955236585
1048,0.0898085678
1049,0.0865428017
1050,0.0824605941
1051,0.0914414509
1052,0.0775619449
1053,0.0677646466
1054,0.0621312001
1055,0.0601717404
1056,0.0605799612
1057,0.1494087992
1058,0.1828829018
1059,0.1338964102
1060,0.1053209568
1061,0.0889921263
1062,0.0824605941
1063,0.0783783865
1064,0.1951295247
1065,0.1722691619
1066,0.127364878
1067,0.1053209568
1068,0.0898085678
1069,0.0840934772
1070,0.0807460669
1071,0.0987894246
1072,0.2922860662
1073,0.2359516009
1074,0.160022539
1075,0.1192004628
1076,0.0979729831
1077,0.0798479812
1078,0.0729082283
1079,0.0741328905
1080,0.0785416748
1081,0.0772353683
1082,0.0729082283
1083,0.0710304127
1084,0.0701323271
1085,0.071193701
1086,0.1036880738
1087,0.1461430331
1088,0.1469594746
1089,0.1134853721
1090,0.0938907755
1091,0.0865428017
1092,0.1510416823
1093,0.1289977611
1094,0.1110360475
1095,0.0996058661
1096,0.0922578924
1097,0.0857263602
1098,0.0762556385
1099,0.0648254571
1100,0.0640906598
1101,0.0616413352
1102,0.0601717404
1103,0.0574774834
1104,0.0546199381
1105,0.0523339018
1106,0.0514358161
1107,0.0536402082
1108,0.0624577767
1109,0.0589470782
1110,0.0458023696
1111,0.0410670087
1112,0.0494763565
1113,0.0578857042
1114,0.054048429
1115,0.0473536085
1116,0.0449859281
1117,0.0430264684
1118,0.0462105904
1119,0.0594369431
1120,0.0749493321
1121,0.0639273715
1122,0.127364878
1123,0.1763513696
1124,0.1208333458
1125,0.094707217
1126,0.0777252333
1127,0.0697241063
1128,0.0646621688
1129,0.0625394209
1130,0.0604983171
1131,0.0580489925
1132,0.0557629562
1133,0.0538034965
1134,0.0515991044
1135,0.0495580006
1136,0.0484149825
1137,0.0459656579
1138,0.0442511307
1139,0.0405771438
1140,0.0418018061
1141,0.0421283827
1142,0.0428631801
1143,0.0459656579
1144,0.046537167
1145,0.0437612658
1146,0.0402505672
1147,0.0386176842
1148,0.0398423465
1149,0.0409853646
1150,0.0436796216
1151,0.0898085678
1152,0.0748676879
1153,0.0627843533
1154,0.0553547354
1155,0.0521706135
1156,0.0542117173
1157,0.0533136316
1158,0.062621065
1159,0.0824605941
1160,0.0676830025
1161,0.0564977536
1162,0.0577224159
1163,0.0930743339
1164,0.1330799687
1165,0.1053209568
1166,0.0857263602
1167,0.0753575528
1168,0.0707854803
1169,0.0700506829
1170,0.0646621688
1171,0.0601717404
1172,0.0584572132
1173,0.0563344653
1174,0.0538851407
1175,0.0491497799
1176,0.0460473021
1177,0.0414752295
1178,0.0362500037
1179,0.0346171207
1180,0.0346987648
1181,0.0329842376
1182,0.0281672326
1183,0.0313513546
1184,0.0318412195
1185,0.0305349131
1186,0.0302899806
1187,0.027840656
1188,0.0265343496
1189,0.0249831107
1190,0.0248198224
1191,0.0244116016
1192,0.0245748899
1193,0.0237584484
1194,0.0237584484
1195,0.0227787186
1196,0.0222888537
1197,0.0228603627
1198,0.0254729756
1199,0.0250647548
1200,0.0235951601
1201,0.021962277
1202,0.0206559706
1203,0.0183699343
1204,0.0157573214
1205,0.0155940331
1206,0.0147775916
1207,0.0137162176
1208,0.0183699343
1209,0.1698198374
1210,0.1665540713
1211,0.0963401
1212,0.0751942645
1213,0.062621065
1214,0.051925681
1215,0.0428631801
1216,0.0351069856
1217,0.0473536085
1218,0.0746227555
1219,0.064743813
1220,0.0605799612
1221,0.0529054109
1222,0.0452308605
1223,0.0391891932
1224,0.03853604
1225,0.0555996679
1226,0.0779701657
1227,0.075439197
1228,0.0552730913
1229,0.0432714009
1230,0.0375563102
1231,0.0411486529
1232,0.0740512464
1233,0.0673564259
1234,0.052415546
1235,0.0400872789
1236,0.0328209493
1237,0.0285754534
1238,0.0400872789
1239,0.0604166729
1240,0.047108676
1241,0.0372297336
1242,0.0306982014
1243,0.0262894171
1244,0.021962277
1245,0.0197578849
1246,0.0313513546
1247,0.0257179081
1248,0.0208192589
1249,0.0703772595
1250,0.1551238899
1251,0.1069538399
1252,0.0898085678
1253,0.0777252333
1254,0.0631109299
1255,0.0565793977
1256,0.0503744421
1257,0.043353045
1258,0.0367398687
1259,0.0304532689
1260,0.0446593515
1261,0.0604983171
1262,0.042291671
1263,0.0325760169
1264,0.0276773677
1265,0.0232685835
1266,0.0216357004
1267,0.0185332226
1268,0.0160022539
1269,0.0141244384
1270,0.0131447086
1271,0.012328267
1272,0.0150225241
1273,0.0167370513
1274,0.0137162176
1275,0.0114301814
1276,0.0097972983
1277,0.0151858124
1278,0.0105320957
1279,0.0080092914
1280,0.0068336156
1281,0.0077806877
1282,0.0073071517
1283,0.0067274782
1284,0.0063600795
1285,0.0064253948
1286,0.0051844037
1287,0.0049639645
1288,0.0048333338
1289,0.0050047866
1290,0.005110924
1291,0.0049721289
1292,0.0042781536
1293,0.0039352482
1294,0.003518863
1295,0.0034127256
1296,0.0031188066
1297,0.0029718472
1298,0.002890203
1299,0.0024819822
1300,0.0021962277
1301,0.0021309124
1302,0.0019186376
1303,0.0019431308
1304,0.00216357
1305,0.002457489
1306,0.0036005071
1307,0.002890203
1308,0.002890203
1309,0.0030208336
1310,0.0025228043
1311,0.0020411038
1312,0.0022370498
1313,0.0022370498
1314,0.0023350228
1315,0.0021309124
1316,0.0020411038
1317,0.0018369934
1318,0.0028248877
1319,0.0054293361
1320,0.0087359243
1321,0.0093074334
1322,0.0081644153
1323,0.0084093477
1324,0.0198395291
1325,0.0169819837
1326,0.0169003396
1327,0.0133079969
1328,0.0094707217
1329,0.0092257892
1330,0.0082460594
1331,0.0086542802
1332,0.0092257892
1333,0.0097972983
1334,0.0088175685
1335,0.0070132327
1336,0.0060335029
1337,0.0043924554
1338,0.0029636827
1339,0.0020411038
1340,0.0035596851
1341,0.0030208336
1342,0.0030534913
1343,0.0028738742
1344,0.0037148089
1345,0.0047925118
1346,0.0044740996
1347,0.0034943697
1348,0.0043679622
1349,0.0042046739
1350,0.00279223
1351,0.002694257
1352,0.0028248877
1353,0.003184122
1354,0.003086149
1355,0.0024656534
1356,0.0026615994
1357,0.0024003381
1358,0.0083277036
1359,0.0081644153
1360,0.0059110366
1361,0.0048904847
1362,0.0048741559
1363,0.0044985928
1364,0.0034617121
1365,0.0031922864
1366,0.0033882323
1367,0.005110924
1368,0.0094707217
1369,0.0082460594
1370,0.0069315886
1371,0.0062539421
1372,0.0081072644
1373,0.0107770281
1374,0.0087359243
1375,0.0063845727
1376,0.0049394712
1377,0.0044904284
1378,0.0049394712
1379,0.0052333902
1380,0.0049231424
1381,0.0061396403
1382,0.0053640208
1383,0.006311093
1384,0.0056089533
1385,0.0074377823
1386,0.0068989309
1387,0.0061641335
1388,0.0066866561
1389,0.0195129525
1390,0.0208192589
1391,0.0161655422
1392,0.0124099112
1393,0.0105320957
1394,0.0089808568
1395,0.0080092914
1396,0.0083277036
1397,0.0079684693
1398,0.0232685835
1399,0.1788006941
1400,0.1559403314
1401,0.1012387492
1402,0.063682439
1403,0.0447409956
1404,0.0344538324
1405,0.0280039443
1406,0.0238400926
1407,0.0208192589
1408,0.022452142
1409,0.0257995522
1410,0.025146399
1411,0.0228603627
1412,0.0204926823
1413,0.0205743264
1414,0.0195129525
1415,0.0182882902
1416,0.0177167811
1417,0.0163288305
1418,0.0163288305
1419,0.0160838981
1420,0.0153491007
1421,0.0147775916
1422,0.0226154303
1423,0.0213091238
1424,0.0169003396
1425,0.0137978618
1426,0.0124915553
1427,0.0132263527
1428,0.0130630644
1429,0.0124099112
1430,0.0137162176
1431,0.0129814203
1432,0.0127364878
1433,0.0143693709
1434,0.0137978618
1435,0.0140427942
1436,0.0128997761
1437,0.0116751138
1438,0.0142060825
1439,0.0157573214
1440,0.0255546198
1441,0.0316779312
1442,0.0265343496
1443,0.0236768042
1444,0.0198395291
1445,0.0187781551
1446,0.018206646
1447,0.0190230876
1448,0.0466188111
1449,0.0731531607
1450,0.0562528211
1451,0.0698873946
1452,0.1469594746
1453,0.0914414509
1454,0.0692342414
1455,0.0555180238
1456,0.0458023696
1457,0.0482516942
1458,0.0468637436
1459,0.0391891932
1460,0.0403322114
1461,0.0344538324
1462,0.0303716248
1463,0.0275140794
1464,0.0271058587
1465,0.0302899806
1466,0.0293918949
1467,0.0290653183
1468,0.0271875028
1469,0.0262894171
1470,0.0250647548
1471,0.0256362639
1472,0.0260444847
1473,0.0295551832
1474,0.0411486529
1475,0.0804194903
1476,0.1012387492
1477,0.078133454
1478,0.0667032727
1479,0.0555996679
1480,0.0462105904
1481,0.0461289462
1482,0.0458023696
1483,0.0391891932
1484,0.02890203
1485,0.0312697104
1486,0.0291469625
1487,0.0282488768
1488,0.0266159937
1489,0.026207773
1490,0.0271058587
1491,0.0308614897
1492,0.1183840212
1493,0.141244384
1494,0.0922578924
1495,0.0773986566
1496,0.0617229793
1497,0.0503744421
1498,0.0475168968
1499,0.0415568737
1500,0.0399239906
1501,0.0455574371
1502,0.0570692627
1503,0.0546199381
1504,0.0550281588
1505,0.0493947123
1506,0.0462105904
1507,0.0439245541
1508,0.0463738787
1509,0.0390259049
1510,0.0364949362
1511,0.0400056348
1512,0.0485782708
1513,0.0424549593
1514,0.0367398687
1515,0.0386176842
1516,0.0450675722
1517,0.0502111538
1518,0.0483333383
1519,0.0790315397
1520,0.1836993433
1521,0.1461430331
1522,0.1061373983
1523,0.0881756848
1524,0.0809909994
1525,0.0763372827
1526,0.0785416748
1527,0.0775619449
1528,0.0756841294
1529,0.0811542877
1530,0.0793581163
1531,0.0799296254
1532,0.1077702814
1533,0.2408502501
1534,0.2196227704
1535,0.1559403314
1536,0.1240991119
1537,0.1036880738
1538,0.0930743339
1539,0.0914414509
1540,0.0889921263
1541,0.0840934772
1542,0.076500571
1543,0.0715202777
1544,0.071683566
1545,0.0782967423
1546,0.0769904359
1547,0.0808277111
1548,0.0906250094
1549,0.0996058661
1550,0.1192004628
1551,0.1306306441
1552,0.1714527204
1553,0.1951295247
1554,0.1404279424
1555,0.1094031645
1556,0.1036880738
1557,0.1020551907
1558,0.0963401
1559,0.0914414509
1560,0.0930743339
1561,0.0963401
1562,0.0996058661
1563,0.1053209568
1564,0.1355292933
1565,0.1240991119
1566,0.1053209568
1567,0.0898085678
1568,0.0809909994
1569,0.0748676879
1570,0.0692342414
1571,0.0796030488
1572,0.0824605941
1573,0.0707854803
1574,0.0594369431
1575,0.0586205015
1576,0.056742686
1577,0.0536402082
1578,0.0480067617
1579,0.0416385178
1580,0.035841783
1581,0.0321677961
1582,0.0302083365
1583,0.0287387417
1584,0.026207773
1585,0.0261261288
1586,0.0276773677
1587,0.0276773677
1588,0.0265343496
1589,0.0274324353
1590,0.0665399843
1591,0.0702956154
1592,0.0618862677
1593,0.0618046235
1594,0.0436796216
1595,0.034780409
1596,0.0303716248
1597,0.0284121651
1598,0.0289836742
1599,0.0527421226
1600,0.0382911076
1601,0.0239217367
1602,0.0206559706
1603,0.0382911076
1604,0.0386176842
1605,0.2318693933
1606,0.2326858348
1607,0.1779842526
1608,0.1232826704
1609,0.0889921263
1610,0.0824605941
1611,0.1469594746
1612,0.1338964102
1613,0.094707217
1614,0.0662950519
1615,0.0641723039
1616,0.0577224159
1617,0.0442511307
1618,0.0346987648
1619,0.0479251176
1620,0.270242145
1621,0.2277871857
1622,0.141244384
1623,0.2922860662
1624,0.3314752595
1625,0.2359516009
1626,0.3910754908
1627,0.3126971044
1628,0.2139076797
1629,0.1592060975
1630,0.1730856035
1631,0.1502252407
1632,0.1143018136
1633,0.0873592433
1634,0.0707854803
1635,0.0582122808
1636,0.0447409956
1637,0.0428631801
1638,0.0431897567
1639,0.0491497799
1640,0.0659684753
1641,0.071193701
1642,0.0495580006
1643,0.062049556
1644,0.1690033958
1645,0.1281813195
1646,0.0726632958
1647,0.0464555228
1648,0.0329025935
1649,0.0269425704
1650,0.0241666692
1651,0.0210641914
1652,0.023023651
1653,0.0225337861
1654,0.0226970744
1655,0.0208192589
1656,0.0199211732
1657,0.0160838981
1658,0.0135529293
1659,0.011756758
1660,0.0099605866
1661,0.0093074334
1662,0.0079766337
1663,0.0082460594
1664,0.008001127
1665,0.0234318718
1666,0.04817005
1667,0.024085025
1668,0.0233502276
1669,0.0250647548
1670,0.0217173446
1671,0.017635137
1672,0.0132263527
1673,0.0111852489
1674,0.0102871632
1675,0.0149408799
1676,0.0145326592
1677,0.0120016904
1678,0.0100422308
1679,0.0097156542
1680,0.0081562508
1681,0.0084909919
1682,0.0140427942
1683,0.0296368274
1684,0.0195945966
1685,0.0152674565
1686,0.0468637436
1687,0.0200844615
1688,0.0107770281
1689,0.0074867688
1690,0.007176521
1691,0.0067683002
1692,0.0062376133
1693,0.0051190884
1694,0.0043271401
1695,0.0043108113
1696,0.0053803497
1697,0.0039352482
1698,0.0037229734
1699,0.0040577144
1700,0.0041638518
1701,0.00342089
1702,0.0049721289
1703,0.0046455523
1704,0.0040577144
1705,0.0046373879
1706,0.0053068699
1707,0.0058048992
1708,0.0039352482
1709,0.0042210027
1710,0.0038291108
1711,0.0040087279
1712,0.0030289981
1713,0.0042046739
1714,0.0028248877
1715,0.001828829
1716,0.0026779282
1717,0.0068907665
1718,0.004719032
1719,0.0040658788
1720,0.0050211154
1721,0.0047761829
1722,0.0030208336
1723,0.0036331648
1724,0.0027105859
1725,0.0031677931
1726,0.0034862053
1727,0.0040413856
1728,0.0037393022
1729,0.0032820949
1730,0.0037229734
1731,0.0026289417
1732,0.003951577
1733,0.0038780972
1734,0.0017145272
1735,0.0052742123
1736,0.0057150907
1737,0.0056579398
1738,0.0064498881
1739,0.0078215098
1740,0.00963401
1741,0.0114301814
1742,0.0129814203
1743,0.0124915553
1744,0.0116751138
1745,0.0099605866
1746,0.0088992126
1747,0.0082460594
1748,0.0075030976
1749,0.0076173994
1750,0.0072908228
1751,0.0070867124
1752,0.0065641899
1753,0.0060253385
1754,0.0062621065
1755,0.0066131764
1756,0.0063682439
1757,0.0062865997
1758,0.0062539421
1759,0.0060335029
1760,0.0059518587
1761,0.0059192011
1762,0.0056416109
1763,0.0041801806
1764,0.0040577144
1765,0.0044087842
1766,0.0069152597
1767,0.0067927935
1768,0.0052905411
1769,0.0038862617
1770,0.0038454396
1771,0.0038291108
1772,0.003853604
1773,0.0038780972
1774,0.0040332211
1775,0.0043434689
1776,0.0040577144
1777,0.0039189193
1778,0.0039597414
1779,0.0043026468
1780,0.0042536603
1781,0.0041556874
1782,0.0041638518
1783,0.0048088406
1784,0.0051435816
1785,0.0046455523
1786,0.0041720162
1787,0.0093074334
1788,0.0120016904
1789,0.0076500571
1790,0.0052170613
1791,0.0047435253
1792,0.0324943727
1793,0.0407404321
1794,0.0271875028
1795,0.0199211732
1796,0.0174718487
1797,0.0160838981
1798,0.0151858124
1799,0.0139611501
1800,0.012818132
1801,0.0128997761
1802,0.0156756773
1803,0.0146959475
1804,0.0141244384
1805,0.0140427942
1806,0.0126548436
1807,0.0115934697
1808,0.0107770281
1809,0.0103688074
1810,0.0131447086
1811,0.0126548436
1812,0.0131447086
1813,0.0138795059
1814,0.0131447086
1815,0.012818132
1816,0.0136345735
1817,0.016573763
1818,0.0306982014
1819,0.0418834503
1820,0.0324943727
1821,0.0239217367
1822,0.0196762408
1823,0.0172269162
1824,0.0194313083
1825,0.0529054109
1826,0.036413292
1827,0.0260444847
1828,0.0208192589
1829,0.0300450481
1830,0.0244932458
1831,0.0215540563
1832,0.0269425704
1833,0.0488232032
1834,0.0427815359
1835,0.0301266923
1836,0.0223704978
1837,0.0246565341
1838,0.0796030488
1839,0.0691525972
1840,0.0565793977
1841,0.1028716322
1842,0.0721734309
1843,0.0520889693
1844,0.0418834503
1845,0.0363316479
1846,0.0328209493
1847,0.0277590119
1848,0.0250647548
1849,0.0231052952
1850,0.0212274797
1851,0.0201661057
1852,0.0200844615
1853,0.0195129525
1854,0.0178800694
1855,0.0160838981
1856,0.0140427942
1857,0.0137978618
1858,0.0146959475
1859,0.0151858124
1860,0.0157573214
1861,0.0163288305
1862,0.0164104747
1863,0.0163288305
1864,0.0163288305
1865,0.0157573214
1866,0.0157573214
1867,0.0157573214
1868,0.0153491007
1869,0.0147775916
1870,0.0164104747
1871,0.0208192589
1872,0.0200028174
1873,0.01926802
1874,0.0185332226
1875,0.0184515785
1876,0.0180433577
1877,0.017635137
1878,0.0228603627
1879,0.0313513546
1880,0.0354335622
1881,0.0338006792
1882,0.029963404
1883,0.0266159937
1884,0.024085025
1885,0.0221255653
1886,0.0206559706
1887,0.0195945966
1888,0.0182882902
1889,0.0177167811
1890,0.0167370513
1891,0.0155940331
1892,0.0154307448
1893,0.0154307448
1894,0.0169003396
1895,0.016573763
1896,0.0197578849
1897,0.0240033809
1898,0.0573141951
1899,0.0556813121
1900,0.0470270319
1901,0.0531503433
1902,0.0394341257
1903,0.0357601388
1904,0.0314329987
1905,0.0633558624
1906,0.0889921263
1907,0.0643355922
1908,0.063682439
1909,0.050292798
1910,0.0419650944
1911,0.0380461751
1912,0.0328209493
1913,0.0340456116
1914,0.0629476416
1915,0.4800676171
1916,0.6882602062
1917,0.4074043214
1918,0.2677928204
1919,0.1820664602
1920,0.142877267
1921,0.1436937085
1922,0.1281813195
1923,0.1020551907
1924,0.1240991119
1925,0.1387950594
1926,0.1004223077
1927,0.0816441526
1928,0.0756841294
1929,0.0676830025
1930,0.0604983171
1931,0.0613964027
1932,0.125731995
1933,0.1085867229
1934,0.0797663371
1935,0.0659684753
1936,0.0553547354
1937,0.0484966266
1938,0.043353045
1939,0.0461289462
1940,0.0553547354
1941,0.0444960632
1942,0.0457207254
1943,0.0752759087
1944,0.0665399843
1945,0.0518440369
1946,0.051354172
1947,0.1934966416
1948,0.206559706
1949,0.1216497873
1950,0.0857263602
1951,0.0689076648
1952,0.0571509068
1953,0.0489864915
1954,0.0431897567
1955,0.0397607023
1956,0.0390259049
1957,0.0409037204
1958,0.0346987648
1959,0.0318412195
1960,0.0297184715
1961,0.0270242145
1962,0.0260444847
1963,0.0662950519
1964,0.0832770356
1965,0.0571509068
1966,0.0449042839
1967,0.0356784947
1968,0.0316779312
1969,0.0314329987
1970,0.0324127286
1971,0.032657661
1972,0.0321677961
1973,0.0266976379
1974,0.0486599149
1975,0.052987055
1976,0.0407404321
1977,0.0457207254
1978,0.0394341257
1979,0.0309431338
1980,0.0249014665
1981,0.0246565341
1982,0.0286570976
1983,0.0360867154
1984,0.0276773677
1985,0.0209009031
1986,0.0175534928
1987,0.0162471864
1988,0.0137162176
1989,0.0124099112
1990,0.0163288305
1991,0.0244116016
1992,0.0191047317
1993,0.0142060825
1994,0.0132263527
1995,0.0137978618
1996,0.0118384021
1997,0.0107770281
1998,0.0090625009
1999,0.0080990999
2000,0.0071193701
2001,0.0066866561
2002,0.0062947642
2003,0.0160838981
2004,0.012818132
2005,0.010695384
2006,0.0095523659
2007,0.0084909919
2008,0.008572636
2009,0.0071601922
2010,0.0087359243
2011,0.0473536085
2012,0.0463738787
2013,0.0250647548
2014,0.0157573214
2015,0.0151858124
2016,0.0124915553
2017,0.0132263527
2018,0.0112668931
2019,0.00963401
2020,0.0081235932
2021,0.0084909919
2022,0.0084909919
2023,0.0138795059
2024,0.013389641
2025,0.0107770281
2026,0.0092257892
2027,0.0086542802
2028,0.0078296742
2029,0.0072418363
2030,0.0067356426
2031,0.0068907665
2032,0.0061886268
2033,0.0058375569
2034,0.006074325
2035,0.0064253948
2036,0.0064498881
2037,0.0057559128
2038,0.0053150343
2039,0.0051027595
2040,0.0048414982
2041,0.0047435253
2042,0.004384291
2043,0.0042618248
2044,0.0042046739
2045,0.0039842346
2046,0.0040577144
2047,0.0038617684
2048,0.0035596851
2049,0.003322917
2050,0.003086149
2051,0.007805181
2052,0.0306165572
2053,0.0198395291
2054,0.013389641
2055,0.0089808568
2056,0.0062457777
2057,0.0047925118
2058,0.0042128383
2059,0.0038046175
2060,0.0036739869
2061,0.0037066445
2062,0.0036005071
2063,0.0037229734
2064,0.0032494373
2065,0.0032412729
2066,0.0038944261
2067,0.0035351918
2068,0.0030289981
2069,0.0030126692
2070,0.0036903157
2071,0.0046047302
2072,0.0087359243
2073,0.0057232551
2074,0.0042536603
2075,0.0036331648
2076,0.0037964531
2077,0.0033065882
2078,0.0029636827
2079,0.0029473539
2080,0.0029228607
2081,0.0026779282
2082,0.0026452705
2083,0.0028820386
2084,0.00279223
2085,0.0027024215
2086,0.002653435
2087,0.0025799552
2088,0.0024901467
2089,0.0024085025
2090,0.0034535477
2091,0.004188345
2092,0.0033474103
2093,0.0027595724
2094,0.002457489
2095,0.0023921737
2096,0.0023186939
2097,0.0021554056
2098,0.0020900903
2099,0.0021880633
2100,0.0024819822
2101,0.0041067009
2102,0.0044577707
2103,0.003657658
2104,0.0039679058
2105,0.0035433562
2106,0.0032004508
2107,0.0033800679
2108,0.0035106986
2109,0.0035433562
2110,0.0035596851
2111,0.0036739869
2112,0.0036413292
2113,0.0037229734
2114,0.0035760139
2115,0.0102871632
2116,0.0408220763
2117,0.0174718487
2118,0.0116751138
2119,0.0087359243
2120,0.0071030413
2121,0.0066376696
2122,0.1085867229
2123,0.1918637586
2124,0.0865428017
2125,0.0490681357
2126,0.0300450481
2127,0.0205743264
2128,0.0157573214
2129,0.0126548436
2130,0.0115118255
2131,0.0182882902
2132,0.0199211732
2133,0.0164104747
2134,0.0136345735
2135,0.0109403164
2136,0.0098789425
2137,0.0222072095
2138,0.0185332226
2139,0.0125731995
2140,0.0101238749
2141,0.00963401
2142,0.0103688074
2143,0.0095523659
2144,0.0132263527
2145,0.0133079969
2146,0.0101238749
2147,0.0186965109
2148,0.0520889693
2149,0.034780409
2150,0.0243299575
2151,0.0188597992
2152,0.0259628405
2153,0.023023651
2154,0.0303716248
2155,0.0395157698
2156,0.0289836742
2157,0.0322494403
2158,0.0293102508
2159,0.0252280431
2160,0.0234318718
2161,0.0331475259
2162,0.0512725278
2163,0.0671931376
2164,0.0922578924
2165,0.071193701
2166,0.0773170125
2167,0.1526745653
2168,0.0996058661
2169,0.1126689306
2170,0.4155687366
2171,0.285754534
2172,0.1681869543
2173,0.1134853721
2174,0.0873592433
2175,0.0723367192
2176,0.0613964027
2177,0.0794397605
2178,0.0914414509
2179,0.0724183633
2180,0.0594369431
2181,0.0520889693
2182,0.0473536085
2183,0.0475168968
2184,0.0600084521
2185,0.1094031645
2186,0.0979729831
2187,0.0734797373
2188,0.0622944884
2189,0.0533136316
2190,0.0452308605
2191,0.0378012426
2192,0.0341272558
2193,0.0344538324
2194,0.0332291701
2195,0.0503744421
2196,0.0914414509
2197,0.0546199381
2198,0.0496396448
2199,0.0436796216
2200,0.0381278193
2201,0.0355968505
2202,0.0331475259
2203,0.0336373909
2204,0.0335557467
2205,0.0305349131
2206,0.0289836742
2207,0.0280039443
2208,0.0271058587
2209,0.0305349131
2210,0.142877267
2211,0.0914414509
2212,0.0534769199
2213,0.0432714009
2214,0.0381278193
2215,0.0360867154
2216,0.0351886298
2217,0.0306165572
2218,0.0840934772
2219,0.0533136316
2220,0.0434346892
2221,0.035841783
2222,0.0312697104
2223,0.0298817598
2224,0.0338006792
2225,0.0386993283
2226,0.032657661
2227,0.0300450481
2228,0.0288203859
2229,0.0275140794
2230,0.0266976379
2231,0.0268609262
2232,0.0279223002
2233,0.0264527054
2234,0.0254729756
2235,0.0253096873
2236,0.0249831107
2237,0.0249831107
2238,0.0249831107
2239,0.0244932458
2240,0.023023651
2241,0.022452142
2242,0.022452142
2243,0.0215540563
2244,0.0217989887
2245,0.0211458355
2246,0.0207376148
2247,0.0202477498
2248,0.0195129525
2249,0.0188597992
2250,0.018206646
2251,0.0177167811
2252,0.0186965109
2253,0.0187781551
2254,0.0211458355
2255,0.0229420069
2256,0.0201661057
2257,0.0190230876
2258,0.0188597992
2259,0.0190230876
2260,0.0207376148
2261,0.0291469625
2262,0.0470270319
2263,0.0376379543
2264,0.0360050713
2265,0.0499662214
2266,0.0460473021
2267,0.0493130682
2268,0.061559691
2269,0.0526604784
2270,0.0389442608
2271,0.0373113777
2272,0.036903157
2273,0.0341272558
2274,0.0317595754
2275,0.0319228637
2276,0.0503744421
2277,0.1387950594
2278,0.142877267
2279,0.0979729831
2280,0.0815625084
2281,0.0762556385
2282,0.0873592433
2283,0.0914414509
2284,0.1453265916
2285,0.284121651
2286,0.2792230018
2287,0.175534928
2288,0.1543074484
2289,0.1387950594
2290,0.1322635272
2291,0.1363457348
2292,0.158389656
2293,0.1575732145
2294,0.1387950594
2295,0.125731995
2296,0.1126689306
2297,0.0938907755
2298,0.0804194903
2299,0.0744594671
2300,0.066866561
2301,0.0667849168
2302,0.1567567729
2303,0.1469594746
2304,0.1069538399
2305,0.0865428017
2306,0.0724183633
2307,0.0634375066
2308,0.0550281588
2309,0.0518440369
2310,0.0480067617
2311,0.0443327748
2312,0.0401689231
2313,0.0505377304
2314,0.0435979775
2315,0.0359234271
2316,0.0313513546
2317,0.0271058587
2318,0.0258811964
2319,0.0263710613
2320,0.0247381782
2321,0.0234318718
2322,0.0225337861
2323,0.0207376148
2324,0.0193496642
2325,0.017145272
2326,0.0148592358
2327,0.014451015
2328,0.0137978618
2329,0.0124099112
2330,0.0124915553
2331,0.0122466229
2332,0.0108586723
2333,0.0101238749
2334,0.0100422308
2335,0.0093890775
2336,0.0087359243
2337,0.0084909919
2338,0.0068091223
2339,0.0066621629
2340,0.0076173994
2341,0.0069887395
2342,0.006980575
2343,0.0189414434
2344,0.1159346967
2345,0.1249155534
2346,0.0582122808
2347,0.0314329987
2348,0.0197578849
2349,0.0136345735
2350,0.0109403164
2351,0.0101238749
2352,0.0111036048
2353,0.0084909919
2354,0.0069152597
2355,0.0061722979
2356,0.005347692
2357,0.00963401
2358,0.0141244384
2359,0.0111852489
2360,0.0087359243
2361,0.0068254512
2362,0.0057559128
2363,0.0155940331
2364,0.0320045078
2365,0.0185332226
2366,0.0143693709
2367,0.0120833346
2368,0.0112668931
2369,0.008572636
2370,0.0373113777
2371,0.0738063139
2372,0.0426998918
2373,0.0342088999
2374,0.0414752295
2375,0.0467820994
2376,0.0248198224
2377,0.0154307448
2378,0.0112668931
2379,0.0091441451
2380,0.0081235932
2381,0.0071683566
2382,0.0404954997
2383,0.0231869393
2384,0.0125731995
2385,0.0093890775
2386,0.0079113184
2387,0.0072010143
2388,0.0056661042
2389,0.0050047866
2390,0.005110924
2391,0.0055926245
2392,0.0050782663
2393,0.0044577707
2394,0.0040658788
2395,0.0037719598
2396,0.0035106986
2397,0.0034862053
2398,0.0037637954
2399,0.0039270837
2400,0.0041230297
2401,0.0084093477
2402,0.0097156542
2403,0.0097972983
2404,0.0065805187
2405,0.0049558001
2406,0.0039107549
2407,0.0055191447
2408,0.0058702146
2409,0.0048496627
2410,0.0042291671
2411,0.0038780972
2412,0.0037719598
2413,0.0036821513
2414,0.0061314759
2415,0.0089808568
2416,0.006645834
2417,0.0053640208
2418,0.0047435253
2419,0.0047271964
2420,0.0042291671
2421,0.0038046175
2422,0.0034453832
2423,0.0031188066
2424,0.0029636827
2425,0.0028657098
2426,0.0028575453
2427,0.0028738742
2428,0.0027432435
2429,0.0026371061
2430,0.0025391331
2431,0.0024983111
2432,0.0024738178
2433,0.0024003381
2434,0.0022697074
2435,0.0021554056
2436,0.0020819259
2437,0.0019921173
2438,0.001926802
2439,0.0018206646
2440,0.0016818695
2441,0.0016328831
2442,0.0016165542
2443,0.0015838966
2444,0.0019023088
2445,0.0035351918
2446,0.0032086152
2447,0.0031514643
2448,0.003755631
2449,0.004188345
2450,0.0035841783
2451,0.0030208336
2452,0.0027024215
2453,0.0025146399
2454,0.0023350228
2455,0.0021390768
2456,0.0020411038
2457,0.0020411038
2458,0.0019921173
2459,0.0019676241
2460,0.0019349664
2461,0.0019186376
2462,0.0018778155
2463,0.0018533223
2464,0.0093890775
2465,0.0118384021
2466,0.0079929625
2467,0.00621312
2468,0.0052742123
2469,0.0046128946
2470,0.0041067009
2471,0.0036331648
2472,0.0071601922
2473,0.0072908228
2474,0.0056171177
2475,0.0043516333
2476,0.0038372752
2477,0.0033800679
2478,0.0032820949
2479,0.0030943134
2480,0.0029228607
2481,0.0029065318
2482,0.0029065318
2483,0.0028575453
2484,0.0028657098
2485,0.0029065318
2486,0.0029473539
2487,0.0029065318
2488,0.0029065318
2489,0.0029963404
2490,0.0028983674
2491,0.0028412165
2492,0.0035106986
2493,0.0122466229
2494,0.0107770281
2495,0.0073153161
2496,0.0056905974
2497,0.0048986492
2498,0.004482264
2499,0.0042781536
2500,0.0040822076
2501,0.0039923991
2502,0.0038862617
2503,0.0053313632
2504,0.0059845164
2505,0.0033310814
2506,0.0041148653
2507,0.0057477483
2508,0.0064335592
2509,0.007037726
2510,0.0062376133
2511,0.0050292798
2512,0.0043679622
2513,0.0041230297
2514,0.0042046739
2515,0.017145272
2516,0.0236768042
2517,0.0163288305
2518,0.0116751138
2519,0.0093074334
2520,0.0083277036
2521,0.0080664423
2522,0.0079603049
2523,0.0079847981
2524,0.0083277036
2525,0.0078541675
2526,0.0073153161
2527,0.0091441451
2528,0.0127364878
2529,0.0127364878
2530,0.0114301814
2531,0.0099605866
2532,0.0091441451
2533,0.0086542802
2534,0.0082460594
2535,0.0076908792
2536,0.0070622192
2537,0.0066703273
2538,0.0063519151
2539,0.0063355862
2540,0.0095523659
2541,0.0099605866
2542,0.0188597992
2543,0.0263710613
2544,0.0206559706
2545,0.0153491007
2546,0.0137978618
2547,0.013389641
2548,0.0154307448
2549,0.0635191507
2550,0.0587837899
2551,0.0394341257
2552,0.0330658818
2553,0.0322494403
2554,0.0298817598
2555,0.0273507911
2556,0.0270242145
2557,0.0319228637
2558,0.0294735391
2559,0.0252280431
2560,0.0220439212
2561,0.0186965109
2562,0.0168186954
2563,0.0156756773
2564,0.0148592358
2565,0.0147775916
2566,0.0343721882
2567,0.1281813195
2568,0.0849099187
2569,0.0813992201
2570,0.0520889693
2571,0.0360050713
2572,0.0403322114
2573,0.0494763565
2574,0.0409853646
2575,0.0333924584
2576,0.0287387417
2577,0.0249831107
2578,0.0217173446
2579,0.0201661057
2580,0.0191047317
2581,0.0182882902
2582,0.0185332226
2583,0.0212274797
2584,0.0205743264
2585,0.0197578849
2586,0.0187781551
2587,0.0186148668
2588,0.0201661057
2589,0.0214724121
2590,0.0241666692
2591,0.0498029331
2592,0.0524971901
2593,0.0436796216
2594,0.0370664453
2595,0.0329842376
2596,0.0298001157
2597,0.0283305209
2598,0.0284938092
2599,0.0253913315
2600,0.0225337861
2601,0.0226154303
2602,0.0208192589
2603,0.0254729756
2604,0.0773170125
2605,0.0761739944
2606,0.0523339018
2607,0.0440878424
2608,0.0542933615
2609,0.0589470782
2610,0.0472719643
2611,0.0531503433
2612,0.2922860662
2613,0.2384009255
2614,0.1298142026
2615,0.0914414509
2616,0.0734797373
2617,0.0601717404
2618,0.0703772595
2619,0.0808277111
2620,0.064743813
2621,0.0550281588
2622,0.0494763565
2623,0.0453125047
2624,0.0426998918
2625,0.0402505672
2626,0.0386993283
2627,0.0497212889
2628,0.0490681357
2629,0.0435979775
2630,0.0399239906
2631,0.0782967423
2632,0.1192004628
2633,0.0971565416
2634,0.0779701657
2635,0.0617229793
2636,0.0525788343
2637,0.0500478655
2638,0.0499662214
2639,0.047598541
2640,0.0441694865
2641,0.0449859281
2642,0.0508643071
2643,0.0449859281
2644,0.0514358161
2645,0.0906250094
2646,0.0678462908
2647,0.0542933615
2648,0.0484966266
2649,0.0462922345
2650,0.0485782708
2651,0.0462105904
2652,0.0447409956
2653,0.0427815359
2654,0.0574774834
2655,0.1289977611
2656,0.0914414509
2657,0.0672747817
2658,0.0555996679
2659,0.0542933615
2660,0.0569059743
2661,0.0491497799
2662,0.0435163333
2663,0.039597414
2664,0.0364949362
2665,0.033719035
2666,0.0320045078
2667,0.0284121651
2668,0.0258811964
2669,0.0259628405
2670,0.0307798455
2671,0.0274324353
2672,0.0247381782
2673,0.0266159937
2674,0.0321677961
2675,0.0281672326
2676,0.026207773
2677,0.026779282
2678,0.0243299575
2679,0.0248198224
2680,0.0335557467
2681,0.0327393052
2682,0.0318412195
2683,0.0397607023
2684,0.0435163333
2685,0.0393524815
2686,0.0327393052
2687,0.0276773677
2688,0.0256362639
2689,0.0229420069
2690,0.0210641914
2691,0.0222072095
2692,0.0209825472
2693,0.018206646
2694,0.0169819837
2695,0.0162471864
2696,0.0151041682
2697,0.0175534928
2698,0.0169003396
2699,0.0159206098
2700,0.0141244384
2701,0.0154307448
2702,0.0162471864
2703,0.0137162176
2704,0.0118384021
2705,0.010695384
2706,0.00963401
2707,0.0115934697
2708,0.0121649787
2709,0.0099605866
2710,0.0089808568
2711,0.0081644153
2712,0.0076255639
2713,0.0080256202
2714,0.0189414434
2715,0.0142877267
2716,0.0110219606
2717,0.0090625009
2718,0.0079521405
2719,0.0073316449
2720,0.0075847418
2721,0.0073887958
2722,0.0078786607
2723,0.0069070953
2724,0.0057559128
2725,0.0046537167
2726,0.0040087279
2727,0.0036984801
2728,0.0035433562
2729,0.0033882323
2730,0.0031351355
2731,0.0029800116
2732,0.0028085588
2733,0.0026615994
2734,0.0025881196
2735,0.0024983111
2736,0.0027595724
2737,0.0028412165
2738,0.0024983111
2739,0.0024656534
2740,0.0024248313
2741,0.0022288854
2742,0.0021472412
2743,0.0021472412
2744,0.0020411038
2745,0.0019757885
2746,0.0020492682
2747,0.0020982547
2748,0.0021390768
2749,0.0020900903
2750,0.0018778155
2751,0.0016083898
2752,0.0016737051
2753,0.001730856
2754,0.0015512389
2755,0.0014451015
2756,0.0014042794
2757,0.0012164979
2758,0.0010695384
2759,0.0010368807
2760,0.000963401
2761,0.0009225789
2762,0.0008327704
2763,0.0007021397
2764,0.0006694821
2765,0.0005715091
2766,0.0005470158
2767,0.0009307433
2768,0.0010695384
2769,0.0010450452
2770,0.0009062501
2771,0.0012491555
2772,0.0010858672
2773,0.0009062501
2774,0.0007592906
2775,0.0006858109
2776,0.0005960023
2777,0.0005061937
2778,0.0004980293
2779,0.0005796735
2780,0.0006694821
2781,0.0005143582
2782,0.0006531532
2783,0.0019431308
2784,0.0011430181
2785,0.0010450452
2786,0.0011021961
2787,0.0009878942
2788,0.0009960587
2789,0.0009715654
2790,0.0008490992
2791,0.0019186376
2792,0.001690034
2793,0.0015104168
2794,0.0012736488
2795,0.0011920046
2796,0.0010777028
2797,0.0009878942
2798,0.0009307433
2799,0.0007756194
2800,0.0007511262
2801,0.0008082771
2802,0.0008327704
2803,0.0007592906
2804,0.0006939753
2805,0.0006204956
2806,0.0007103041
2807,0.0009225789
2808,0.0009552366
2809,0.0008817568
2810,0.0007511262
2811,0.0008082771
2812,0.0007021397
2813,0.0006531532
2814,0.0005715091
2815,0.0005061937
2816,0.0005061937
2817,0.0005061937
2818,0.0005225226
2819,0.0010205519
2820,0.000963401
2821,0.0008001127
2822,0.0007103041
2823,0.0006531532
2824,0.0008327704
2825,0.000726633
2826,0.0006204956
2827,0.0008246059
2828,0.0008246059
2829,0.0007756194
2830,0.000726633
2831,0.0010450452
2832,0.0010450452
2833,0.0010205519
2834,0.0009225789
2835,0.0008409348
2836,0.0008572636
2837,0.0008899213
2838,0.0008246059
2839,0.0011756758
2840,0.0014369371
2841,0.0012083335
2842,0.0012164979
2843,0.0012736488
2844,0.0012328267
2845,0.0011675114
2846,0.0011756758
2847,0.0011838402
2848,0.0017145272
2849,0.0017553493
2850,0.0015757321
2851,0.0124099112
2852,0.0469453877
2853,0.0231869393
2854,0.0129814203
2855,0.0088175685
2856,0.0064417236
2857,0.0055273091
2858,0.0142060825
2859,0.0138795059
2860,0.0107770281
2861,0.0091441451
2862,0.0076582215
2863,0.0071520278
2864,0.0066948205
2865,0.0062702709
2866,0.0061559691
2867,0.005976352
2868,0.0072908228
2869,0.005053773
2870,0.0049639645
2871,0.0050782663
2872,0.0051435816
2873,0.0049476356
2874,0.0047353608
2875,0.0047271964
2876,0.0063764083
2877,0.0160838981
2878,0.0147775916
2879,0.0147775916
2880,0.0125731995
2881,0.0137162176
2882,0.013389641
2883,0.0112668931
2884,0.010695384
2885,0.0206559706
2886,0.0182882902
2887,0.0138795059
2888,0.0097156542
2889,0.0081644153
2890,0.0094707217
2891,0.023023651
2892,0.1175675797
2893,0.0930743339
2894,0.0523339018
2895,0.0366582245
2896,0.0289836742
2897,0.0243299575
2898,0.0228603627
2899,0.0222888537
2900,0.0206559706
2901,0.0181250019
2902,0.0155940331
2903,0.0181250019
2904,0.0194313083
2905,0.0186148668
2906,0.0168186954
2907,0.0155940331
2908,0.0163288305
2909,0.0211458355
2910,0.0295551832
2911,0.0313513546
2912,0.0241666692
2913,0.0205743264
2914,0.0187781551
2915,0.0241666692
2916,0.0371480894
2917,0.0298817598
2918,0.0373930219
2919,0.0497212889
2920,0.0397607023
2921,0.0393524815
2922,0.0323310844
2923,0.0342905441
2924,0.0300450481
2925,0.0345354765
2926,0.1232826704
2927,0.1134853721
2928,0.0738063139
2929,0.0518440369
2930,0.0431897567
2931,0.0418018061
2932,0.0367398687
2933,0.0498029331
2934,0.0865428017
2935,0.1289977611
2936,0.0889921263
2937,0.0653153221
2938,0.0531503433
2939,0.0460473021
2940,0.0457207254
2941,0.044414419
2942,0.0439245541
2943,0.0431081126
2944,0.0493130682
2945,0.0552730913
2946,0.0585388574
2947,0.0594369431
2948,0.0617229793
2949,0.0708671244
2950,0.0729898724
2951,0.0569876185
2952,0.0464555228
2953,0.0393524815
2954,0.0375563102
2955,0.034780409
2956,0.031596287
2957,0.0291469625
2958,0.0287387417
2959,0.0283305209
2960,0.0277590119
2961,0.031024778
2962,0.0353519181
2963,0.0356784947
2964,0.0354335622
2965,0.0330658818
2966,0.0338823233
2967,0.0321677961
2968,0.0306165572
2969,0.0320045078
2970,0.0293102508
2971,0.0288203859
2972,0.0390259049
2973,0.0525788343
2974,0.0477618293
2975,0.045475793
2976,0.0619679118
2977,0.1232826704
2978,0.1983952908
2979,0.2139076797
2980,0.1379786179
2981,0.0987894246
2982,0.0840934772
2983,0.0757657736
2984,0.0604166729
2985,0.0491497799
2986,0.0427815359
2987,0.0404954997
2988,0.0404138555
2989,0.0423733152
2990,0.0420467386
2991,0.0379645309
2992,0.0335557467
2993,0.0308614897
2994,0.0294735391
2995,0.0295551832
2996,0.033719035
2997,0.0379645309
2998,0.0351069856
2999,0.032086152
3000,0.0305349131
3001,0.0308614897
3002,0.0348620531
3003,0.03853604
3004,0.0338006792
3005,0.031596287
3006,0.031024778
3007,0.0324127286
3008,0.0436796216
3009,0.0746227555
3010,0.1396115009
3011,0.1298142026
3012,0.1045045153
3013,0.1224662289
3014,0.1183840212
3015,0.1322635272
3016,0.2335022764
3017,0.3380067917
3018,0.2800394433
3019,0.4253660349
3020,0.2612612882
3021,0.1624718636
3022,0.1224662289
3023,0.1004223077
3024,0.0832770356
3025,0.0739696022
3026,0.0604983171
3027,0.0498845772
3028,0.0438429099
3029,0.0393524815
3030,0.0381278193
3031,0.0304532689
3032,0.02890203
3033,0.0390259049
3034,0.0542117173
3035,0.0447409956
3036,0.0352702739
3037,0.0308614897
3038,0.0551914471
3039,0.0606616054
3040,0.0457207254
3041,0.0351069856
3042,0.0294735391
3043,0.0265343496
3044,0.0297184715
3045,0.0303716248
3046,0.0244116016
3047,0.0285754534
3048,0.0832770356
3049,0.0747860438
3050,0.0522522576
3051,0.0391075491
3052,0.0315146429
3053,0.0270242145
3054,0.0235951601
3055,0.0220439212
3056,0.0906250094
3057,0.1134853721
3058,0.0857263602
3059,0.0527421226
3060,0.0356784947
3061,0.0316779312
3062,0.0279223002
3063,0.0215540563
3064,0.0200028174
3065,0.0237584484
3066,0.0209825472
3067,0.0191863759
3068,0.2098254721
3069,0.2261543026
3070,0.1159346967
3071,0.0780518099
3072,0.0670298493
3073,0.0642539481
3074,0.0832770356
3075,0.0589470782
3076,0.0438429099
3077,0.0369848011
3078,0.0413119412
3079,0.0898085678
3080,0.1469594746
3081,0.0938907755
3082,0.0677646466
3083,0.0498029331
3084,0.0370664453
3085,0.02890203
3086,0.0231869393
3087,0.0194313083
3088,0.0169003396
3089,0.0156756773
3090,0.0302083365
3091,0.02890203
3092,0.0275957236
3093,0.0429448243
3094,0.035841783
3095,0.0280855885
3096,0.01926802
3097,0.017145272
3098,0.0156756773
3099,0.0163288305
3100,0.0150225241
3101,0.0179617136
3102,0.0161655422
3103,0.0142877267
3104,0.0222072095
3105,0.0229420069
3106,0.0191863759
3107,0.0141244384
3108,0.0112668931
3109,0.0097156542
3110,0.011756758
3111,0.0146959475
3112,0.0194313083
3113,0.0142060825
3114,0.012818132
3115,0.0120833346
3116,0.0126548436
3117,0.0131447086
3118,0.0151858124
3119,0.0143693709
3120,0.0124099112
3121,0.0093890775
3122,0.0078378386
3123,0.0065886831
3124,0.0069887395
3125,0.0059845164
3126,0.0048659915
3127,0.0106137398
3128,0.0276773677
3129,0.01926802
3130,0.0155940331
3131,0.013389641
3132,0.0106137398
3133,0.0086542802
3134,0.0072500007
3135,0.0063519151
3136,0.0069642462
3137,0.0084093477
3138,0.0072255075
3139,0.0080990999
3140,0.011756758
3141,0.0088992126
3142,0.008139922
3143,0.0070867124
3144,0.0069152597
3145,0.0062457777
3146,0.0056742686
3147,0.0053803497
3148,0.0046618811
3149,0.0041965094
3150,0.0037801243
3151,0.0035923427
3152,0.0034535477
3153,0.0034943697
3154,0.0032902593
3155,0.0028983674
3156,0.0026452705
3157,0.0029555183
3158,0.0029065318
3159,0.00279223
3160,0.0025799552
3161,0.0025881196
3162,0.0023105295
3163,0.0021717345
3164,0.0021309124
3165,0.0020084462
3166,0.0018696511
3167,0.0016981984
3168,0.0039597414
3169,0.0060090096
3170,0.004090372
3171,0.0042618248
3172,0.0445777073
3173,0.0441694865
3174,0.0244116016
3175,0.0147775916
3176,0.0104504515
3177,0.0080827711
3178,0.0058457213
3179,0.0047027032
3180,0.0064498881
3181,0.0248198224
3182,0.0104504515
3183,0.0071928498
3184,0.0059926808
3185,0.0058130637
3186,0.0061804624
3187,0.0051599104
3188,0.0044659351
3189,0.0039679058
3190,0.0034453832
3191,0.003086149
3192,0.0029146962
3193,0.0027432435
3194,0.0024248313
3195,0.0023431872
3196,0.0023921737
3197,0.0022452142
3198,0.0021309124
3199,0.002024775
3200,0.0020574326
3201,0.0026207773
3202,0.0029963404
3203,0.0027595724
3204,0.0038454396
3205,0.0071112057
3206,0.0047598541
3207,0.0038617684
3208,0.0029636827
3209,0.0027759012
3210,0.0027432435
3211,0.0049313068
3212,0.0044251131
3213,0.0031106422
3214,0.002694257
3215,0.0025146399
3216,0.0022942007
3217,0.00216357
3218,0.0021064191
3219,0.0031677931
3220,0.0353519181
3221,0.1322635272
3222,0.160022539
3223,0.0701323271
3224,0.0451492164
3225,0.5796734833
3226,0.3249437273
3227,0.1420608255
3228,0.0873592433
3229,0.0645805247
3230,0.0520073252
3231,0.0445777073
3232,0.0423733152
3233,0.0462105904
3234,0.0370664453
3235,0.0320045078
3236,0.0280039443
3237,0.0236768042
3238,0.0241666692
3239,0.0240033809
3240,0.0266159937
3241,0.026207773
3242,0.0279223002
3243,0.0352702739
3244,0.0321677961
3245,0.0412302971
3246,0.0491497799
3247,0.0403322114
3248,0.0377195985
3249,0.0419650944
3250,0.0364949362
3251,0.032657661
3252,0.0302083365
3253,0.0276773677
3254,0.0275140794
3255,0.0253096873
3256,0.0235951601
3257,0.0236768042
3258,0.0232685835
3259,0.0226970744
3260,0.0220439212
3261,0.0212274797
3262,0.0427815359
3263,0.047108676
3264,0.0370664453
3265,0.0332291701
3266,0.0338006792
3267,0.0320045078
3268,0.0316779312
3269,0.0357601388
3270,0.0298817598
3271,0.0252280431
3272,0.0252280431
3273,0.0231869393
3274,0.0222072095
3275,0.0237584484
3276,0.0280039443
3277,0.0253913315
3278,0.0221255653
3279,0.0254729756
3280,0.0457207254
3281,0.0398423465
3282,0.0312697104
3283,0.0302899806
3284,0.026779282
3285,0.0261261288
3286,0.0256362639
3287,0.0250647548
3288,0.0236768042
3289,0.0226970744
3290,0.0231869393
3291,0.0268609262
3292,0.0300450481
3293,0.0316779312
3294,0.0329025935
3295,0.0306982014
3296,0.0280855885
3297,0.0264527054
3298,0.0276773677
3299,0.0548648705
3300,0.4098536459
3301,0.3224944027
3302,0.2212556535
3303,0.1265484365
3304,0.0671114934
3305,0.0582122808
3306,0.052987055
3307,0.0488232032
3308,0.045475793
3309,0.0437612658
3310,0.0595185872
3311,0.1159346967
3312,0.0857263602
3313,0.0611514703
3314,0.052415546
3315,0.061559691
3316,0.0597635197
3317,0.0500478655
3318,0.0446593515
3319,0.0403322114
3320,0.0458840137
3321,0.0520073252
3322,0.0378012426
3323,0.0721734309
3324,0.0587837899
3325,0.0477618293
3326,0.0544566498
3327,0.0515991044
3328,0.0432714009
3329,0.1575732145
3330,0.3118806628
3331,0.1575732145
3332,0.0996058661
3333,0.0824605941
3334,0.0808277111
3335,0.073316449
3336,0.0671114934
3337,0.062049556
3338,0.1020551907
3339,0.1200169043
3340,0.1020551907
3341,0.0840934772
3342,0.0906250094
3343,0.0963401
3344,0.1347128518
3345,0.1036880738
3346,0.0832770356
3347,0.0731531607
3348,0.1167511382
3349,0.2800394433
3350,0.1657376297
3351,0.1167511382
3352,0.0955236585
3353,0.0832770356
3354,0.0857263602
3355,0.0824605941
3356,0.0721734309
3357,0.0661317636
3358,0.0645805247
3359,0.0664583402
3360,0.0691525972
3361,0.0649887455
3362,0.0636007949
3363,0.0629476416
3364,0.0494763565
3365,0.0453941488
3366,0.0439245541
3367,0.0426998918
3368,0.0436796216
3369,0.0474352526
3370,0.0506193746
3371,0.0525788343
3372,0.0488232032
3373,0.0495580006
3374,0.0562528211
3375,0.0796030488
3376,0.1028716322
3377,0.1151182551
3378,0.0849099187
3379,0.0717652101
3380,0.0698057505
3381,0.1085867229
3382,0.1265484365
3383,0.0889921263
3384,0.0938907755
3385,0.0906250094
3386,0.0750309762
3387,0.0636007949
3388,0.0573958393
3389,0.0533952758
3390,0.05780406
3391,0.0507010187
3392,0.0457207254
3393,0.1208333458
3394,0.3796453095
3395,0.2400338086
3396,0.1526745653
3397,0.1192004628
3398,0.0930743339
3399,0.0782150982
3400,0.0670298493
3401,0.0587837899
3402,0.0653153221
3403,0.1216497873
3404,0.0996058661
3405,0.0996058661
3406,0.0816441526
3407,0.07707208
3408,0.0720917867
3409,0.0618862677
3410,0.0530686992
3411,0.0490681357
3412,0.0447409956
3413,0.0448226398
3414,0.054048429
3415,0.0476801851
3416,0.0418018061
3417,0.037474666
3418,0.0346171207
3419,0.0324943727
3420,0.0365765804
3421,0.0360050713
3422,0.0323310844
3423,0.0579673483
3424,0.0453125047
3425,0.0372297336
3426,0.0320045078
3427,0.037474666
3428,0.0344538324
3429,0.0301266923
3430,0.0277590119
3431,0.0235135159
3432,0.020329394
3433,0.0191863759
3434,0.01926802
3435,0.0217173446
3436,0.0206559706
3437,0.0175534928
3438,0.0151041682
3439,0.0132263527
3440,0.0132263527
3441,0.0142060825
3442,0.0125731995
3443,0.0163288305
3444,0.0152674565
3445,0.0137162176
3446,0.012818132
3447,0.0120833346
3448,0.0118384021
3449,0.0104504515
3450,0.0097156542
3451,0.0084909919
3452,0.0079276472
3453,0.0063682439
3454,0.0054538294
3455,0.0048986492
3456,0.0041801806
3457,0.0038454396
3458,0.0034535477
3459,0.0024819822
3460,0.0013552929
3461,0.0010450452
3462,0.0146143033
3463,0.0534769199
3464,0.0209825472
3465,0.0139611501
3466,0.0368215128
3467,0.0246565341
3468,0.0128997761
3469,0.0077725233
3470,0.0074377823
3471,0.0061967912
3472,0.0048823203
3473,0.0045149216
3474,0.0043516333
3475,0.0039923991
3476,0.0036005071
3477,0.0032167796
3478,0.0028412165
3479,0.0025228043
3480,0.002220721
3481,0.0020574326
3482,0.0019594597
3483,0.001926802
3484,0.0026615994
3485,0.0323310844
3486,0.0382094634
3487,0.0093074334
3488,0.0046455523
3489,0.0035923427
3490,0.0038127819
3491,0.0058293925
3492,0.0068989309
3493,0.0060579961
3494,0.0109403164
3495,0.0111036048
3496,0.0079358116
3497,0.0065723543
3498,0.0061314759
3499,0.0052415546
3500,0.0045067572
3501,0.004580237
3502,0.0111852489
3503,0.0130630644
3504,0.0189414434
3505,0.0110219606
3506,0.0080501134
3507,0.0088175685
3508,0.0104504515
3509,0.0094707217
3510,0.0204110381
3511,0.1134853721
3512,0.0797663371
3513,0.1494087992
3514,0.1526745653
3515,0.0814808643
3516,0.046537167
3517,0.0427815359
3518,0.0531503433
3519,0.0372297336
3520,0.0252280431
3521,0.0350253415
3522,0.0496396448
3523,0.0311064221
3524,0.0190230876
3525,0.0138795059
3526,0.0108586723
3527,0.0098789425
3528,0.0079276472
3529,0.0066376696
3530,0.0060579961
3531,0.0052007325
3532,0.004719032
3533,0.0043026468
3534,0.0038291108
3535,0.0033882323
3536,0.0041965094
3537,0.007511262
3538,0.0067519714
3539,0.0049558001
3540,0.0050211154
3541,0.0298001157
3542,0.0300450481
3543,0.032657661
3544,0.0260444847
3545,0.0178800694
3546,0.013389641
3547,0.0106137398
3548,0.1812500187
3549,0.3388232332
3550,0.1379786179
3551,0.0809093552
3552,0.0511092395
3553,0.0365765804
3554,0.027269147
3555,0.0353519181
3556,0.1224662289
3557,0.1861486679
3558,0.125731995
3559,0.0898085678
3560,0.0622944884
3561,0.0480067617
3562,0.0502111538
3563,0.0865428017
3564,0.0761739944
3565,0.0557629562
3566,0.0648254571
3567,0.0440878424
3568,0.0328209493
3569,0.0288203859
3570,0.0280039443
3571,0.0515174603
3572,0.1796171357
3573,0.0938907755
3574,0.0684177999
3575,0.0554363796
3576,0.0532319875
3577,0.0477618293
3578,0.0405771438
3579,0.0360050713
3580,0.0339639675
3581,0.0311880663
3582,0.0284938092
3583,0.0284121651
3584,0.0328209493
3585,0.0309431338
3586,0.0277590119
3587,0.0398423465
3588,0.1151182551
3589,0.0881756848
3590,0.0758474177
3591,0.0649071013
3592,0.1045045153
3593,0.0702139712
3594,0.4563908129
3595,0.3641329205
3596,0.1788006941
3597,0.1779842526
3598,0.2367680425
3599,0.1510416823
3600,0.110219606
3601,0.2179898874
3602,0.1812500187
3603,0.1224662289
3604,0.2114583552
3605,0.2963682739
3606,0.1657376297
3607,0.1534910068
3608,0.141244384
3609,0.1175675797
3610,0.1143018136
3611,0.1518581238
3612,0.1347128518
3613,0.0987894246
3614,0.0752759087
3615,0.0727449399
3616,0.0794397605
3617,0.0971565416
3618,0.3657658035
3619,0.2865709755
3620,0.1698198374
3621,0.1240991119
3622,0.1028716322
3623,0.1534910068
3624,0.2367680425
3625,0.1657376297
3626,0.1183840212
3627,0.0963401
3628,0.0832770356
3629,0.0711120569
3630,0.0623761326
3631,0.0591920106
3632,0.0537218524
3633,0.0512725278
3634,0.0455574371
3635,0.0449859281
3636,0.0471903202
3637,0.04817005
3638,0.0756024853
3639,0.0659684753
3640,0.0512725278
3641,0.0468637436
3642,0.1069538399
3643,0.270242145
3644,0.1494087992
3645,0.0963401
3646,0.0763372827
3647,0.0629476416
3648,0.0563344653
3649,0.058865434
3650,0.0857263602
3651,0.0717652101
3652,0.0604166729
