$Weekly Temperature Data for daily run off (Average of all tribs),
Auto-Generated,
JDAY,Temp
1,1.512180611
2,1.512180611
3,1.512180611
4,1.512180611
5,1.512180611
6,1.42621029
7,1.329799037
8,1.233387785
9,1.136976533
10,1.04056528
11,0.944154028
12,0.847742776
13,0.853569989
14,0.859397201
15,0.869699099
16,0.880000997
17,0.890302894
18,0.900604792
19,0.91090669
20,0.921208587
21,0.824953211
22,0.728697835
23,0.632442459
24,0.536187083
25,0.439931708
26,0.343676332
27,0.428884794
28,0.514093257
29,0.611234213
30,0.708375169
31,0.805516124
32,0.90265708
33,0.999798035
34,0.985198234
35,0.970598432
36,0.95599863
37,0.941398829
38,0.926799027
39,0.912199225
40,0.897599424
41,0.882999622
42,0.862615824
43,0.907860735
44,0.953105647
45,0.998350558
46,1.04359547
47,1.088840382
48,1.134085293
49,1.180224328
50,1.136869667
51,1.093515006
52,1.050160345
53,1.006805684
54,0.963451023
55,0.935386012
56,0.907321002
57,0.891188484
58,0.875055966
59,0.858923449
60,0.842790931
61,0.826658413
62,0.810525895
63,0.978748317
64,1.278228159
65,1.577708002
66,1.877187844
67,2.176667686
68,2.476147528
69,2.730167432
70,2.984187336
71,3.226274747
72,3.468362158
73,3.710449569
74,3.95253698
75,4.194624391
76,4.182305873
77,4.169987356
78,4.008512679
79,3.847038002
80,3.685563325
81,3.524088648
82,3.362613971
83,3.693640785
84,4.024667599
85,4.6241755
86,5.2236834
87,5.823191301
88,6.422699202
89,7.022207102
90,7.276562931
91,7.530918759
92,7.415367312
93,7.299815865
94,7.184264418
95,7.068712972
96,6.953161525
97,6.630043946
98,6.306926367
99,6.365648555
100,6.424370744
101,6.483092933
102,6.541815121
103,6.60053731
104,7.113690977
105,7.626844644
106,7.949078427
107,8.27131221
108,8.593545993
109,8.915779777
110,9.23801356
111,9.560247343
112,10.17426925
113,11.15819844
114,12.14212762
115,13.12605681
116,14.10998599
117,15.09391517
118,15.32323431
119,15.55255345
120,15.03609179
121,14.51963013
122,14.00316848
123,13.48670682
124,12.97024516
125,12.63347047
126,12.29669578
127,12.52074825
128,12.74480072
129,12.9688532
130,13.19290567
131,13.41695814
132,13.62624918
133,13.83554023
134,13.88374263
135,13.93194502
136,13.98014741
137,14.02834981
138,14.0765522
139,14.26374932
140,14.45094644
141,14.50091989
142,14.55089334
143,14.60086679
144,14.65084024
145,14.70081369
146,14.75078714
147,14.54660847
148,14.58107966
149,14.61555085
150,14.65002203
151,14.68449322
152,14.71896441
153,15.16614037
154,15.61331633
155,15.66672003
156,15.72012373
157,15.77352743
158,15.82693112
159,15.88033482
160,15.63933509
161,15.39833536
162,15.4765298
163,15.55472425
164,15.6329187
165,15.71111315
166,15.78930759
167,15.99269673
168,16.19608587
169,16.39947501
170,16.51237607
171,16.62527714
172,16.73817821
173,16.85107927
174,17.01409714
175,17.177115
176,17.35604286
177,17.53497071
178,17.71389856
179,17.89282642
180,18.07175427
181,18.06042797
182,18.04910166
183,18.03539259
184,18.02168353
185,18.00797446
186,17.99426539
187,17.98055632
188,17.97253477
189,17.96451321
190,17.96146353
191,17.95841385
192,17.95536416
193,17.95231448
194,17.9492648
195,18.09775007
196,18.31285843
197,18.52796678
198,18.74307514
199,18.9581835
200,19.17329186
201,19.38840021
202,19.62043066
203,19.91808982
204,20.21574898
205,20.51340814
206,20.8110673
207,21.10872646
208,21.40638562
209,21.52257844
210,21.63877126
211,21.57597669
212,21.51318212
213,21.45038755
214,21.38759298
215,21.32479841
216,21.18022935
217,21.0356603
218,20.74193508
219,20.44820987
220,20.15448466
221,19.86075944
222,19.56703423
223,19.614839
224,19.66264378
225,20.10422081
226,20.54579785
227,20.98737488
228,21.42895192
229,21.87052895
230,22.16077277
231,22.45101658
232,22.40715059
233,22.36328461
234,22.31941862
235,22.27555263
236,22.23168665
237,21.79459492
238,21.3575032
239,20.69369411
240,20.02988503
241,19.36607594
242,18.70226685
243,18.03845777
244,17.59451807
245,17.15057838
246,17.06461347
247,16.97864856
248,16.89268364
249,16.80671873
250,16.72075382
251,16.63478891
252,16.71291695
253,16.65978757
254,16.60665819
255,16.5535288
256,16.50039942
257,16.44727004
258,16.0685149
259,15.68975976
260,15.32890336
261,14.96804695
262,14.60719055
263,14.24633415
264,13.88547774
265,13.95980541
266,14.03413308
267,14.10846075
268,14.18278842
269,14.25711609
270,14.33144375
271,14.40577142
272,14.16469449
273,13.92361756
274,13.67657439
275,13.42953122
276,13.18248804
277,12.93544487
278,12.68840169
279,12.44135852
280,12.17185674
281,11.6756376
282,11.17941846
283,10.68319931
284,10.18698017
285,9.690761033
286,9.194541892
287,8.514919891
288,8.211171412
289,7.907422933
290,7.603674454
291,7.299925975
292,6.996177496
293,7.21989457
294,7.443611645
295,7.601700009
296,7.759788374
297,7.917876738
298,8.075965102
299,8.234053467
300,8.392141831
301,8.412179707
302,8.294993917
303,8.177808127
304,8.060622336
305,7.943436546
306,7.826250756
307,7.609759452
308,7.393268147
309,7.39827374
310,7.403279332
311,7.408284925
312,7.413290517
313,7.41829611
314,7.630138467
315,7.841980824
316,8.053823181
317,8.169957002
318,8.286090824
319,8.402224646
320,8.518358467
321,8.431469665
322,8.344580864
323,8.257692062
324,8.17080326
325,8.083914459
326,7.997025657
327,7.910136855
328,7.823248054
329,7.571044509
330,7.318840964
331,7.066637419
332,6.814433874
333,6.562230329
334,6.310026784
335,5.78042152
336,5.250816256
337,4.802501098
338,4.354185941
339,3.905870783
340,3.457555626
341,3.009240468
342,2.850061611
343,2.690882753
344,2.531703896
345,2.372525038
346,2.21334618
347,2.054167323
348,1.894988465
349,1.670887094
350,1.446785723
351,1.288313062
352,1.129840401
353,0.97136774
354,0.812895079
355,0.654422418
356,0.495949757
357,0.460152279
358,0.460152279
359,0.460152279
360,0.460152279
361,0.460152279
362,0.460152279
363,0.460152279
364,0.460152279
365,0.460152279
366,0.493096962
367,0.526041645
368,0.558986328
369,0.591931011
370,0.55610973
371,0.520288448
372,0.477506546
373,0.434724644
374,0.391942741
375,0.349160839
376,0.306378937
377,0.41229049
378,0.518202043
379,0.647978582
380,0.77775512
381,0.907531659
382,1.037308197
383,1.167084736
384,1.296861275
385,1.259483789
386,1.21017381
387,1.160863831
388,1.111553852
389,1.062243874
390,1.012933895
391,0.963623916
392,0.929769946
393,0.854152251
394,0.778534555
395,0.70291686
396,0.627299165
397,0.55168147
398,0.523281786
399,0.494882102
400,0.502279896
401,0.50967769
402,0.517075484
403,0.524473278
404,0.531871072
405,0.589156058
406,0.646441044
407,0.776066767
408,0.90569249
409,1.035318213
410,1.164943937
411,1.29456966
412,1.424195383
413,1.553821107
414,1.67066025
415,1.70919241
416,1.74772457
417,1.786256731
418,1.824788891
419,1.845977869
420,1.85150545
421,1.857033031
422,1.862560613
423,1.868088194
424,1.873615775
425,1.879143357
426,2.001349131
427,2.123554906
428,2.446375715
429,2.769196524
430,3.092017334
431,3.414838143
432,3.737658952
433,3.892798587
434,4.047938222
435,4.070328875
436,4.092719528
437,4.115110182
438,4.137500835
439,4.159891488
440,4.182282141
441,4.632199197
442,5.082116253
443,5.507671136
444,5.933226019
445,6.358780902
446,6.784335785
447,6.815296742
448,6.846257698
449,6.980633591
450,7.115009485
451,7.249385378
452,7.383761272
453,7.518137165
454,7.900491788
455,8.282846412
456,8.874019658
457,9.465192904
458,10.05636615
459,10.6475394
460,11.23871264
461,11.82988589
462,12.04995465
463,11.81658869
464,11.58322273
465,11.34985677
466,11.11649081
467,10.88312485
468,10.79928994
469,10.71545504
470,10.82254001
471,10.92962499
472,11.03670997
473,11.14379495
474,11.25087993
475,11.35796491
476,11.57920131
477,11.49019291
478,11.40118451
479,11.3121761
480,11.2231677
481,11.13415929
482,11.05331916
483,10.97247902
484,11.51063695
485,12.04879488
486,12.5869528
487,13.12511073
488,13.66326865
489,14.20142658
490,14.73958451
491,14.57431606
492,13.7721508
493,12.96998555
494,12.1678203
495,11.36565505
496,11.43588054
497,11.50610603
498,11.84481261
499,12.1835192
500,12.52222578
501,12.86093236
502,13.19963894
503,13.50666151
504,13.81368408
505,14.9380824
506,16.06248072
507,17.18687904
508,18.31127736
509,19.43567569
510,20.56007401
511,21.42145415
512,21.39013468
513,21.35881522
514,21.32749575
515,21.29617628
516,21.26485681
517,21.23353734
518,21.20221787
519,20.99123159
520,20.45483629
521,19.91844099
522,19.38204569
523,18.84565039
524,18.44438407
525,18.04311776
526,18.12014553
527,18.19717329
528,18.27420106
529,18.35122883
530,18.42825659
531,18.76328515
532,19.09831371
533,19.57653218
534,20.05475065
535,20.53296912
536,21.01118758
537,21.48940605
538,21.81934622
539,22.14928638
540,22.18688048
541,22.22447457
542,22.26206866
543,22.29966276
544,22.33725685
545,22.36310446
546,22.38895207
547,22.76084197
548,23.13273187
549,23.50462177
550,23.87651167
551,24.24840157
552,24.62029147
553,24.88708125
554,24.59901011
555,24.31093897
556,24.02286783
557,23.7347967
558,23.44672556
559,23.10443092
560,22.76213628
561,22.75395144
562,22.7457666
563,22.73758176
564,22.72939692
565,22.72121208
566,22.68262788
567,22.64404368
568,22.49806704
569,22.3520904
570,22.20611377
571,22.06013713
572,21.9141605
573,21.76818386
574,21.65228152
575,21.40512176
576,21.157962
577,20.91080224
578,20.66364248
579,20.41648272
580,20.33345452
581,20.25042631
582,20.29790974
583,20.34539317
584,20.39287661
585,20.44036004
586,20.48784347
587,20.5353269
588,20.58281034
589,20.39839131
590,20.1043425
591,19.8102937
592,19.51624489
593,19.22219609
594,19.06080198
595,18.89940787
596,18.69326692
597,18.48712596
598,18.28098501
599,18.07484405
600,17.8687031
601,17.79722597
602,17.72574884
603,18.22703137
604,18.72831389
605,19.22959642
606,19.73087894
607,20.23216147
608,20.73344399
609,20.91829117
610,20.36630692
611,19.81432267
612,19.26233842
613,18.71035417
614,18.15836992
615,17.60638567
616,17.09164555
617,16.57690543
618,16.14569276
619,15.71448008
620,15.28326741
621,14.85205474
622,14.54564996
623,14.23924519
624,14.35346079
625,14.46767638
626,14.58189198
627,14.69610757
628,14.81032317
629,14.94135063
630,15.07237809
631,15.20340555
632,15.33443301
633,15.46546047
634,15.59648794
635,15.7275154
636,15.69289981
637,15.65828422
638,15.16426766
639,14.6702511
640,14.17623454
641,13.68221798
642,13.18820142
643,12.83770532
644,12.48720921
645,12.34553173
646,12.20385424
647,12.06217676
648,11.92049928
649,11.77882179
650,11.63714431
651,11.29763941
652,10.95216827
653,10.60669713
654,10.26122599
655,9.915754853
656,9.570283713
657,9.486651132
658,9.403018552
659,9.766854449
660,10.13069035
661,10.49452624
662,10.85836214
663,11.22219804
664,11.27733587
665,11.3324737
666,10.46880958
667,9.60514547
668,8.741481357
669,7.877817244
670,7.014153131
671,6.431562759
672,5.848972387
673,6.000230318
674,6.151488249
675,6.302746181
676,6.454004112
677,6.605262043
678,6.947610509
679,7.289958975
680,7.548779992
681,7.807601009
682,8.066422025
683,8.325243042
684,8.584064059
685,8.407190904
686,8.230317749
687,7.790929753
688,7.351541758
689,6.912153762
690,6.472765767
691,6.033377771
692,5.684298251
693,5.335218731
694,5.087565399
695,4.839912067
696,4.592258735
697,4.344605403
698,4.096952072
699,3.900959664
700,3.704967257
701,3.400090854
702,3.09521445
703,2.790338047
704,2.485461644
705,2.18058524
706,2.122133102
707,2.063680965
708,2.005228827
709,2.082508795
710,2.159788762
711,2.237068729
712,2.314348697
713,2.085458531
714,1.856568365
715,1.70225628
716,1.547944194
717,1.393632108
718,1.239320022
719,1.085007936
720,1.096940429
721,1.108872922
722,1.108872922
723,1.108872922
724,1.108872922
725,1.108872922
726,1.108872922
727,1.108872922
728,1.108872922
729,1.108872922
730,1.108872922
731,1.059097143
732,1.009321364
733,0.959545585
734,0.923440953
735,0.887336322
736,0.828957703
737,0.770579085
738,0.712200467
739,0.653821849
740,0.59544323
741,0.621189014
742,0.646934798
743,0.672680582
744,0.698426366
745,0.724172149
746,0.749917933
747,0.775663717
748,0.801409501
749,0.827155285
750,0.76588485
751,0.710182913
752,0.654480975
753,0.598779038
754,0.5430771
755,0.487375162
756,0.44002597
757,0.429075476
758,0.418124983
759,0.40717449
760,0.396223997
761,0.385273503
762,0.380289256
763,0.375305009
764,0.370320762
765,0.358585356
766,0.346849949
767,0.335114542
768,0.323379135
769,0.305677482
770,0.287975829
771,0.299274684
772,0.310573539
773,0.321872394
774,0.333171249
775,0.344470103
776,0.36620989
777,0.381879641
778,0.397549393
779,0.413219145
780,0.428888897
781,0.444558649
782,0.460228401
783,0.475898153
784,0.516924452
785,0.634452848
786,0.751981243
787,0.869509639
788,0.987038035
789,1.104566431
790,1.222094826
791,1.275983261
792,1.250196963
793,1.224410665
794,1.198624367
795,1.17283807
796,1.147051772
797,1.244567899
798,1.342084026
799,1.557157993
800,1.772231959
801,1.987305926
802,2.202379893
803,2.417453859
804,2.594493005
805,2.771532151
806,2.887932698
807,3.004333245
808,3.120733792
809,3.237134339
810,3.353534887
811,3.469935434
812,3.556753343
813,3.686234837
814,3.815716331
815,3.945197826
816,4.07467932
817,4.204160814
818,4.341597304
819,4.479033793
820,4.52762091
821,4.576208027
822,4.624795144
823,4.673382261
824,4.721969377
825,5.110632537
826,5.499295697
827,6.183624864
828,6.867954031
829,7.552283198
830,8.236612365
831,8.920941533
832,9.198074385
833,9.475207237
834,9.377622241
835,9.280037245
836,9.182452249
837,9.084867253
838,8.987282256
839,8.88969726
840,8.954692478
841,9.566743189
842,10.1787939
843,10.79084461
844,11.40289532
845,12.01494603
846,12.62699674
847,13.24004183
848,13.3695264
849,13.49901096
850,13.62849553
851,13.7579801
852,13.88746467
853,13.96225865
854,14.03705262
855,13.90286514
856,13.76867765
857,13.63449016
858,13.50030268
859,13.36611519
860,12.9992441
861,12.632373
862,12.44923025
863,12.26608749
864,12.08294474
865,11.89980199
866,11.71665923
867,11.77216633
868,11.82767344
869,12.29864272
870,12.76961201
871,13.2405813
872,13.71155058
873,14.18251987
874,15.08156733
875,15.9806148
876,16.71625063
877,17.45188645
878,18.18752228
879,18.92315811
880,19.65879394
881,20.39442977
882,20.48720255
883,20.37037918
884,20.25355581
885,20.13673243
886,20.01990906
887,19.90308569
888,19.78626232
889,19.47354719
890,18.86674964
891,18.25995209
892,17.65315454
893,17.04635699
894,16.43955944
895,16.52981834
896,16.62007724
897,17.12918532
898,17.6382934
899,18.14740148
900,18.65650955
901,19.16561763
902,19.24515597
903,19.32469431
904,19.44079844
905,19.55690258
906,19.67300671
907,19.78911085
908,19.90521498
909,20.25267689
910,20.44838102
911,20.64408515
912,20.83978928
913,21.0354934
914,21.23119753
915,21.42690166
916,21.62260579
917,21.81830992
918,21.80055501
919,21.85110031
920,21.90164561
921,21.95219091
922,22.00273622
923,22.04731527
924,22.09189433
925,21.88964172
926,21.68738911
927,21.4851365
928,21.28288389
929,21.08063128
930,20.83661494
931,20.59259861
932,20.4855156
933,20.3784326
934,20.2713496
935,20.16426659
936,20.05718359
937,20.23051416
938,20.40384474
939,20.58453545
940,20.76522617
941,20.94591689
942,21.12660761
943,21.30729832
944,21.27917042
945,21.25104251
946,21.3739314
947,21.49682028
948,21.61970916
949,21.74259804
950,21.86548693
951,21.6042987
952,21.34311047
953,20.82172505
954,20.30033962
955,19.77895419
956,19.25756877
957,18.73618334
958,18.21479791
959,18.39469503
960,18.5785672
961,18.76243936
962,18.94631153
963,19.13018369
964,19.31405586
965,19.03156643
966,18.749077
967,18.68238767
968,18.61569834
969,18.549009
970,18.48231967
971,18.41563033
972,18.37399923
973,18.33236813
974,18.10907701
975,17.88578589
976,17.66249476
977,17.43920364
978,17.21591252
979,16.99262139
980,16.76933027
981,16.75214502
982,17.26327089
983,17.77439675
984,18.28552262
985,18.79664848
986,18.56348511
987,18.33032174
988,17.64930094
989,16.96828014
990,16.28725934
991,15.60623853
992,14.92521773
993,15.0257752
994,15.12633268
995,15.82963813
996,16.53294359
997,17.23624905
998,17.93955451
999,18.64285997
1000,18.69584457
1001,18.74882917
1002,18.03079886
1003,17.31276855
1004,16.59473824
1005,15.87670793
1006,15.15867762
1007,14.58905768
1008,14.01943775
1009,13.44981782
1010,13.57720127
1011,13.70458471
1012,13.83196816
1013,13.95935161
1014,14.08673506
1015,14.13929184
1016,13.82392913
1017,13.50856642
1018,13.19320371
1019,12.87784101
1020,12.5624783
1021,12.18546438
1022,11.80845046
1023,11.44428705
1024,11.08012365
1025,10.71596024
1026,10.35179684
1027,9.987633435
1028,9.539942581
1029,9.092251727
1030,8.644560873
1031,8.064204187
1032,7.4838475
1033,6.903490814
1034,6.323134128
1035,6.124617209
1036,5.926100291
1037,5.727583372
1038,6.102133501
1039,6.476683629
1040,6.851233758
1041,7.225783886
1042,7.665962724
1043,7.981836494
1044,8.297710264
1045,8.613584034
1046,8.929457804
1047,9.245331574
1048,9.561205344
1049,9.674226737
1050,9.78724813
1051,9.25764914
1052,8.728050149
1053,8.198451158
1054,7.668852167
1055,7.139253177
1056,6.75615868
1057,6.928862006
1058,7.101565332
1059,7.274268658
1060,7.446971984
1061,7.61967531
1062,7.792378636
1063,7.965081962
1064,8.137785288
1065,7.850159561
1066,7.800779533
1067,7.751399505
1068,7.702019476
1069,7.652639448
1070,7.821624037
1071,7.990608627
1072,7.5001685
1073,7.009728374
1074,6.519288248
1075,6.028848121
1076,5.538407995
1077,5.134478441
1078,4.730548887
1079,4.326619333
1080,4.301046837
1081,4.275474341
1082,4.249901845
1083,4.224329349
1084,4.198756853
1085,4.235829943
1086,4.272903034
1087,4.272903034
1088,4.272903034
1089,4.272903034
1090,4.272903034
1091,4.272903034
1092,4.272903034
1093,4.272903034
1094,4.272903034
1095,4.272903034
1096,3.293283086
1097,2.313663138
1098,1.33404319
1099,0.563241865
1100,0.712468353
1101,0.861694841
1102,1.010921329
1103,1.160147817
1104,1.309374306
1105,1.469737787
1106,1.630101268
1107,1.60678732
1108,1.583473372
1109,1.560159424
1110,1.536845476
1111,1.513531528
1112,1.49021758
1113,1.466903632
1114,1.543336991
1115,1.619770351
1116,1.69620371
1117,1.772637069
1118,1.849070428
1119,1.925503787
1120,2.032563878
1121,2.139623968
1122,2.231803359
1123,2.323982749
1124,2.41616214
1125,2.508341531
1126,2.569198128
1127,2.630054725
1128,2.690911322
1129,2.514333702
1130,2.337756081
1131,2.16117846
1132,1.98460084
1133,1.808023219
1134,1.55835908
1135,1.613674998
1136,1.668990916
1137,1.724306834
1138,1.779622751
1139,1.834938669
1140,1.999884364
1141,2.164830059
1142,2.329858426
1143,2.494886793
1144,2.65991516
1145,2.824943527
1146,2.989971894
1147,3.155000261
1148,3.2939263
1149,3.253611774
1150,3.213297249
1151,3.172982724
1152,3.132668199
1153,3.092353674
1154,3.031157286
1155,2.969960899
1156,2.923278245
1157,2.876595591
1158,2.829912937
1159,2.783230284
1160,2.73654763
1161,2.862886121
1162,2.989224612
1163,3.501610419
1164,4.013996226
1165,4.526382033
1166,5.038767839
1167,5.551153646
1168,6.048623837
1169,6.546094028
1170,7.043564219
1171,7.643307469
1172,8.24305072
1173,8.84279397
1174,9.442537221
1175,10.04228047
1176,10.64202372
1177,10.28977756
1178,9.937531407
1179,9.585285249
1180,9.233039091
1181,8.880792934
1182,8.263048813
1183,7.645304692
1184,7.674833199
1185,7.704361707
1186,7.733890215
1187,7.763418723
1188,7.792947231
1189,8.043226855
1190,8.293506479
1191,8.49679713
1192,8.700087782
1193,8.903378433
1194,9.106669085
1195,9.309959736
1196,9.916717799
1197,10.52347586
1198,11.35183802
1199,12.18020019
1200,13.00856235
1201,13.83692451
1202,14.66528668
1203,15.49364884
1204,15.30402022
1205,14.57307426
1206,13.84212829
1207,13.11118233
1208,12.38023637
1209,11.64929041
1210,10.91834445
1211,10.6646982
1212,10.58925703
1213,10.51381586
1214,10.43837469
1215,10.36293352
1216,10.28749235
1217,10.21205118
1218,10.40409673
1219,10.91948152
1220,11.43486632
1221,11.95025111
1222,12.4656359
1223,12.9810207
1224,13.46160239
1225,13.94218408
1226,14.42276577
1227,14.81421952
1228,15.20567327
1229,15.59712702
1230,15.98858078
1231,16.21894588
1232,16.44931098
1233,16.5821107
1234,16.71491043
1235,16.84771015
1236,16.98050988
1237,17.1133096
1238,17.39153658
1239,17.66976357
1240,17.99603553
1241,18.32230749
1242,18.64857945
1243,18.97485141
1244,19.30112337
1245,19.62739534
1246,19.27127787
1247,18.53773874
1248,17.80419961
1249,17.07066048
1250,16.33712135
1251,15.60358223
1252,14.8700431
1253,15.00160969
1254,15.13317629
1255,15.63215994
1256,16.13114359
1257,16.63012724
1258,17.1291109
1259,17.18659232
1260,17.24407374
1261,17.30155516
1262,17.44725352
1263,17.59295189
1264,17.73865025
1265,17.88434862
1266,18.33432555
1267,18.78430248
1268,18.95692702
1269,19.12955157
1270,19.30217611
1271,19.47480065
1272,19.6474252
1273,19.77828601
1274,19.90914683
1275,20.25897274
1276,20.60879865
1277,20.95862456
1278,21.30845046
1279,21.65827637
1280,21.7276887
1281,21.58818337
1282,21.44867804
1283,21.30917271
1284,21.16966739
1285,21.03016206
1286,20.89065673
1287,21.00173375
1288,21.11281077
1289,21.52924111
1290,21.94567145
1291,22.36210179
1292,22.77853212
1293,23.19496246
1294,23.08039687
1295,22.96583129
1296,22.36092421
1297,21.75601713
1298,21.15111006
1299,20.54620298
1300,19.94129591
1301,19.7957898
1302,19.6502837
1303,19.80088715
1304,19.95149059
1305,20.10209404
1306,20.25269749
1307,20.40330094
1308,20.64339808
1309,20.88349523
1310,21.10591912
1311,21.32834301
1312,21.55076691
1313,21.7731908
1314,21.99561469
1315,21.91376002
1316,21.83190535
1317,21.77112214
1318,21.71033894
1319,21.64955573
1320,21.58877253
1321,21.52798932
1322,21.45527363
1323,21.38255793
1324,21.050919
1325,20.71928008
1326,20.38764115
1327,20.05600223
1328,19.7243633
1329,19.55977927
1330,19.39519525
1331,19.38490258
1332,19.37460991
1333,19.36431725
1334,19.35402458
1335,19.34373191
1336,19.17235059
1337,19.00096927
1338,19.03974535
1339,19.07852142
1340,19.11729749
1341,19.15607357
1342,19.19484964
1343,19.23362571
1344,19.36985048
1345,19.50607524
1346,18.99546736
1347,18.48485948
1348,17.97425159
1349,17.46364371
1350,16.80189092
1351,16.14013813
1352,16.16659458
1353,16.19305103
1354,16.21950748
1355,16.24596394
1356,16.27242039
1357,16.45996549
1358,16.64751059
1359,16.13327946
1360,15.61904833
1361,15.1048172
1362,14.59058606
1363,14.07635493
1364,13.45473136
1365,13.53985624
1366,13.62498112
1367,13.71010599
1368,13.79523087
1369,13.88035575
1370,13.96548062
1371,14.08714876
1372,13.83042045
1373,13.57369214
1374,13.31696383
1375,13.06023552
1376,12.80350722
1377,12.54677891
1378,12.2900506
1379,12.11013771
1380,11.84758987
1381,11.58504202
1382,11.32249418
1383,11.05994633
1384,10.79739849
1385,10.53485065
1386,10.24943219
1387,10.39816198
1388,10.54689178
1389,10.69562157
1390,10.84435136
1391,10.99308116
1392,11.22301819
1393,11.24446434
1394,11.26591049
1395,11.28735664
1396,11.30880279
1397,11.33024894
1398,11.35169509
1399,11.37314124
1400,11.39458739
1401,10.87681745
1402,10.35904752
1403,9.040883292
1404,7.722719069
1405,6.404554846
1406,5.720155143
1407,5.981224691
1408,6.24229424
1409,6.503363788
1410,6.764433336
1411,7.025502884
1412,7.286572432
1413,7.54764198
1414,7.243161091
1415,6.604602501
1416,5.966043911
1417,5.327485321
1418,4.688926731
1419,4.050368141
1420,3.788677446
1421,3.748413672
1422,3.708149898
1423,3.667886124
1424,3.62762235
1425,3.587358576
1426,3.547094802
1427,3.632122202
1428,3.717149602
1429,4.141937597
1430,4.566725593
1431,4.991513588
1432,5.416301584
1433,5.841089579
1434,6.200248864
1435,6.55940815
1436,6.171321845
1437,5.78323554
1438,5.395149236
1439,5.007062931
1440,4.618976626
1441,4.069801669
1442,3.520626713
1443,3.433259951
1444,3.34589319
1445,3.258526428
1446,3.171159667
1447,3.083792905
1448,3.145582303
1449,3.207371701
1450,3.207371701
1451,3.207371701
1452,3.207371701
1453,3.207371701
1454,3.207371701
1455,3.207371701
1456,3.207371701
1457,3.207371701
1458,3.207371701
1459,3.207371701
1460,3.207371701
1461,3.207371701
1462,2.955647643
1463,2.703923584
1464,2.452199526
1465,2.200475467
1466,1.948751409
1467,1.697027351
1468,1.445303292
1469,1.306937915
1470,1.447071239
1471,1.587204563
1472,1.727337887
1473,1.867471212
1474,2.007604536
1475,2.14773786
1476,2.17152938
1477,1.992383802
1478,1.813238223
1479,1.634092645
1480,1.454947067
1481,1.275801489
1482,1.096655911
1483,0.917510333
1484,0.780128479
1485,0.808220863
1486,0.836313246
1487,0.86440563
1488,0.892498013
1489,0.920590397
1490,1.005362121
1491,1.014642554
1492,1.023922986
1493,1.033203418
1494,1.042483851
1495,1.051764283
1496,1.061044716
1497,1.053089325
1498,1.045133935
1499,1.037178545
1500,1.123903775
1501,1.210629005
1502,1.297354236
1503,1.384079466
1504,1.470804697
1505,1.557529927
1506,1.639614744
1507,1.60733803
1508,1.575061316
1509,1.542784602
1510,1.510507888
1511,1.478231174
1512,1.418111977
1513,1.35799278
1514,1.528483294
1515,1.698973808
1516,1.869464323
1517,2.039954837
1518,2.27806281
1519,2.329716009
1520,2.381369209
1521,2.433022408
1522,2.484675607
1523,2.536328806
1524,2.587982006
1525,2.66350019
1526,2.739018375
1527,2.75748481
1528,2.775951245
1529,2.794417679
1530,2.812884114
1531,2.831350549
1532,2.706627071
1533,2.581903593
1534,2.457180115
1535,2.364886384
1536,2.272592653
1537,2.180298923
1538,2.088005192
1539,2.150833867
1540,2.213662542
1541,2.432772878
1542,2.651883213
1543,2.870993549
1544,3.090103885
1545,3.309214221
1546,3.647649484
1547,3.986084747
1548,4.250672003
1549,4.515259259
1550,4.779846515
1551,5.04443377
1552,5.309021026
1553,5.287228456
1554,5.663760085
1555,6.040291713
1556,6.416823342
1557,6.793354971
1558,7.169886599
1559,7.546418228
1560,8.183227355
1561,8.820036481
1562,9.155446246
1563,9.49085601
1564,9.826265774
1565,10.16167554
1566,10.4970853
1567,10.83249507
1568,11.03391288
1569,10.8901333
1570,10.74635371
1571,10.60257413
1572,10.45879454
1573,10.31501495
1574,10.39397523
1575,10.47293551
1576,10.94147926
1577,11.41002301
1578,11.87856676
1579,12.34711051
1580,12.81565426
1581,13.284198
1582,13.50215941
1583,13.71336765
1584,13.9245759
1585,14.13578415
1586,14.3469924
1587,14.55820065
1588,14.67096583
1589,14.37988387
1590,14.08880191
1591,13.79771994
1592,13.50663798
1593,13.21555601
1594,12.92447405
1595,12.97943438
1596,13.0343947
1597,13.65751285
1598,14.28063099
1599,14.90374913
1600,15.52686727
1601,16.14998542
1602,16.38977223
1603,16.62955904
1604,16.45100343
1605,16.27244782
1606,16.0938922
1607,15.91533659
1608,15.73678098
1609,15.55822537
1610,15.6615749
1611,15.92283459
1612,16.18409428
1613,16.44535397
1614,16.70661366
1615,16.96787335
1616,17.22913304
1617,17.30941659
1618,17.30143118
1619,17.29344578
1620,17.28546037
1621,17.27747497
1622,17.26948956
1623,17.32240959
1624,17.37532962
1625,17.50468258
1626,17.63403554
1627,17.7633885
1628,17.89274146
1629,18.02209442
1630,18.15144738
1631,18.63753215
1632,19.26310808
1633,19.88868402
1634,20.51425995
1635,21.13983588
1636,21.76541181
1637,21.89777805
1638,22.03014428
1639,21.96046456
1640,21.89078484
1641,21.82110512
1642,21.7514254
1643,21.68174568
1644,21.88054704
1645,21.99481694
1646,22.10908684
1647,22.22335674
1648,22.33762663
1649,22.45189653
1650,22.56616643
1651,22.49548269
1652,22.42479895
1653,22.56602894
1654,22.70725893
1655,22.84848891
1656,22.9897189
1657,23.13094889
1658,23.08722524
1659,23.04350159
1660,22.89397201
1661,22.74444244
1662,22.59491287
1663,22.4453833
1664,22.29585372
1665,22.34321028
1666,22.39056684
1667,22.16232471
1668,21.93408258
1669,21.70584046
1670,21.47759833
1671,21.2493562
1672,20.74070049
1673,20.23204479
1674,19.66136461
1675,19.09068444
1676,18.52000427
1677,17.9493241
1678,17.37864392
1679,17.46870027
1680,17.55875662
1681,17.64881297
1682,17.73886932
1683,17.82892567
1684,17.91898202
1685,18.00903837
1686,17.94397231
1687,17.87890626
1688,17.8138402
1689,18.04192984
1690,18.27001947
1691,18.49810911
1692,18.72619874
1693,19.03781583
1694,19.34943291
1695,19.41027697
1696,19.47112103
1697,19.53196508
1698,19.59280914
1699,19.65365319
1700,19.72974432
1701,19.80583545
1702,19.72667712
1703,19.64751879
1704,19.56836045
1705,19.48920212
1706,19.41004379
1707,19.33088546
1708,19.25172712
1709,18.70388699
1710,18.33784115
1711,17.97179531
1712,17.60574946
1713,17.23970362
1714,17.20776757
1715,17.17583153
1716,16.70837116
1717,16.2409108
1718,15.77345044
1719,15.30599007
1720,14.83852971
1721,14.4426643
1722,14.0467989
1723,14.00192295
1724,13.95704701
1725,13.91217106
1726,13.86729512
1727,13.82241917
1728,13.78350947
1729,13.74459977
1730,13.90189474
1731,14.0591897
1732,14.21648467
1733,14.37377964
1734,14.5310746
1735,14.67643708
1736,14.82179955
1737,14.57476148
1738,14.32772341
1739,14.08068534
1740,13.83364727
1741,13.5866092
1742,13.2321787
1743,12.87774819
1744,12.52331769
1745,12.54179968
1746,12.56028167
1747,12.57876366
1748,12.59724566
1749,12.61572765
1750,12.63420964
1751,12.60257516
1752,12.02600923
1753,11.44944331
1754,10.87287738
1755,10.29631145
1756,9.716165773
1757,9.136020096
1758,8.646070796
1759,8.156121496
1760,7.666172196
1761,7.176222896
1762,6.686273596
1763,6.315649223
1764,6.438068272
1765,6.560487321
1766,6.682906369
1767,6.805325418
1768,6.927744467
1769,7.050163516
1770,7.174819907
1771,7.299476298
1772,6.953807833
1773,6.608139368
1774,6.262470903
1775,5.916802438
1776,5.571133973
1777,5.225465508
1778,4.96108715
1779,4.696708791
1780,4.639964651
1781,4.583220511
1782,4.526476371
1783,4.469732231
1784,4.41298809
1785,3.963466064
1786,3.513944038
1787,3.078386512
1788,2.642828987
1789,2.207271461
1790,1.771713936
1791,1.824394239
1792,2.028749666
1793,2.233105094
1794,2.437460522
1795,2.64181595
1796,2.846171378
1797,3.050526806
1798,3.114675445
1799,3.178824083
1800,2.962242425
1801,2.745660766
1802,2.529079108
1803,2.31249745
1804,2.095915792
1805,1.879334134
1806,1.605327354
1807,1.540392655
1808,1.475457956
1809,1.410523256
1810,1.345588557
1811,1.280653858
1812,1.215719158
1813,1.150784459
1814,1.164156743
1815,1.164156743
1816,1.164156743
1817,1.164156743
1818,1.164156743
1819,1.164156743
1820,1.164156743
1821,1.164156743
1822,1.164156743
1823,1.164156743
1824,1.164156743
1825,1.164156743
1826,1.164156743
1827,1.08056302
1828,0.996969297
1829,0.913375574
1830,0.829781851
1831,0.746188128
1832,0.662594405
1833,0.579000682
1834,0.495406959
1835,0.411813236
1836,0.519012749
1837,0.626212263
1838,0.733411776
1839,0.84061129
1840,0.947810803
1841,1.055010317
1842,0.975966928
1843,0.89692354
1844,0.817880151
1845,0.738836762
1846,0.659793374
1847,0.580749985
1848,0.501706597
1849,0.422663208
1850,0.45656031
1851,0.490457413
1852,0.524354515
1853,0.558251617
1854,0.59214872
1855,0.626045822
1856,0.640149565
1857,0.654253307
1858,0.66835705
1859,0.682460793
1860,0.696564535
1861,0.710668278
1862,0.657566586
1863,0.604464895
1864,0.551363203
1865,0.498261511
1866,0.44515982
1867,0.392058128
1868,0.338956436
1869,0.285854744
1870,0.4060097
1871,0.526164656
1872,0.646319612
1873,0.766474568
1874,0.886629525
1875,1.006784481
1876,1.126939437
1877,1.247094393
1878,1.126654949
1879,1.006215505
1880,0.885776061
1881,0.765336617
1882,0.644897173
1883,0.656748266
1884,0.668599359
1885,0.680450452
1886,0.692301546
1887,0.704152639
1888,0.716003732
1889,0.727854825
1890,0.739705918
1891,0.751557012
1892,1.069097078
1893,1.386637145
1894,1.704177212
1895,2.021717279
1896,2.339257346
1897,2.255827687
1898,2.172398028
1899,2.088968368
1900,2.005538709
1901,1.92210905
1902,1.838679391
1903,1.755249731
1904,1.671820072
1905,1.488113557
1906,1.304407043
1907,1.120700528
1908,0.936994013
1909,0.753287498
1910,1.033814826
1911,1.314342154
1912,1.594869482
1913,1.875396809
1914,2.155924137
1915,2.436451465
1916,2.716978793
1917,2.997506121
1918,3.278033449
1919,3.726962736
1920,4.175892023
1921,4.624821311
1922,5.073750598
1923,5.522679886
1924,5.971609173
1925,6.42053846
1926,6.466141247
1927,6.511744033
1928,6.55734682
1929,6.602949606
1930,6.648552393
1931,6.694155179
1932,6.739757965
1933,6.785360752
1934,6.830963538
1935,7.07349188
1936,7.316020222
1937,7.558548564
1938,7.801076906
1939,8.043605248
1940,8.28613359
1941,8.528661932
1942,8.771190274
1943,9.013718615
1944,9.256246957
1945,9.498775299
1946,9.730321551
1947,9.961867803
1948,10.19341405
1949,10.42496031
1950,10.65650656
1951,10.88805281
1952,11.11959906
1953,11.35114531
1954,11.6017205
1955,11.85229569
1956,12.10287087
1957,12.35344606
1958,12.60402124
1959,12.85459643
1960,13.10517162
1961,13.81787688
1962,14.53058215
1963,15.24328742
1964,15.95599269
1965,16.66869795
1966,17.38140322
1967,18.09410849
1968,17.41205569
1969,16.73000289
1970,16.04795009
1971,15.36589729
1972,14.68384449
1973,14.00179169
1974,13.31973889
1975,13.84057093
1976,14.36140296
1977,14.88223499
1978,15.40306703
1979,15.92389906
1980,16.44473109
1981,16.96556313
1982,17.12589837
1983,17.2862336
1984,17.44656884
1985,17.60690408
1986,17.76723932
1987,17.92757456
1988,18.08790979
1989,18.32673714
1990,18.56556448
1991,18.80439183
1992,19.04321918
1993,19.28204652
1994,19.52087387
1995,19.43588943
1996,19.350905
1997,19.26592057
1998,19.18093614
1999,19.0959517
2000,19.01096727
2001,18.92598284
2002,18.84099841
2003,18.75601397
2004,18.67102954
2005,19.3946599
2006,20.11829025
2007,20.84192061
2008,21.56555097
2009,21.70708069
2010,21.84861041
2011,21.99014013
2012,22.13166985
2013,22.27319956
2014,22.41472928
2015,22.556259
2016,22.69778872
2017,22.42404705
2018,22.15030538
2019,21.8765637
2020,21.60282203
2021,21.32908035
2022,21.05533868
2023,20.78159701
2024,20.50785533
2025,20.81395721
2026,21.12005909
2027,21.42616097
2028,21.73226285
2029,22.03836473
2030,22.34446661
2031,21.85150124
2032,21.35853587
2033,20.8655705
2034,20.37260514
2035,19.87963977
2036,19.3866744
2037,18.89370903
2038,18.40074366
2039,18.80735012
2040,19.21395658
2041,19.62056303
2042,20.02716949
2043,20.43377594
2044,20.2202187
2045,20.00666146
2046,19.79310422
2047,19.57954698
2048,19.36598974
2049,19.1524325
2050,18.93887526
2051,18.72531802
2052,18.51176078
2053,18.26970439
2054,18.027648
2055,17.7855916
2056,17.54353521
2057,17.30147881
2058,17.05942242
2059,17.53309043
2060,18.00675845
2061,18.48042646
2062,18.95409447
2063,19.42776249
2064,19.9014305
2065,20.37509851
2066,20.21670411
2067,20.0583097
2068,19.89991529
2069,19.74152089
2070,19.58312648
2071,19.42473208
2072,19.26633767
2073,19.10794326
2074,18.66549116
2075,18.22303905
2076,17.78058695
2077,17.33813485
2078,16.89568274
2079,16.45323064
2080,16.16179038
2081,15.87035012
2082,15.57890986
2083,15.2874696
2084,14.99602934
2085,14.70458908
2086,14.41314882
2087,14.12170856
2088,13.97196252
2089,13.82221649
2090,13.67247045
2091,13.52272441
2092,13.37297837
2093,13.22323233
2094,13.0734863
2095,13.19750877
2096,13.32153123
2097,13.4455537
2098,13.56957617
2099,13.69359864
2100,13.81762111
2101,13.94164358
2102,13.68185931
2103,13.42207504
2104,13.16229077
2105,12.9025065
2106,12.64272224
2107,12.38293797
2108,12.1231537
2109,12.62078259
2110,13.11841148
2111,13.61604037
2112,14.11366926
2113,14.61129815
2114,15.10892704
2115,14.59093683
2116,14.07294662
2117,13.5549564
2118,13.03696619
2119,12.51897597
2120,12.00098576
2121,11.48299555
2122,11.44994714
2123,11.41689873
2124,11.38385032
2125,11.35080191
2126,11.3177535
2127,11.28470509
2128,11.25165669
2129,10.91264543
2130,10.57363417
2131,10.23462291
2132,9.895611654
2133,9.556600397
2134,9.217589139
2135,8.878577881
2136,8.966472646
2137,9.054367411
2138,9.142262176
2139,9.23015694
2140,9.318051705
2141,9.40594647
2142,9.493841235
2143,8.359891201
2144,7.225941167
2145,6.091991133
2146,4.958041099
2147,3.824091065
2148,2.690141032
2149,1.556190998
2150,2.779525202
2151,4.002859406
2152,5.22619361
2153,6.449527815
2154,7.672862019
2155,8.896196223
2156,8.21566991
2157,7.535143597
2158,6.854617283
2159,6.17409097
2160,5.493564657
2161,4.813038343
2162,4.13251203
2163,3.451985717
2164,2.771459404
2165,2.67765732
2166,2.583855236
2167,2.490053152
2168,2.396251068
2169,2.302448984
2170,2.2086469
2171,2.114844816
2172,2.021042732
2173,2.277875362
2174,2.534707992
2175,2.791540622
2176,3.048373252
2177,3.305205882
2178,3.305205882
2179,3.305205882
2180,3.305205882
2181,3.305205882
2182,3.305205882
2183,3.305205882
2184,3.305205882
2185,3.305205882
2186,3.305205882
2187,3.305205882
2188,3.305205882
2189,3.305205882
2190,3.305205882
2191,3.305205882
2192,2.822729185
2193,2.340252488
2194,1.857775791
2195,1.375299094
2196,0.892822397
2197,0.4103457
2198,0.458340588
2199,0.506335477
2200,0.554330365
2201,0.602325253
2202,0.650320141
2203,0.698315029
2204,0.746309917
2205,0.755966115
2206,0.765622313
2207,0.775278511
2208,0.784934709
2209,0.794590906
2210,0.804247104
2211,0.813903302
2212,0.8235595
2213,0.811895587
2214,0.800231673
2215,0.78856776
2216,0.776903847
2217,0.765239934
2218,0.75357602
2219,0.741912107
2220,0.730248194
2221,0.718584281
2222,0.706920367
2223,0.695256454
2224,0.683592541
2225,0.671928628
2226,0.660264714
2227,0.648600801
2228,0.636936888
2229,0.625272975
2230,0.613609061
2231,0.601945148
2232,0.590281235
2233,0.578617322
2234,0.566953408
2235,0.555289495
2236,0.543625582
2237,0.531961668
2238,0.520297755
2239,0.508633842
2240,0.496969929
2241,0.485306015
2242,0.473642102
2243,0.461978189
2244,0.450314276
2245,0.438650362
2246,0.426986449
2247,0.415322536
2248,0.403658623
2249,0.418462978
2250,0.433267333
2251,0.448071688
2252,0.462876044
2253,0.477680399
2254,0.492484754
2255,0.507289109
2256,0.522093465
2257,0.53689782
2258,0.551702175
2259,0.56650653
2260,0.581310885
2261,0.596115241
2262,0.610919596
2263,0.625723951
2264,0.640528306
2265,0.655332662
2266,0.670137017
2267,0.684941372
2268,0.699745727
2269,0.817282078
2270,0.934818429
2271,1.052354779
2272,1.16989113
2273,1.28742748
2274,1.404963831
2275,1.522500182
2276,1.640036532
2277,1.757572883
2278,1.875109234
2279,1.992645584
2280,2.110181935
2281,2.227718285
2282,2.345254636
2283,2.462790987
2284,2.580327337
2285,2.697863688
2286,2.815400039
2287,2.932936389
2288,3.05047274
2289,3.16800909
2290,3.285545441
2291,4.210003528
2292,5.134461616
2293,6.058919703
2294,6.98337779
2295,7.907835878
2296,8.832293965
2297,9.756752052
2298,9.453967737
2299,9.151183422
2300,8.848399107
2301,8.545614792
2302,8.242830477
2303,7.940046161
2304,7.637261846
2305,7.334477531
2306,8.214833858
2307,9.095190184
2308,9.975546511
2309,10.85590284
2310,11.73625916
2311,12.23010768
2312,12.72395619
2313,13.2178047
2314,13.71165321
2315,14.20550172
2316,14.69935023
2317,15.19319874
2318,15.68704725
2319,15.87765082
2320,16.0682544
2321,16.25885797
2322,16.44946154
2323,16.64006511
2324,16.54458228
2325,16.44909945
2326,16.35361662
2327,16.25813378
2328,16.16265095
2329,16.06716812
2330,15.97168529
2331,15.87620246
2332,16.57565085
2333,17.27509923
2334,17.97454762
2335,18.673996
2336,19.37344439
2337,20.07289278
2338,20.77234116
2339,19.69679365
2340,18.62124614
2341,17.54569862
2342,16.47015111
2343,15.3946036
2344,14.31905608
2345,13.24350857
2346,13.98387649
2347,14.72424441
2348,15.46461233
2349,16.20498025
2350,16.94534817
2351,17.68571609
2352,18.42608401
2353,18.40077741
2354,18.37547081
2355,18.35016422
2356,18.32485762
2357,18.29955102
2358,18.27424442
2359,18.24893782
2360,18.53502001
2361,18.8211022
2362,19.10718439
2363,19.39326658
2364,19.67934877
2365,19.96543096
2366,20.25151315
2367,20.53759534
2368,20.22909204
2369,19.92058875
2370,19.61208545
2371,19.30358215
2372,18.99507886
2373,18.68657556
2374,19.07903386
2375,19.47149217
2376,19.86395047
2377,20.25640877
2378,20.64886708
2379,21.04132538
2380,21.43378369
2381,21.14831282
2382,20.86284196
2383,20.5773711
2384,20.29190024
2385,20.00642938
2386,19.72095852
2387,19.43548766
2388,19.1500168
2389,19.50669194
2390,19.86336709
2391,20.22004223
2392,20.57671738
2393,20.93339252
2394,21.29006767
2395,21.31621127
2396,21.34235488
2397,21.36849848
2398,21.39464209
2399,21.42078569
2400,21.4469293
2401,21.4730729
2402,21.21592787
2403,20.95878283
2404,20.7016378
2405,20.44449276
2406,20.18734773
2407,19.9302027
2408,19.67305766
2409,19.41591263
2410,19.40512866
2411,19.39434469
2412,19.38356072
2413,19.37277675
2414,19.36199278
2415,19.35120881
2416,19.83880096
2417,20.32639311
2418,20.81398526
2419,21.30157741
2420,21.78916955
2421,21.52015353
2422,21.2511375
2423,20.98212148
2424,20.71310545
2425,20.44408943
2426,20.1750734
2427,19.90605737
2428,19.63704135
2429,19.36802532
2430,19.0990093
2431,19.22129185
2432,19.34357441
2433,19.46585696
2434,19.58813951
2435,19.71042207
2436,19.83270462
2437,19.95498718
2438,19.98688406
2439,20.01878093
2440,20.05067781
2441,20.08257469
2442,20.11447156
2443,20.14636844
2444,20.17826532
2445,19.68646162
2446,19.19465793
2447,18.70285423
2448,18.21105054
2449,17.71924685
2450,17.22744315
2451,16.86258668
2452,16.49773021
2453,16.13287374
2454,15.76801727
2455,15.4031608
2456,15.03830433
2457,14.67344786
2458,14.74400147
2459,14.81455508
2460,14.88510869
2461,14.95566229
2462,15.0262159
2463,15.09676951
2464,15.16732312
2465,15.23787672
2466,14.80382528
2467,14.36977384
2468,13.9357224
2469,13.50167096
2470,13.06761952
2471,12.63356808
2472,12.19951664
2473,12.06354555
2474,11.92757447
2475,11.79160339
2476,11.65563231
2477,11.51966123
2478,11.38369014
2479,11.24771906
2480,11.11174798
2481,11.2475537
2482,11.38335941
2483,11.51916513
2484,11.65497084
2485,11.79077656
2486,11.92658227
2487,11.69673993
2488,11.46689758
2489,11.23705523
2490,11.00721288
2491,10.77737053
2492,10.54752818
2493,10.31768584
2494,10.08784349
2495,10.00056861
2496,9.913293731
2497,9.826018853
2498,9.738743976
2499,9.651469098
2500,9.524682399
2501,9.3978957
2502,9.271109002
2503,9.144322303
2504,9.017535604
2505,8.890748906
2506,8.763962207
2507,8.637175508
2508,7.820159492
2509,7.003143475
2510,6.186127459
2511,5.369111442
2512,4.552095425
2513,3.735079409
2514,3.96199384
2515,4.188908271
2516,4.415822702
2517,4.642737133
2518,4.869651564
2519,4.999515782
2520,5.129379999
2521,5.259244217
2522,5.389108434
2523,5.518972652
2524,5.648836869
2525,5.778701087
2526,5.908565305
2527,6.038429522
2528,6.16829374
2529,5.847317267
2530,5.526340794
2531,5.205364322
2532,4.884387849
2533,4.563411376
2534,4.752297294
2535,4.941183212
2536,5.13006913
2537,5.318955048
2538,5.507840966
2539,5.696726884
2540,5.885612802
2541,6.07449872
2542,6.263384638
2543,6.263384638
2544,6.263384638
2545,6.263384638
2546,6.263384638
2547,6.263384638
2548,6.263384638
2549,6.263384638
2550,6.263384638
2551,6.263384638
2552,6.263384638
2553,6.263384638
2554,6.263384638
2555,6.263384638
2556,6.263384638
2557,1.450394469
2558,1.450394469
2559,1.450394469
2560,1.450394469
2561,1.450394469
2562,1.450394469
2563,1.450394469
2564,1.389575529
2565,1.328756589
2566,1.267937649
2567,1.20711871
2568,1.14629977
2569,1.08548083
2570,1.02466189
2571,0.96384295
2572,0.933089044
2573,0.902335138
2574,0.871581233
2575,0.840827327
2576,0.810073421
2577,0.779319515
2578,0.988830882
2579,1.198342248
2580,1.407853614
2581,1.617364981
2582,1.826876347
2583,2.036387713
2584,2.389710739
2585,2.743033764
2586,3.09635679
2587,3.449679816
2588,3.803002841
2589,4.156325867
2590,4.509648893
2591,4.862971918
2592,4.577167181
2593,4.291362443
2594,4.005557705
2595,3.719752967
2596,3.433948229
2597,3.148143491
2598,2.862338753
2599,2.576534015
2600,2.290729277
2601,2.004924539
2602,1.719119802
2603,1.433315064
2604,1.147510326
2605,0.861705588
2606,1.434558069
2607,2.00741055
2608,2.580263031
2609,3.153115513
2610,3.725967994
2611,4.298820475
2612,4.871672956
2613,4.518488911
2614,4.165304865
2615,3.81212082
2616,3.458936775
2617,3.105752729
2618,2.752568684
2619,2.399384638
2620,2.893321831
2621,3.387259024
2622,3.881196216
2623,4.375133409
2624,4.869070602
2625,5.219741163
2626,5.570411725
2627,5.921082286
2628,6.271752847
2629,6.622423409
2630,6.97309397
2631,7.323764531
2632,7.674435093
2633,7.614619296
2634,7.5548035
2635,7.494987703
2636,7.435171907
2637,7.37535611
2638,7.315540314
2639,7.255724517
2640,7.458273266
2641,7.660822015
2642,7.863370764
2643,8.065919513
2644,8.268468262
2645,8.471017012
2646,8.673565761
2647,8.87611451
2648,8.055028427
2649,7.233942345
2650,6.412856263
2651,5.591770181
2652,4.770684098
2653,3.949598016
2654,4.498528776
2655,5.047459537
2656,5.596390297
2657,6.145321058
2658,6.694251818
2659,7.243182579
2660,7.792113339
2661,8.267201423
2662,8.742289507
2663,9.217377591
2664,9.692465675
2665,10.16755376
2666,10.64264184
2667,11.11772993
2668,10.95668689
2669,10.79564385
2670,10.63460081
2671,10.47355777
2672,10.31251474
2673,10.1514717
2674,10.07874578
2675,10.00601985
2676,9.933293934
2677,9.860568012
2678,9.787842091
2679,9.715116169
2680,9.642390248
2681,9.569664326
2682,9.496938405
2683,10.24826708
2684,10.99959575
2685,11.75092442
2686,12.50225309
2687,13.25358176
2688,14.00491043
2689,14.7562391
2690,15.50756777
2691,15.39338337
2692,15.27919896
2693,15.16501455
2694,15.05083015
2695,14.93664574
2696,15.43669423
2697,15.93674272
2698,16.43679121
2699,16.9368397
2700,17.43688819
2701,17.93693668
2702,18.43698517
2703,18.77145871
2704,19.10593224
2705,19.44040578
2706,19.77487932
2707,20.10935286
2708,20.4438264
2709,20.77829993
2710,20.61182796
2711,20.44535598
2712,20.278884
2713,20.11241202
2714,19.94594005
2715,19.77946807
2716,19.61299609
2717,19.52832063
2718,19.44364516
2719,19.3589697
2720,19.27429423
2721,19.18961877
2722,19.1049433
2723,19.02026784
2724,18.97780564
2725,18.93534344
2726,18.89288124
2727,18.85041904
2728,18.80795683
2729,18.76549463
2730,18.72303243
2731,19.14863618
2732,19.57423992
2733,19.99984367
2734,20.42544741
2735,20.85105115
2736,21.2766549
2737,21.70225864
2738,21.57987073
2739,21.45748282
2740,21.33509491
2741,21.212707
2742,21.09031909
2743,20.96793118
2744,20.84554327
2745,20.72315536
2746,20.8778181
2747,21.03248083
2748,21.18714357
2749,21.34180631
2750,21.49646904
2751,21.65113178
2752,21.1405181
2753,20.62990442
2754,20.11929074
2755,19.60867705
2756,19.09806337
2757,18.58744969
2758,18.07683601
2759,18.57301712
2760,19.06919824
2761,19.56537936
2762,20.06156047
2763,20.55774159
2764,21.0539227
2765,21.55010382
2766,21.20677783
2767,20.86345183
2768,20.52012584
2769,20.17679984
2770,19.83347385
2771,19.49014785
2772,19.37156665
2773,19.25298545
2774,19.13440425
2775,19.01582305
2776,18.89724185
2777,18.77866065
2778,18.66007945
2779,18.54149825
2780,18.9967794
2781,19.45206055
2782,19.9073417
2783,20.36262285
2784,20.817904
2785,21.27318515
2786,21.72846629
2787,21.26727902
2788,20.80609174
2789,20.34490446
2790,19.88371718
2791,19.4225299
2792,18.96134262
2793,18.50015534
2794,18.50965335
2795,18.51915137
2796,18.52864938
2797,18.53814739
2798,18.5476454
2799,18.55714342
2800,18.56664143
2801,18.57613944
2802,18.48107603
2803,18.38601262
2804,18.2909492
2805,18.19588579
2806,18.10082238
2807,18.00575897
2808,17.88586231
2809,17.76596565
2810,17.64606899
2811,17.52617233
2812,17.40627567
2813,17.28637901
2814,17.16648235
2815,17.0427465
2816,16.91901064
2817,16.79527479
2818,16.67153893
2819,16.54780308
2820,16.42406723
2821,16.30033137
2822,15.92382112
2823,15.54731086
2824,15.1708006
2825,14.79429034
2826,14.41778009
2827,14.04126983
2828,13.66475957
2829,13.36854552
2830,13.07233146
2831,12.7761174
2832,12.47990335
2833,12.18368929
2834,11.88747523
2835,11.59126118
2836,11.3667147
2837,11.14216822
2838,10.91762174
2839,10.69307526
2840,10.46852878
2841,10.2439823
2842,10.01943582
2843,9.794889345
2844,9.570342866
2845,9.972574004
2846,10.37480514
2847,10.77703628
2848,11.17926742
2849,11.58149856
2850,10.96486775
2851,10.34823695
2852,9.73160615
2853,9.114975348
2854,8.498344547
2855,7.881713745
2856,7.265082943
2857,7.488723684
2858,7.712364425
2859,7.936005167
2860,8.159645908
2861,8.383286649
2862,8.60692739
2863,8.830568131
2864,8.581760677
2865,8.332953222
2866,8.084145767
2867,7.835338313
2868,7.586530858
2869,7.337723403
2870,7.088915949
2871,6.964643239
2872,6.840370529
2873,6.716097819
2874,6.59182511
2875,6.4675524
2876,6.34327969
2877,6.21900698
2878,6.094734271
2879,5.970461561
2880,5.175292173
2881,4.380122784
2882,3.584953396
2883,2.789784007
2884,3.065530612
2885,3.341277217
2886,3.617023822
2887,3.892770427
2888,4.168517032
2889,4.444263637
2890,4.720010242
2891,4.995756847
2892,4.85339158
2893,4.711026313
2894,4.568661045
2895,4.426295778
2896,4.28393051
2897,4.141565243
2898,3.999199975
2899,3.842472776
2900,3.685745577
2901,3.529018378
2902,3.372291179
2903,3.215563979
2904,3.05883678
2905,2.902109581
2906,2.902109581
2907,2.902109581
2908,2.902109581
2909,2.902109581
2910,2.902109581
2911,2.902109581
2912,2.902109581
2913,2.902109581
2914,2.902109581
2915,2.902109581
2916,2.902109581
2917,2.902109581
2918,2.902109581
2919,2.902109581
2920,2.902109581
2921,2.902109581
2922,2.902109581
2923,1.059129179
2924,0.990560556
2925,0.921991934
2926,0.853423311
2927,0.784854688
2928,0.828577261
2929,0.872299833
2930,0.916022406
2931,0.959744978
2932,1.00346755
2933,1.047190123
2934,1.249163717
2935,1.451137311
2936,1.653110905
2937,1.8550845
2938,2.057058094
2939,2.259031688
2940,2.461005282
2941,2.662978876
2942,2.676869001
2943,2.690759126
2944,2.704649251
2945,2.718539376
2946,2.732429502
2947,2.746319627
2948,2.760209752
2949,2.774099877
2950,2.591259425
2951,2.408418974
2952,2.225578522
2953,2.042738071
2954,1.85989762
2955,1.677057168
2956,1.685848482
2957,1.694639795
2958,1.703431109
2959,1.712222422
2960,1.721013735
2961,1.729805049
2962,1.862387553
2963,1.994970056
2964,2.12755256
2965,2.260135064
2966,2.392717568
2967,2.525300071
2968,2.657882575
2969,2.790465079
2970,2.923047582
2971,3.055630086
2972,3.18821259
2973,3.320795094
2974,3.453377597
2975,3.585960101
2976,4.116324057
2977,4.646688013
2978,5.177051969
2979,5.707415925
2980,6.237779881
2981,6.768143838
2982,7.298507794
2983,6.90278961
2984,6.507071427
2985,6.111353243
2986,5.71563506
2987,5.319916877
2988,4.924198693
2989,4.52848051
2990,4.259697205
2991,3.990913899
2992,3.722130594
2993,3.453347289
2994,3.184563984
2995,2.915780678
2996,2.646997373
2997,2.378214068
2998,2.109430763
2999,2.460431852
3000,2.811432941
3001,3.162434031
3002,3.51343512
3003,3.53031418
3004,3.54719324
3005,3.5640723
3006,3.580951361
3007,3.597830421
3008,3.614709481
3009,3.631588541
3010,3.648467601
3011,3.854717453
3012,4.060967305
3013,4.267217157
3014,4.473467009
3015,4.679716861
3016,4.885966713
3017,5.504838137
3018,6.123709561
3019,6.742580986
3020,7.36145241
3021,7.980323835
3022,8.599195259
3023,9.218066684
3024,9.836938108
3025,10.45580953
3026,11.05769837
3027,11.65958721
3028,12.26147605
3029,12.86336489
3030,13.46525373
3031,13.37423828
3032,13.28322283
3033,13.19220738
3034,13.10119193
3035,13.01017648
3036,12.91916103
3037,12.82814558
3038,12.73713013
3039,12.64611468
3040,12.60372109
3041,12.5613275
3042,12.51893391
3043,12.47654032
3044,12.43414674
3045,12.39175315
3046,12.28659489
3047,12.18143664
3048,12.07627838
3049,11.97112013
3050,11.86596187
3051,11.76080362
3052,11.65564536
3053,12.65546921
3054,13.65529306
3055,14.65511691
3056,15.65494076
3057,16.65476461
3058,17.65458845
3059,18.6544123
3060,19.65423615
3061,18.9526155
3062,18.25099485
3063,17.54937419
3064,16.84775354
3065,16.14613289
3066,15.44451224
3067,15.2672337
3068,15.08995516
3069,14.91267663
3070,14.73539809
3071,14.55811955
3072,14.38084102
3073,14.20356248
3074,14.21318553
3075,14.22280858
3076,14.23243163
3077,14.24205468
3078,14.25167773
3079,14.26130078
3080,14.27092383
3081,15.41185431
3082,16.55278479
3083,17.69371526
3084,18.83464574
3085,19.97557622
3086,21.1165067
3087,22.25743717
3088,22.14869389
3089,22.0399506
3090,21.93120731
3091,21.82246403
3092,21.71372074
3093,21.60497745
3094,21.1692129
3095,20.73344834
3096,20.29768379
3097,19.86191923
3098,19.42615467
3099,18.99039012
3100,18.55462556
3101,18.11886101
3102,18.47827107
3103,18.83768113
3104,19.1970912
3105,19.55650126
3106,19.91591132
3107,20.27532138
3108,20.63473145
3109,20.99414151
3110,20.73339098
3111,20.47264044
3112,20.21188991
3113,19.95113938
3114,19.69038885
3115,19.42963832
3116,19.16888779
3117,19.43073377
3118,19.69257975
3119,19.95442574
3120,20.21627172
3121,20.47811771
3122,20.73996369
3123,20.37060862
3124,20.00125355
3125,19.63189848
3126,19.26254341
3127,18.89318835
3128,18.52383328
3129,18.15447821
3130,18.38648179
3131,18.61848538
3132,18.85048896
3133,19.08249255
3134,19.31449614
3135,19.54649972
3136,19.77850331
3137,19.70064632
3138,19.62278932
3139,19.54493233
3140,19.46707534
3141,19.38921835
3142,19.31136136
3143,19.23350437
3144,19.15564738
3145,19.15809321
3146,19.16053905
3147,19.16298488
3148,19.16543071
3149,19.16787654
3150,19.17032237
3151,19.35697871
3152,19.54363504
3153,19.73029137
3154,19.91694771
3155,20.10360404
3156,20.29026037
3157,20.4769167
3158,19.73531646
3159,18.99371623
3160,18.25211599
3161,17.51051575
3162,16.76891551
3163,16.02731527
3164,15.28571503
3165,14.54411479
3166,14.65874849
3167,14.77338219
3168,14.88801589
3169,15.00264959
3170,15.11728329
3171,15.23191699
3172,15.3465507
3173,15.4611844
3174,15.83605204
3175,16.21091969
3176,16.58578734
3177,16.96065499
3178,17.33552263
3179,17.71039028
3180,17.7354646
3181,17.76053891
3182,17.78561322
3183,17.81068754
3184,17.83576185
3185,17.86083617
3186,18.02385686
3187,18.18687756
3188,18.34989826
3189,18.51291896
3190,18.67593965
3191,18.83896035
3192,19.00198105
3193,18.09817509
3194,17.19436913
3195,16.29056316
3196,15.3867572
3197,14.48295124
3198,13.57914528
3199,12.67533932
3200,12.75768937
3201,12.84003942
3202,12.92238948
3203,13.00473953
3204,13.08708959
3205,13.16943964
3206,13.25178969
3207,13.33413975
3208,12.76803216
3209,12.20192458
3210,11.63581699
3211,11.0697094
3212,10.50360182
3213,9.937494232
3214,10.13391139
3215,10.33032856
3216,10.52674572
3217,10.72316288
3218,10.91958004
3219,11.1159972
3220,11.31241436
3221,11.50883153
3222,11.70524869
3223,11.67796997
3224,11.65069126
3225,11.62341255
3226,11.59613384
3227,11.56885513
3228,11.54157642
3229,10.75363085
3230,9.96568528
3231,9.177739712
3232,8.389794145
3233,7.601848577
3234,6.813903009
3235,6.025957441
3236,5.98349343
3237,5.941029419
3238,5.898565408
3239,5.856101397
3240,5.813637386
3241,5.771173374
3242,5.728709363
3243,5.796739769
3244,5.864770175
3245,5.932800581
3246,6.000830986
3247,6.068861392
3248,6.136891798
3249,6.027053651
3250,5.917215505
3251,5.807377358
3252,5.697539212
3253,5.587701065
3254,5.477862919
3255,5.368024772
3256,5.579367425
3257,5.790710079
3258,6.002052732
3259,6.213395386
3260,6.424738039
3261,6.636080692
3262,6.847423346
3263,6.021508893
3264,5.195594441
3265,4.369679988
3266,3.543765536
3267,2.717851083
3268,1.891936631
3269,1.066022178
3270,1.306394269
3271,1.546766361
3272,1.787138452
3273,2.027510543
3274,2.267882634
3275,2.508254725
3276,2.508254725
3277,2.508254725
3278,2.508254725
3279,2.508254725
3280,2.508254725
3281,2.508254725
3282,2.508254725
3283,2.508254725
3284,2.508254725
3285,2.508254725
3286,2.508254725
3287,2.508254725
3288,1.691160498
3289,1.628307095
3290,1.565453693
3291,1.502600291
3292,1.439746889
3293,1.376893487
3294,1.314040085
3295,1.251186683
3296,1.18833328
3297,1.125479878
3298,1.141785957
3299,1.158092037
3300,1.174398116
3301,1.190704195
3302,1.207010274
3303,1.223316354
3304,1.239622433
3305,1.255928512
3306,1.272234591
3307,1.28854067
3308,1.30484675
3309,1.321152829
3310,1.337458908
3311,1.353764987
3312,1.389770019
3313,1.425775052
3314,1.461780084
3315,1.497785116
3316,1.533790148
3317,1.56979518
3318,1.605800212
3319,1.641805244
3320,1.677810276
3321,1.713815309
3322,1.749820341
3323,1.785825373
3324,1.989666134
3325,2.193506895
3326,2.397347656
3327,2.601188417
3328,2.805029177
3329,3.008869938
3330,3.212710699
3331,3.41655146
3332,3.620392221
3333,3.824232982
3334,4.028073743
3335,4.231914504
3336,4.435755265
3337,4.639596026
3338,4.843436786
3339,4.765248562
3340,4.687060337
3341,4.608872112
3342,4.530683887
3343,4.452495662
3344,4.374307438
3345,4.296119213
3346,4.217930988
3347,4.139742763
3348,4.061554538
3349,3.983366313
3350,3.905178089
3351,3.826989864
3352,3.732433532
3353,3.637877199
3354,3.543320867
3355,3.448764535
3356,3.354208203
3357,3.259651871
3358,3.165095539
3359,3.070539207
3360,2.975982874
3361,2.881426542
3362,2.78687021
3363,2.692313878
3364,2.597757546
3365,2.503201214
3366,2.690314705
3367,2.877428197
3368,3.064541688
3369,3.25165518
3370,3.438768671
3371,3.625882162
3372,3.812995654
3373,4.000109145
3374,4.187222637
3375,4.374336128
3376,4.56144962
3377,4.748563111
3378,4.935676602
3379,5.122790094
3380,5.168979058
3381,5.215168022
3382,5.261356986
3383,5.30754595
3384,5.353734914
3385,5.399923878
3386,5.446112841
3387,5.492301805
3388,5.538490769
3389,5.584679733
3390,5.630868697
3391,5.677057661
3392,5.723246625
3393,5.769435589
3394,5.815624553
3395,5.861813517
3396,5.908002481
3397,6.44184489
3398,6.975687298
3399,7.509529707
3400,8.043372116
3401,8.577214524
3402,9.111056933
3403,9.644899342
3404,10.17874175
3405,10.71258416
3406,11.24642657
3407,11.78026898
3408,12.31411139
3409,12.84795379
3410,13.3817962
3411,13.91563861
3412,14.44948102
3413,14.98332343
3414,15.51716584
3415,15.62147426
3416,15.72578268
3417,15.83009111
3418,15.93439953
3419,16.03870796
3420,16.14301638
3421,16.2473248
3422,16.35163323
3423,16.45594165
3424,16.56025007
3425,16.6645585
3426,16.76886692
3427,16.87317534
3428,16.97748377
3429,17.08179219
3430,17.18610061
3431,17.10776223
3432,17.02942384
3433,16.95108545
3434,16.87274706
3435,16.79440867
3436,16.71607028
3437,16.63773189
3438,16.5593935
3439,16.48105511
3440,16.40271672
3441,16.32437833
3442,16.24603994
3443,16.16770155
3444,16.08936316
3445,16.01102477
3446,16.26517075
3447,16.51931674
3448,16.77346272
3449,17.0276087
3450,17.28175469
3451,17.53590067
3452,17.79004665
3453,18.04419263
3454,18.29833862
3455,18.5524846
3456,18.80663058
3457,19.06077657
3458,19.31492255
3459,19.58252226
3460,19.85012198
3461,20.11772169
3462,20.38532141
3463,20.65292112
3464,20.92052083
3465,21.18812055
3466,21.45572026
3467,21.72331998
3468,21.99091969
3469,22.25851941
3470,22.52611912
3471,22.79371883
3472,22.66293035
3473,22.53214186
3474,22.40135337
3475,22.27056488
3476,22.13977639
3477,22.0089879
3478,21.87819942
3479,21.74741093
3480,21.61662244
3481,21.48583395
3482,21.35504546
3483,21.22425697
3484,21.09346849
3485,20.96268
3486,20.83189151
3487,20.86900042
3488,20.90610933
3489,20.94321823
3490,20.98032714
3491,21.01743605
3492,21.05454496
3493,21.09165386
3494,21.12876277
3495,21.16587168
3496,21.20298059
3497,21.24008949
3498,21.2771984
3499,21.31430731
3500,21.35141622
3501,21.38852512
3502,21.42563403
3503,21.46274294
3504,21.49985185
3505,21.53696076
3506,21.5020229
3507,21.46708504
3508,21.43214718
3509,21.39720933
3510,21.36227147
3511,21.32733361
3512,21.29239576
3513,21.2574579
3514,21.22252004
3515,21.18758219
3516,21.15264433
3517,21.11770647
3518,21.08276862
3519,21.04783076
3520,21.0128929
3521,20.97795505
3522,20.94301719
3523,20.90807933
3524,20.87314147
3525,20.83820362
3526,20.80326576
3527,20.37655562
3528,19.94984547
3529,19.52313533
3530,19.09642518
3531,18.66971504
3532,18.24300489
3533,17.81629475
3534,17.3895846
3535,16.96287446
3536,16.53616432
3537,16.10945417
3538,15.68274403
3539,15.25603388
3540,14.82932374
3541,14.75196421
3542,14.67460468
3543,14.59724516
3544,14.51988563
3545,14.4425261
3546,14.36516657
3547,14.28780705
3548,14.21044752
3549,14.13308799
3550,14.05572846
3551,13.97836894
3552,13.90100941
3553,13.82364988
3554,13.74629036
3555,13.92613066
3556,14.10597097
3557,14.28581128
3558,14.46565158
3559,14.64549189
3560,14.8253322
3561,15.0051725
3562,15.18501281
3563,15.36485312
3564,15.54469342
3565,15.72453373
3566,15.90437404
3567,16.08421434
3568,16.26405465
3569,16.44389496
3570,16.62373527
3571,16.0421087
3572,15.46048213
3573,14.87885556
3574,14.29722899
3575,13.71560243
3576,13.13397586
3577,12.55234929
3578,11.97072272
3579,11.38909615
3580,10.80746958
3581,10.22584302
3582,9.644216449
3583,9.062589881
3584,8.480963313
3585,8.527188167
3586,8.573413022
3587,8.619637877
3588,8.665862732
3589,8.712087587
3590,8.758312441
3591,8.804537296
3592,8.850762151
3593,8.896987006
3594,8.943211861
3595,8.989436716
3596,9.03566157
3597,9.081886425
3598,9.12811128
3599,8.69231697
3600,8.25652266
3601,7.82072835
3602,7.38493404
3603,6.94913973
3604,6.51334542
3605,6.07755111
3606,5.6417568
3607,5.205962491
3608,4.770168181
3609,4.334373871
3610,3.898579561
3611,3.840108534
3612,3.954015893
3613,4.067923253
3614,4.181830612
3615,4.295737972
3616,4.409645331
3617,4.523552691
3618,4.63746005
3619,4.75136741
3620,4.865274769
3621,4.979182129
3622,5.093089488
3623,5.206996848
3624,5.320904207
3625,5.153821367
3626,4.986738527
3627,4.819655687
3628,4.652572847
3629,4.485490007
3630,4.318407167
3631,4.151324328
3632,3.984241488
3633,3.817158648
3634,3.650075808
3635,3.482992968
3636,3.315910128
3637,3.148827288
3638,2.981744448
3639,1.107896308
3640,1.181183969
3641,1.254471629
3642,1.32775929
3643,1.40104695
3644,1.474334611
3645,1.547622271
3646,1.620909932
3647,1.694197592
3648,1.767485253
3649,1.840772913
3650,1.914060574
3651,1.987348234
3652,2.060635895
