$Combined Quabbin Quinapoxet Trout Temp,
Auto-Generated,
JDAY,Temp
1,0.949948978049479
2,0.945078501448495
3,0.942204921805638
4,0.940814807930288
5,0.939982706777106
6,0.829743761772689
7,0.737101865305691
8,0.624473418164333
9,0.517409336352562
10,0.409914665582459
11,0.29844341152179
12,0.189329558453927
13,0.165692396428227
14,0.142209976644132
15,0.119443570830505
16,0.0951807543398167
17,0.0710769445830262
18,0.0467621018602063
19,0.0231490675994467
20,0
21,0
22,0
23,0
24,0
25,0
26,0
27,0.0133048768187337
28,0.0267450113216495
29,0.0397459422759827
30,0.053022112132133
31,0.0658141498679562
32,0.0785963634627852
33,0.0918347282623806
34,0.113863551685229
35,0.137414949760421
36,0.173524065990581
37,0.210331883743736
38,0.247481051166905
39,0.28380843406592
40,0.323058220930116
41,0.359609955281028
42,0.411565041961156
43,0.435873030906199
44,0.46112931821845
45,0.485429239081239
46,0.509804131414712
47,0.534160344393934
48,0.559014641066928
49,0.577154477733144
50,0.611543802918992
51,0.632925355394532
52,0.662732407493601
53,0.700034639858022
54,0.715157038981718
55,0.655163485719991
56,0.598709209463862
57,0.551928290740781
58,0.501084649470632
59,0.438758348855286
60,0.385371787248503
61,0.335343678140419
62,0.271472483734588
63,0.54087612329587
64,0.847209556276249
65,1.15168940879763
66,1.44819056814991
67,1.74655090414598
68,2.03642613674487
69,2.2523401115136
70,2.47424828380847
71,2.62228872988388
72,2.82986570535708
73,3.045023202956
74,3.25400007627616
75,3.45990604897894
76,3.39453780094397
77,3.3075453118187
78,3.15218374696033
79,2.99798611636177
80,2.84367525418201
81,2.69270360469652
82,2.54274025530114
83,3.01702072940948
84,3.4932323260298
85,4.04875822917782
86,4.57732889484249
87,5.07855642988666
88,5.65843849563137
89,6.09885192067547
90,6.20449708659396
91,6.44222130215903
92,6.66700088765904
93,6.92588063232681
94,7.0399312108382
95,7.21949554811526
96,7.42141842517994
97,7.10009793023738
98,7.0584846930432
99,6.85751696559285
100,6.62660266682341
101,6.39959836620353
102,6.16102487045945
103,5.9316182529255
104,6.37023815407811
105,6.80977911372228
106,7.26429791807551
107,7.72061828539071
108,8.18090137285035
109,8.63455517327463
110,9.08745938580836
111,9.55513427325935
112,10.4799326147738
113,11.535460731611
114,12.5755390554963
115,13.6128701167925
116,14.6320849580914
117,15.636896267941
118,15.5791686955601
119,15.4810797213727
120,15.2168523720241
121,14.960474893806
122,14.7059571983908
123,14.4347970054469
124,14.1715941074232
125,14.1534732958216
126,14.1329428288885
127,14.1683063358106
128,14.1157352848887
129,14.1773233215122
130,14.2378324646127
131,12.1903795409897
132,11.0874963637112
133,10.3255674612138
134,10.1012312390429
135,10.659120924801
136,11.2178270153127
137,11.1195302275756
138,11.9764790766601
139,11.3528570824357
140,10.8037053879878
141,11.1879694606726
142,11.4210223401164
143,11.6808240018891
144,11.1242657089047
145,11.6780006792196
146,11.4974348753885
147,11.1210681859133
148,11.58701617259
149,11.5577185713831
150,11.4151074058189
151,11.353903619967
152,11.1454700847097
153,11.1871781106857
154,11.3548219557419
155,11.1694560527459
156,11.486917027751
157,11.6421159638892
158,11.5783400989491
159,11.6148732693229
160,11.5504474263325
161,11.8232697278706
162,11.5857495179746
163,12.6210953758768
164,12.7118814015096
165,12.8467206625726
166,12.9224169200875
167,12.6012424468871
168,12.0287022897305
169,11.9370540687536
170,12.0365107695575
171,11.7974920534413
172,11.5369261807834
173,11.7080937467748
174,11.596922083457
175,12.0126349372458
176,12.5643013622014
177,12.7168822501264
178,13.0950829871676
179,15.1450259233954
180,14.2910872769614
181,13.7908564022445
182,14.0402827731588
183,16.26522106288
184,16.6417140942546
185,14.6594956136247
186,14.0606297798466
187,13.6527570576272
188,13.6838912438119
189,14.6373996950214
190,14.4314550826252
191,13.8587132593041
192,13.5549084098801
193,13.9306871935602
194,13.8888040794328
195,13.546734377812
196,13.2715359160644
197,13.3063052157824
198,13.1640994570233
199,13.5879067720343
200,13.4581491753553
201,13.2979289236055
202,13.5993127285248
203,14.1552664211164
204,14.0457979012394
205,19.2402097475989
206,18.4202681778772
207,17.2556505640374
208,17.2078410708926
209,16.2801949427411
210,15.4950423536292
211,15.4055324839038
212,16.1204013032331
213,17.5105669979812
214,16.2021893668048
215,15.3767645547463
216,14.7954883702087
217,14.3090910497313
218,13.9863056680342
219,14.4865201028333
220,13.4611716662365
221,13.2939160706292
222,13.25915569877
223,13.4145162320758
224,13.6763701149603
225,13.5740221369467
226,13.577218566773
227,13.499475340308
228,13.3993923675515
229,13.3472275699798
230,13.2765497894624
231,13.1700970279963
232,13.0811229993967
233,12.7923945764168
234,13.0745305502353
235,14.0843988829154
236,13.8084985445636
237,13.262199712544
238,12.969499060511
239,12.7635959009903
240,12.6610372482852
241,13.4586334508602
242,13.3990488747875
243,12.9608167410654
244,12.8101818792823
245,13.0447666408309
246,12.9044661922103
247,13.0263096092671
248,12.7777772424569
249,12.9626048268407
250,12.8303087817607
251,12.923703996335
252,13.2506252090206
253,13.0740323910279
254,14.2260213518643
255,14.1143139005896
256,12.8424065446724
257,12.7251369489317
258,13.0938600043605
259,13.4620950083387
260,13.1346230263437
261,12.3650503930857
262,13.3520920848555
263,12.3114307862753
264,12.641753120363
265,12.5417675304777
266,12.6021286120283
267,13.2885741992193
268,15.9520700768968
269,13.4737440401401
270,13.0250255765137
271,13.1224644710312
272,13.0139425909143
273,13.6878735153671
274,13.3140499996757
275,13.0203510560853
276,13.5049072574417
277,13.6725437540268
278,13.5267830086023
279,12.8278133010102
280,12.8882771995214
281,14.6477620436148
282,12.877826933886
283,14.3012233829792
284,14.2017830347621
285,14.2637264542887
286,13.6073416565919
287,15.3289260026934
288,14.8715134137883
289,14.5157571729095
290,14.1470107440983
291,13.6249466012327
292,13.0280743093573
293,13.0300776693381
294,13.0120877083445
295,12.7276405293905
296,12.9457119195614
297,12.6257945674161
298,12.1125671451636
299,12.331999334728
300,12.4379511780559
301,11.9731666539754
302,11.3963689050283
303,11.5338704450311
304,11.3697563839403
305,11.4741648113406
306,11.6139851680064
307,11.5369252392594
308,11.452486174211
309,11.3347425629002
310,11.1012325700042
311,11.0075546125389
312,10.889514206447
313,10.8316004419913
314,10.862294327021
315,10.9346784330318
316,10.7703072178322
317,10.7502147866211
318,10.4253791292959
319,10.1657737873606
320,10.4129882598529
321,10.4468537663424
322,10.3817623893742
323,9.99350758147347
324,8.67190299839948
325,8.42290749979692
326,8.23441775942991
327,8.12021882604906
328,7.96088300893464
329,7.63883913843479
330,7.38813623127338
331,7.19266156975712
332,6.86639375040409
333,6.55009251796134
334,6.37043364082885
335,5.9300358043603
336,5.39787089563222
337,5.05436848827409
338,6.77054826774518
339,7.73427766030433
340,7.62853311777753
341,7.59823849923406
342,7.51400862067977
343,7.09973514994734
344,6.39541923545493
345,6.15967098364496
346,6.15617204321901
347,6.06370759166474
348,3.66129908628325
349,1.26930622828028
350,1.10029793377425
351,0.937576123220021
352,0.729296457288981
353,0.516353462056473
354,0.321998263494777
355,0.126276966612567
356,-0.0785605291282987
357,-0.0905070548656474
358,-0.0888153669044981
359,-0.0863813963108323
360,-0.0781895558154045
361,-0.0780644744505375
362,-0.0703677323383781
363,-0.0744030829798437
364,-0.0748399062088486
365,-0.0723553232722896
366,-0.0737484554130716
367,-0.0752518552970747
368,-0.0757459899395709
369,-0.0751338887350724
370,-0.074436198224126
371,-0.0734104835896963
372,-0.0722574769129686
373,-0.0712865573874035
374,-0.0696673260021074
375,-0.0678777630005889
376,-0.067892270756821
377,0.070070294135204
378,0.206612129100364
379,1.74708100217247
380,2.41493677249178
381,2.49672372107912
382,2.42970216841095
383,1.77352328277577
384,1.96297536291743
385,1.98598879095347
386,1.83870614032121
387,1.55322556939542
388,0.76632729692383
389,0.695682612347801
390,0.613179910972347
391,0.513881700147916
392,0.455344198679107
393,0.634811223800558
394,0.403199326657163
395,0.355782436815076
396,0.306245199127604
397,0.257386956426028
398,0.211336076491606
399,0.164702678909827
400,0.117205162723577
401,0.0694812786079468
402,0.0218647762439727
403,-0.0266867793940904
404,-0.0738402387259359
405,0.00870523123822346
406,0.0918910261331826
407,0.174518854611205
408,0.258184471280577
409,0.341881314364945
410,0.423064333623781
411,0.506365868538033
412,0.592224224666958
413,0.67784654011502
414,0.693879246748723
415,1.62400535888563
416,1.74840462391416
417,1.77336463944826
418,1.83032626022088
419,1.82586149643665
420,1.6474330045624
421,1.1675139904087
422,0.925073620889175
423,0.944397446084018
424,0.965069828060899
425,0.985601571896034
426,1.12942901965728
427,1.27691606655781
428,1.43121710942037
429,1.58296309635001
430,1.72531151207811
431,1.86266210864142
432,1.99387665478708
433,1.95191374453188
434,1.94520437139825
435,2.01130201843739
436,2.06290515530854
437,2.13892862288898
438,2.1987231067696
439,2.23812786095497
440,2.28649559339375
441,3.01425433417165
442,3.73645787320669
443,4.43523838978916
444,5.13041970166269
445,5.82628892971198
446,6.53116713477343
447,6.58722690105624
448,6.60586882767345
449,6.62779855318303
450,6.65717867576744
451,6.67201220849267
452,6.69948907234496
453,6.72980183337881
454,7.3520263526306
455,7.94208948987743
456,8.56884034515363
457,9.2183143841883
458,9.87906050099376
459,10.5305484666665
460,11.1801942903449
461,11.8344605039569
462,11.7017156549938
463,11.4323743722695
464,11.1545995159277
465,10.8678095424956
466,10.6137269560203
467,10.3380015985864
468,10.1998542655529
469,10.0989564386979
470,10.0456266121718
471,9.99047594100353
472,9.93704163815946
473,9.87171251846121
474,9.81150438829085
475,9.75620251862266
476,10.1187027182856
477,10.4947904278222
478,10.8687537490382
479,11.1834722650276
480,11.5537992470272
481,11.9202113413781
482,12.1890038647428
483,12.4366329995028
484,12.838204532423
485,13.1250803233311
486,13.55873843377
487,14.0464308777406
488,14.4523540532147
489,14.8109510260599
490,15.261474507049
491,9.2334732648305
492,9.57489054043368
493,9.69674388659482
494,10.3002115350865
495,10.6397389569817
496,10.5960515254582
497,10.124333449877
498,12.1117732762014
499,12.4977167282261
500,12.7220442243146
501,13.1467005905565
502,13.5835597508538
503,14.2339216354609
504,14.7093349475347
505,11.7434091612667
506,11.0674124834615
507,10.8312945783301
508,11.2550629787532
509,11.3140261465304
510,10.8932687057732
511,11.1506887183703
512,11.4899697577359
513,10.6243950103301
514,10.9375382114146
515,11.1948902098041
516,10.8870221015098
517,10.9048534465332
518,11.3502973902049
519,10.7284111699457
520,11.3738831981808
521,10.8840310198142
522,11.3406759872278
523,11.3005052144764
524,10.969999002676
525,10.8096649742304
526,11.3013834429172
527,11.2928212682163
528,11.1312544301959
529,11.5896397086806
530,11.3966876213663
531,11.5197290814916
532,11.1962295649262
533,11.6618916048804
534,11.4179217490101
535,11.2486750484673
536,11.529522649385
537,11.5693494293305
538,11.2632239573257
539,11.297553398716
540,11.6297046479847
541,11.9097764348214
542,11.4940845291464
543,11.6616086692865
544,11.588924727476
545,11.6515302912793
546,11.5023466393801
547,11.5520420390434
548,11.8110803298727
549,11.3811351166132
550,11.7678444385023
551,11.6468474476968
552,11.6126234233644
553,11.5410222415855
554,11.7576621724086
555,11.5928451114445
556,11.8714928284749
557,11.8352633840025
558,11.9013149132347
559,12.254382248538
560,12.317336560302
561,12.0795927282297
562,12.4149127335198
563,13.1850369056806
564,12.5252555110404
565,12.316722157141
566,12.885131087788
567,12.2696928028351
568,12.66139522756
569,12.2483977718266
570,12.9002087328308
571,12.6056845045631
572,12.3994263379338
573,12.2615096441672
574,12.3865806941955
575,12.5339330363436
576,12.4094883508016
577,12.6979407784366
578,12.6952410701516
579,12.5930185677211
580,12.440356668409
581,12.6640690440521
582,12.7794521117076
583,12.8416776733106
584,12.7006274457396
585,12.8243917171166
586,13.1637809715892
587,12.9014948013577
588,12.9936111686517
589,12.7787166301055
590,13.2063231744418
591,12.7163614202313
592,12.8553479139484
593,12.8719804632736
594,13.1000130489842
595,13.2711205165914
596,13.2525883131461
597,13.6885284407648
598,13.1031098287696
599,13.5290101918995
600,15.8485349736835
601,18.2958789262725
602,18.4845651328056
603,13.4258236987811
604,13.4468976448496
605,13.3081562192701
606,13.5956704474764
607,13.4970545957153
608,13.7871976540162
609,13.6745797727204
610,20.4309048786814
611,20.0737422987867
612,13.7313168757561
613,13.2629358950311
614,13.5204007821551
615,13.5580118718255
616,14.3648603052996
617,14.2416330380634
618,16.4353106061683
619,14.3418429003228
620,13.9034880232121
621,14.3764628872171
622,14.8129440951362
623,15.1921454127618
624,13.8958102380861
625,15.7598380379879
626,15.5006555226298
627,14.2200867506304
628,17.8560273505732
629,15.9083043441811
630,13.9773675320434
631,15.6254621169489
632,14.1596388991902
633,15.4405099763336
634,16.6753043199078
635,17.8382245816929
636,15.3902830625366
637,15.6249736613027
638,15.6501725654143
639,15.2735576672865
640,15.0280061666256
641,14.6382449151054
642,17.9404076189515
643,17.7568211505107
644,17.3457391873141
645,16.866539869523
646,15.92404446361
647,16.5904008823336
648,16.351855868065
649,16.1309951748151
650,16.3861458792494
651,11.5502858295083
652,11.0658874497368
653,10.2727931152163
654,9.54970523071651
655,9.23511380100715
656,8.89714638099891
657,8.88380542290699
658,14.6911478587881
659,14.6064928442709
660,14.4163800939392
661,14.170748253975
662,14.0702870336555
663,13.9801599276471
664,13.7899117910568
665,13.4296162416869
666,13.6267246035431
667,13.7917323755456
668,13.5526415972796
669,13.3160425416577
670,12.9382966225084
671,12.559193244925
672,12.3606281289918
673,12.0519252245079
674,10.9183184296453
675,10.9416312189879
676,11.2432424900647
677,9.67787964953621
678,6.49534707991158
679,6.72163349322413
680,6.75056143898831
681,6.8440965969321
682,7.13327397309267
683,7.21689445349993
684,7.44014788070535
685,10.4659466761074
686,10.2081897353818
687,10.0320263823979
688,10.0591827335832
689,9.98266787274594
690,9.85031366290674
691,9.73034027746786
692,9.63359037964656
693,9.45746575819581
694,9.31959886546044
695,9.13840555121305
696,8.87610119104264
697,8.81481496952164
698,8.76573343731925
699,8.7053309692473
700,8.41247731759651
701,6.7951888431877
702,6.78788270363048
703,6.96079394662268
704,6.92454087279895
705,6.80428531525124
706,5.24111345364975
707,1.27251376351845
708,1.31684920331344
709,1.49673752310105
710,1.69426273229573
711,1.94043047428098
712,1.80796683141705
713,1.84557037442579
714,1.64730205277223
715,1.405313716291
716,1.18023199857795
717,0.940981239416
718,0.712385923728424
719,0.48665752452048
720,4.05486219595645
721,4.73535213861916
722,4.57865469612736
723,4.40143468490683
724,4.23975377308213
725,4.01335583702081
726,3.58456991112114
727,3.16097037695595
728,2.89769213531986
729,3.00372304921456
730,3.03087056994549
731,3.04289078348509
732,2.92882154997519
733,2.71220926354131
734,2.80403885276275
735,2.29760339305815
736,0.81024286595995
737,2.72305592602469
738,2.5763479634051
739,2.06804470368082
740,1.9224647560158
741,1.84485213811005
742,1.50697653621885
743,1.04648554395308
744,0.276167418794245
745,0.209319194312116
746,0.142108083526026
747,0.0760599438364275
748,1.74914988638111
749,1.58676157216357
750,1.22548881789943
751,-0.0299855699781418
752,-0.0243688175584756
753,-0.0182382292166455
754,-0.0115048482678228
755,-0.00396327562245821
756,0.00456308066059605
757,0
758,0.00138221656720691
759,0.00286129669216037
760,0.00450960907369297
761,0.0059043465997566
762,0.00714934161683822
763,0.00775856126073343
764,0.00909150141037278
765,0.0108466520951488
766,0.0124848969603947
767,0.014142538710733
768,0.0173549585065262
769,0.0183435793312297
770,0.0195800027740419
771,0.0199328855296047
772,0.0201929245723709
773,0.0208144371598952
774,0.0214443012560076
775,0.0231047996584763
776,0.025337589368809
777,0.027957164846893
778,0.0291684555351812
779,0.0332721591015162
780,0.0560369504731239
781,0.0839196442159992
782,0.097762789857392
783,1.53955902940455
784,1.6350406011997
785,1.2527501337344
786,0.255758737290096
787,0.341233694598424
788,0.419102943622951
789,0.492435182062736
790,0.56966452801999
791,0.645581045505829
792,0.69730401621269
793,0.747245556644903
794,0.798714283114349
795,0.848827266067026
796,0.893286558012161
797,0.916920225231913
798,0.983580317360343
799,1.10549575946455
800,1.28781288420137
801,1.46478115595195
802,1.65040837268943
803,1.83163295326906
804,2.00896120455748
805,2.19196160644982
806,2.40983523243521
807,2.62026939772948
808,2.80329214540446
809,2.97984306364404
810,3.14907415191181
811,3.32690114338557
812,3.50861303342375
813,3.57000746889381
814,3.62191350864643
815,3.67295097512099
816,3.7315888813592
817,3.78827242009977
818,3.84703780678219
819,3.90396074852351
820,4.08897816165853
821,4.31305608947078
822,4.58474550535399
823,4.82887085798649
824,5.04805258879567
825,5.25321838532449
826,5.49898716082165
827,6.1328391378177
828,6.65265088670034
829,7.1905685262464
830,7.6917468671145
831,8.19494842571045
832,8.69997313705475
833,9.22027304903983
834,9.16001840157556
835,9.15656522207271
836,9.14756948866765
837,9.16676951767712
838,9.13356687097508
839,9.14587405163043
840,9.15267735034352
841,9.69652110437191
842,10.2103149668393
843,10.7291148979359
844,11.2323459670212
845,11.7343581285321
846,12.2486637322051
847,12.7582312071486
848,13.03495724268
849,13.444748402363
850,13.8912980792717
851,14.3502255905993
852,14.8150561520385
853,15.2640670529488
854,15.6882285315904
855,15.5311834468522
856,15.4233906292524
857,15.0017110507404
858,14.5912041335915
859,14.1849190964517
860,13.7806325699434
861,13.3079075511636
862,12.8587128936668
863,12.9492170935732
864,13.0708819891251
865,13.1015871658707
866,13.0447308933978
867,12.0611434077683
868,11.7570433470476
869,11.6589363647133
870,11.1738404515062
871,11.2358957724236
872,11.3906372074097
873,11.29941732089
874,12.9990091866363
875,16.5722504216802
876,12.6506159508425
877,10.9310297626153
878,10.9038402325993
879,10.4430744382062
880,11.0451831417887
881,10.5203972239156
882,10.3866607047581
883,11.8226160653081
884,11.3863226616261
885,10.989632781449
886,10.7869306848948
887,11.3128229969541
888,10.8147521917735
889,10.4606130634312
890,11.1475379017302
891,12.270712016691
892,10.9221504843121
893,11.4949562079525
894,11.2088275100583
895,11.5918992046475
896,11.1833792255144
897,10.9381907541539
898,11.1111489166946
899,11.0909619733807
900,11.036742490285
901,10.6530171607751
902,10.9050001322647
903,11.0952075391098
904,12.4623740301531
905,12.8868448931532
906,13.0097435186443
907,13.2941973711802
908,13.0639608167399
909,12.7502995882773
910,12.8776520672827
911,12.5019024840196
912,12.2157808819424
913,12.2342345930621
914,12.1388183625264
915,12.0018069282805
916,11.801360582575
917,11.6683202230232
918,3.78714131173706
919,8.55881944201226
920,12.1800540772293
921,11.5419445992239
922,11.7384357841639
923,11.7364558954784
924,11.4738129610011
925,11.8109691747186
926,11.6428755649296
927,11.4185959425354
928,11.2953447230228
929,11.3428346585246
930,11.524666826475
931,11.3223261070013
932,11.403192574493
933,11.700618451736
934,11.4842691977413
935,11.8201220856421
936,11.6222739214537
937,11.4065754047336
938,11.4660337505968
939,11.5815673995646
940,11.6060662065406
941,11.9430982116756
942,11.4702902565117
943,11.8171941968376
944,11.7350624467332
945,11.4163540287814
946,11.6496666453182
947,11.6996939640599
948,11.6567710982919
949,11.8254619962175
950,12.1077562491946
951,11.9213149766584
952,13.1832437476319
953,12.2501859198645
954,12.2480024652261
955,12.2802172398719
956,12.2644817523686
957,13.0361330269383
958,13.306860301463
959,12.2997126357924
960,12.2526759296105
961,12.4208917087632
962,12.5565444469014
963,12.1304263199572
964,12.4839971720625
965,12.075123945154
966,12.4483385421715
967,19.5510047897445
968,19.8253143561398
969,20.1039560129461
970,20.2429933956983
971,20.5222594773678
972,20.8517271202932
973,21.2099652419426
974,15.493804316026
975,14.5059514056058
976,13.8473872355358
977,13.7269909352528
978,13.5213782501784
979,15.9312643284496
980,19.0939577353524
981,19.265091953496
982,19.2730720696815
983,19.288332976597
984,19.3197058429135
985,19.3809574626593
986,19.460901269217
987,19.5648786094432
988,19.0151814586719
989,18.5317123927777
990,18.0595457142474
991,17.5821662445905
992,17.0941403475572
993,13.7886026250189
994,13.9394067595686
995,13.9048616829057
996,14.2921836684074
997,15.3147751612829
998,15.7784600627332
999,15.7243155070416
1000,15.971633475951
1001,16.2388225688373
1002,16.4792542108434
1003,15.3660665829972
1004,16.749191714721
1005,16.4104666530331
1006,14.3896220977479
1007,15.9602710186334
1008,16.4767377028252
1009,15.3120715027914
1010,13.9169262009509
1011,13.6158287991507
1012,14.032718808691
1013,14.4049001405512
1014,14.9284592602152
1015,14.6747057386808
1016,15.8261266603034
1017,14.5538921798825
1018,12.7738682550665
1019,13.1631523693699
1020,13.1068726786943
1021,13.2042551130538
1022,14.2519490625457
1023,13.1866926185699
1024,13.1276129765542
1025,13.7485481571074
1026,14.0002529431944
1027,13.7999963914341
1028,13.8550059525828
1029,13.9339658672329
1030,13.8360567202299
1031,13.1882212275116
1032,12.630128974362
1033,10.1491351716837
1034,8.56478895608629
1035,7.63531171643553
1036,6.69614905794968
1037,5.75673511372829
1038,6.04576312972134
1039,6.3258481638655
1040,6.60717221902596
1041,6.87502456924742
1042,7.13697676328254
1043,7.48296269747656
1044,7.82815370672453
1045,8.09993347881707
1046,8.37458463547688
1047,8.64975341388083
1048,8.92040012452446
1049,9.18901713896978
1050,9.46012536392742
1051,10.0727558624133
1052,10.0552037919101
1053,9.50459450619993
1054,9.23103851914317
1055,9.27774434750105
1056,8.39943174373734
1057,6.35939485746687
1058,6.42717937102909
1059,6.56449384931929
1060,6.69173340197251
1061,6.81694902134671
1062,6.93399949480356
1063,7.05545777691286
1064,7.10572368626679
1065,7.28087599751683
1066,7.38075257417369
1067,7.46628363968066
1068,7.58428014283516
1069,7.6630608277159
1070,7.74383776328707
1071,7.81543424712089
1072,7.34176160108666
1073,6.81223175304582
1074,6.3054217785192
1075,5.84304925636186
1076,5.39633004739494
1077,4.98177568854351
1078,4.50280946245365
1079,3.98824275577404
1080,3.95968130757165
1081,3.9340947031263
1082,3.9179035829326
1083,3.890687710978
1084,3.87925771264216
1085,3.85565569658779
1086,3.84570332046794
1087,3.57052039966319
1088,3.3437715531507
1089,3.05242017621424
1090,2.75891282125638
1091,2.45125158046519
1092,2.13571114848769
1093,1.85161921467796
1094,1.53164118067677
1095,1.2287107426436
1096,0.929295828190975
1097,0.635253673348066
1098,0.334444456630416
1099,0.0276057187070878
1100,0.202960090987981
1101,0.373052203162213
1102,0.540549789355588
1103,0.709247542991454
1104,4.2264225452204
1105,4.67823832811532
1106,4.5883890082437
1107,4.4076966176903
1108,4.41677209039879
1109,4.44486833503198
1110,4.20977631576201
1111,4.07530265376721
1112,4.16587490692113
1113,4.13034504113267
1114,4.05704231193756
1115,4.00122008142323
1116,3.82706921031646
1117,3.4226600788938
1118,3.60940140875427
1119,3.48472369019038
1120,3.39815094483833
1121,3.26598886259476
1122,2.79092453295896
1123,3.01567878485206
1124,3.14210284920572
1125,3.1042380016918
1126,2.41401101526645
1127,2.51908701507719
1128,2.62792908994101
1129,2.45398233867285
1130,2.28342102394364
1131,2.11534502225797
1132,2.84336789543041
1133,3.15547091011152
1134,3.03193656174532
1135,3.09647426999312
1136,3.29369961996139
1137,3.30975132537182
1138,3.08697257822043
1139,3.08820173978592
1140,3.15070070181662
1141,3.16217276830166
1142,3.2140947866251
1143,3.31189250488116
1144,3.24374334465787
1145,3.2555291580503
1146,3.17188994980587
1147,3.24412643812013
1148,3.33917545944785
1149,3.38818842891347
1150,3.38908896881701
1151,3.22543097693665
1152,3.14873484312605
1153,3.16660236712167
1154,3.19748914712762
1155,3.29776299509903
1156,3.07365983131028
1157,2.82058179017234
1158,2.95128657115081
1159,2.88287937246997
1160,2.76093422871395
1161,2.73484363763076
1162,2.90511001327644
1163,3.06560829343212
1164,3.3043978196258
1165,3.51604913659708
1166,3.86662458208413
1167,4.08720300535882
1168,4.40939318092721
1169,4.75383661402097
1170,5.11188265852745
1171,5.28486942331604
1172,5.50682316367768
1173,5.74272651719663
1174,5.913921498253
1175,6.05010483509001
1176,6.14907789090033
1177,5.87106686432999
1178,5.84620068055789
1179,6.52441468378352
1180,6.62872052838537
1181,6.8396458435995
1182,6.47254449490316
1183,6.02449059007539
1184,5.95043543829921
1185,5.98379566256885
1186,6.10313417766377
1187,5.9634852300239
1188,6.08952881656271
1189,6.06647979674895
1190,6.28306272148638
1191,6.34482319332829
1192,6.36014981829715
1193,6.55105769789197
1194,6.56789949677457
1195,6.60565752339121
1196,6.71377634321319
1197,6.76461700017679
1198,7.22020909992059
1199,7.24584504238247
1200,7.25350862531579
1201,7.11015409001489
1202,7.38105097826384
1203,7.54213327805258
1204,8.36819364041774
1205,8.21787626595071
1206,7.35693675554315
1207,12.8889713357367
1208,12.4750028582563
1209,11.9608571808704
1210,11.4392647806644
1211,11.4106153918536
1212,11.3748586062332
1213,9.43653921571562
1214,9.06665353357242
1215,9.28832566095894
1216,9.22578336424772
1217,9.22780716251978
1218,9.47228260697701
1219,9.59354808711973
1220,9.57532481765295
1221,9.61747942000281
1222,9.76294338615018
1223,9.80916592326755
1224,9.78857784823956
1225,10.7729528311511
1226,11.4498079640522
1227,11.6350586648166
1228,11.3148025312057
1229,10.7681493374211
1230,10.470638925099
1231,10.6296688817544
1232,11.447877236473
1233,12.2563624794206
1234,11.1349552686655
1235,10.7687401678297
1236,10.6907868940906
1237,10.5521170138536
1238,11.059076295299
1239,11.1268320596425
1240,10.9766627280319
1241,10.909556216576
1242,10.8602760988342
1243,10.9306050401236
1244,10.6618135200681
1245,10.7675966208642
1246,11.2492936819725
1247,10.9734698405361
1248,10.6400950861043
1249,11.7744315138535
1250,13.1363615297904
1251,12.4078805337908
1252,11.9964330246701
1253,11.7894805235136
1254,11.6340067173345
1255,11.4423289768101
1256,11.4321593744142
1257,11.3000765529663
1258,11.2514268729026
1259,11.275895880821
1260,11.7999742535589
1261,12.2470554810771
1262,11.7095034622103
1263,11.6073479248684
1264,11.738984742798
1265,11.3278247805183
1266,11.1166602813146
1267,11.3320059627385
1268,11.3640425405843
1269,10.9478107231212
1270,11.3647256154509
1271,11.0577950990884
1272,11.2672031972238
1273,11.7138935365527
1274,11.1382501688456
1275,11.4152879966722
1276,11.4726223702955
1277,11.4364999273484
1278,11.2409124257865
1279,11.2906233007518
1280,11.2947929252164
1281,11.3560913412806
1282,11.5579095694035
1283,11.1781309204917
1284,11.4719556785754
1285,11.408708398059
1286,11.3181600082928
1287,11.4505507593614
1288,11.4845468673683
1289,11.3807225664343
1290,11.619945480048
1291,11.7344206715196
1292,11.7078908660703
1293,11.9958044177265
1294,11.5754667975556
1295,12.2873656167738
1296,11.9645414402114
1297,12.3756559295826
1298,12.158618548897
1299,11.8894393318292
1300,11.9810175102213
1301,12.1848951974649
1302,12.324720684234
1303,11.9787091843469
1304,12.4509052477246
1305,12.2325354018775
1306,12.4176632732702
1307,12.2261979547295
1308,12.4899190803851
1309,12.3843412320961
1310,12.4513698811085
1311,12.4656204139955
1312,12.5471607129099
1313,12.5312327488642
1314,12.885461663031
1315,12.5510598753687
1316,12.8950365272659
1317,12.8911574322377
1318,13.0619425259191
1319,13.2583365448634
1320,13.4696962057081
1321,13.1726675991706
1322,12.6778862934284
1323,12.9360597289042
1324,13.6632823658598
1325,13.1245910177979
1326,13.8058205839317
1327,13.354335986296
1328,13.3191430240995
1329,13.4318821593418
1330,13.1474450375025
1331,13.2957763083835
1332,13.3780195036355
1333,13.266728097154
1334,13.4248865073283
1335,13.1177828962735
1336,13.5974570774053
1337,13.5504949266586
1338,13.0683685845935
1339,13.2218942563414
1340,13.622147519955
1341,13.4062573158731
1342,13.494103628213
1343,13.5053615900652
1344,13.6251125148805
1345,13.7903228579301
1346,13.7485475145162
1347,13.179029998675
1348,14.440981168474
1349,14.3845514684834
1350,13.3746124618328
1351,13.4562692970949
1352,13.8343728056138
1353,13.9577156450393
1354,14.505576548936
1355,13.6664910059003
1356,13.8171784509913
1357,13.4168750528345
1358,15.1148069633094
1359,14.6936514791358
1360,14.1741068140196
1361,14.0921770001299
1362,14.552351807002
1363,14.0001243254694
1364,13.4325022558469
1365,13.8352649566144
1366,16.1620900038112
1367,16.966322999742
1368,17.9135084139174
1369,16.3156580912022
1370,13.8683779272881
1371,14.2665671133757
1372,15.1972028550009
1373,15.4700816116751
1374,14.4915352091103
1375,14.0112232629053
1376,14.9024449601212
1377,15.2577344771703
1378,16.5187714583613
1379,16.1937757061795
1380,15.6531360947678
1381,14.8938025489525
1382,15.5616233514907
1383,13.0064463084711
1384,13.1060524784805
1385,10.5115825361535
1386,10.0988307837112
1387,10.2028896243465
1388,10.2609533934856
1389,10.4427895819798
1390,10.5917375850538
1391,10.6411755111708
1392,10.7961016879605
1393,10.8666463846947
1394,14.6172587713633
1395,11.1168768724902
1396,11.261543132629
1397,11.3883337161234
1398,11.3175438240702
1399,11.9198086687408
1400,12.1916317313265
1401,13.2846030092823
1402,13.5838149953951
1403,13.3270327141456
1404,13.0816050575534
1405,12.7208279991398
1406,12.4539520683706
1407,12.1687741415624
1408,11.5308703638038
1409,11.3396310178179
1410,11.3106698899394
1411,11.3696308272233
1412,11.3168236931682
1413,11.2985707357398
1414,10.8691899099208
1415,6.27683013353677
1416,5.38000898565349
1417,4.48906536597445
1418,3.57801830689287
1419,2.67666452999439
1420,2.15720251352848
1421,2.20559751058694
1422,2.17760090801366
1423,2.23828967118167
1424,2.33047599064864
1425,2.41205463160907
1426,9.35075024860396
1427,9.33334727533624
1428,9.1999081277078
1429,9.08886073705436
1430,8.97359951104672
1431,8.83756093984175
1432,8.77247815574431
1433,8.81909446182091
1434,8.77632053392655
1435,8.72749650762578
1436,8.46080613168088
1437,8.31692036801481
1438,8.2340110758943
1439,8.1705782155436
1440,7.70042794323304
1441,3.87405771733512
1442,3.43143597995833
1443,3.27076290315498
1444,3.14534962921622
1445,2.99988921803988
1446,2.84302637400352
1447,2.71077211548581
1448,2.70779251233841
1449,2.4129742816311
1450,2.30106984932262
1451,2.36765483782496
1452,1.87060484162806
1453,1.86786453995049
1454,1.82758194013935
1455,1.75816604969912
1456,1.6572737679542
1457,1.53519964731818
1458,1.40956340899511
1459,1.2979576293866
1460,1.15996347014908
1461,4.91270636121988
1462,5.00378029270878
1463,4.75200219273431
1464,4.08622302182435
1465,4.17042082381502
1466,4.42289332056859
1467,4.42273306891842
1468,4.42019092568035
1469,4.33311257089164
1470,4.31065038787827
1471,4.24888848056908
1472,3.89183474329556
1473,1.0470011887893
1474,1.2905837780416
1475,1.50766859008495
1476,1.63456660780662
1477,1.52129546965897
1478,1.36449148403771
1479,1.17583285735557
1480,1.00261477505
1481,0.756921677081041
1482,0.50179915171387
1483,0.253135680571186
1484,0.00636498842676567
1485,0.0206850042941086
1486,1.99839725411955
1487,2.03953129926346
1488,1.89774047156711
1489,1.9498215302519
1490,2.04301223514799
1491,2.33094663276318
1492,2.44142091362445
1493,1.40966513567151
1494,0.196998039365273
1495,0.221068363689634
1496,0.252611799727506
1497,0.289173284180225
1498,0.318393064316968
1499,0.35135859084484
1500,0.436798739509408
1501,0.516013960873836
1502,0.601828942720633
1503,0.683027374930712
1504,0.767291702854752
1505,0.855295072246813
1506,0.932270209915956
1507,0.883070192307999
1508,0.82247965099591
1509,0.796447854325744
1510,0.745236861007479
1511,0.670665568330735
1512,0.623976500155371
1513,0.580825497172045
1514,0.829196756610199
1515,1.05038664644073
1516,1.26325719999278
1517,1.4713038083143
1518,1.70643094817308
1519,1.77584141690696
1520,1.56367295195302
1521,1.70219087320721
1522,1.89374003290869
1523,2.00215386387439
1524,2.06281058443833
1525,2.12209058442917
1526,2.16627646005144
1527,2.11689088345315
1528,2.06780164190578
1529,1.98016029706419
1530,1.91668127700759
1531,1.85709375976333
1532,1.77057416721601
1533,1.76848013719834
1534,1.6796174442135
1535,1.64937660288468
1536,1.63531564364266
1537,1.61311308164542
1538,1.58304892687949
1539,1.62800013306371
1540,1.6546500117626
1541,1.73224921733249
1542,1.8193490004818
1543,1.90386360256297
1544,1.98149978476915
1545,2.05408384474452
1546,2.19614363640363
1547,2.33571340031564
1548,2.64465446437682
1549,2.95652013720897
1550,3.26814989231709
1551,3.56887626947181
1552,3.85832523271122
1553,4.10630845359656
1554,4.61395921212326
1555,5.12496266922286
1556,5.6390686608556
1557,6.15081479338024
1558,6.66105493786306
1559,7.17157869353861
1560,7.70674378429071
1561,8.23579860876836
1562,8.48805853383689
1563,8.70727970483541
1564,8.92218089581238
1565,9.15449873985883
1566,9.39780105564799
1567,9.65933230966511
1568,9.89778721576913
1569,9.88456060192649
1570,9.89676373405814
1571,9.91081956099427
1572,9.90193030450948
1573,9.91570625310416
1574,10.0217689758348
1575,10.0967939374646
1576,10.5550748348941
1577,11.0132616874551
1578,11.4734202247556
1579,11.9350313594896
1580,12.3923996267962
1581,7.43340429478227
1582,7.48906733071707
1583,7.86446019355916
1584,8.71956647137363
1585,8.10389032636587
1586,7.72825151408132
1587,7.44243561302732
1588,8.08254913039875
1589,7.92423613279832
1590,9.38602308875128
1591,14.1798633663562
1592,13.9927144066424
1593,13.7864128051876
1594,13.5998853877921
1595,13.4173226959969
1596,13.2066464621949
1597,13.7774657120861
1598,10.9024779309437
1599,9.21906676562747
1600,9.15623907521938
1601,9.53514679475787
1602,10.032516328211
1603,11.2793305953519
1604,16.7790835873233
1605,16.6857670902378
1606,16.4472427391036
1607,16.2243970237757
1608,16.0596137042079
1609,15.9211882105799
1610,15.0386750798059
1611,14.5951779192577
1612,15.6486177879399
1613,17.2077012636296
1614,17.7326764009374
1615,18.2112301242088
1616,18.6830112252993
1617,17.8854720963539
1618,16.8913069321768
1619,18.7885318286977
1620,18.5900993544305
1621,18.4675644564304
1622,18.3960830186559
1623,18.2787038793563
1624,18.1603025711375
1625,18.2700692732133
1626,18.4334472559416
1627,18.5452852840889
1628,18.6439214319534
1629,18.7717697438427
1630,18.8530638071287
1631,19.101923389443
1632,19.8428199139446
1633,20.5808108771508
1634,21.3151619750144
1635,22.0508634176891
1636,22.8012900356782
1637,19.0971078688701
1638,16.1125363458337
1639,15.9497042574804
1640,17.2857959202948
1641,16.6353507089337
1642,16.1579591190507
1643,16.3849176135564
1644,18.0917391126985
1645,16.5644692145649
1646,14.6436183013674
1647,14.1761020033739
1648,14.0849535145457
1649,13.5638083244546
1650,13.7518092018929
1651,13.6443269153642
1652,13.8015525965233
1653,13.3016637084381
1654,12.9490637693053
1655,13.1986959289691
1656,13.2122166858929
1657,12.8657497314162
1658,12.9759302694407
1659,12.7901393461081
1660,12.8936296298791
1661,12.5713797407644
1662,12.836353089885
1663,12.5590453937283
1664,13.0169432480769
1665,13.3247708656475
1666,13.5984893626501
1667,13.5293070300303
1668,14.0172146680636
1669,13.4457218830138
1670,13.593115875705
1671,13.2793274960625
1672,13.2951225473238
1673,12.9694727720872
1674,13.2507818038751
1675,13.4644600818165
1676,13.0405065843845
1677,13.2889974098402
1678,13.0932430856077
1679,12.8882300274985
1680,13.2842803276902
1681,12.8234759777959
1682,13.1733169724926
1683,13.4568356517459
1684,13.157095412962
1685,13.3956668973699
1686,13.6393295841489
1687,13.5942093353567
1688,12.9395326744396
1689,13.2462960490372
1690,13.5146865848221
1691,13.4792696905363
1692,13.3501779927608
1693,13.2711668147825
1694,13.2538487663505
1695,13.3403511640986
1696,14.3212079781344
1697,13.5474680060845
1698,13.5754965217771
1699,13.6866491271689
1700,14.411994794029
1701,13.8674722420997
1702,14.3084392014877
1703,14.01931505153
1704,13.9373841482342
1705,14.3299396831997
1706,14.2229695442669
1707,14.2132629426224
1708,13.9977918069212
1709,14.5663333405424
1710,14.1034254495523
1711,14.1723816611324
1712,15.5439074494811
1713,14.1824372832301
1714,13.8629528631114
1715,14.2437351610216
1716,14.1627448638223
1717,15.3966659903098
1718,15.022506966405
1719,14.2658714554415
1720,15.0651539233724
1721,16.8903812935616
1722,13.5900458938947
1723,14.1594791151636
1724,14.1736290165628
1725,13.5810938341822
1726,14.6999018240653
1727,15.7457786939393
1728,15.5781706127348
1729,14.7002232982517
1730,15.7716487444153
1731,16.2721607819154
1732,15.5254880951596
1733,15.0813347268517
1734,15.0170896160154
1735,15.1121542898629
1736,14.8831108143605
1737,14.9736306507461
1738,15.8153401745936
1739,15.8753365036184
1740,15.951523274189
1741,14.4806884683647
1742,16.2556219022583
1743,17.2272472283131
1744,17.0960151658858
1745,17.2172372266996
1746,17.3671550898827
1747,17.1399157137108
1748,16.4233433055982
1749,16.1834007663141
1750,16.4682778778757
1751,15.4455004055501
1752,15.4261469265003
1753,15.3764778656784
1754,15.6350919802531
1755,15.3953041303379
1756,14.3567301686707
1757,15.5806145128042
1758,15.4023065998675
1759,15.1444426614953
1760,13.9444339405538
1761,14.0040351252647
1762,14.2431972922343
1763,13.9592905379183
1764,13.7480197734313
1765,13.5975569734908
1766,12.2848575030237
1767,13.3174703031473
1768,13.2323672509805
1769,12.8252584203469
1770,12.6571565720778
1771,12.5850347566387
1772,12.3774010326069
1773,12.0676349874165
1774,11.7840928785512
1775,11.6740041983353
1776,11.5059574747544
1777,11.2897723681396
1778,10.949538003813
1779,10.7879865218412
1780,10.4902817635002
1781,10.5061414006935
1782,10.5029252889315
1783,10.4727292225403
1784,10.2687918892765
1785,9.99086215946547
1786,9.87760821453401
1787,9.78841616340897
1788,9.61050042881742
1789,9.19531234326175
1790,8.86689825917379
1791,8.80911038972283
1792,7.67761264721762
1793,7.48173537361247
1794,7.72603322354631
1795,7.74844417337359
1796,7.72891544561874
1797,7.69825326291536
1798,7.70842480265822
1799,7.67643988084236
1800,7.63681803431478
1801,7.65154091929547
1802,7.42393344172057
1803,7.28121900179794
1804,7.18631592441273
1805,6.93124959819199
1806,6.63436260681617
1807,6.423485174353
1808,6.2748702067403
1809,6.06183311223286
1810,5.66222542461012
1811,5.43738864770092
1812,5.22476993675954
1813,4.87077126227095
1814,4.89286203410818
1815,4.93540283160056
1816,4.9167024248557
1817,4.65726588539181
1818,4.39539594137536
1819,4.29766350506883
1820,4.24368680761617
1821,4.27380089676755
1822,4.23339505963836
1823,4.20643678515715
1824,4.07080061427175
1825,3.38270742714784
1826,3.52395696819776
1827,3.44274265265922
1828,2.89988756120785
1829,0.0854923075848573
1830,0.0857442023357802
1831,0.0845172066315684
1832,0.0907080618727949
1833,0.0820900034579045
1834,2.47636873353048
1835,2.64246693636563
1836,2.54966472085619
1837,2.50758353824382
1838,2.36262497093706
1839,1.99122162220683
1840,0.834458151445553
1841,0.887074331619988
1842,0.819640425081252
1843,0.749801091259547
1844,0.661458578274949
1845,0.543279336716207
1846,0.409440272319426
1847,0.275081567226017
1848,0.137820772058275
1849,0
1850,1.29705698857275
1851,1.74403022621212
1852,1.81078039761329
1853,1.47588277129645
1854,1.37470224934467
1855,1.35099192356925
1856,0.0943622697126864
1857,0.0945651473908877
1858,0.0935117109349416
1859,0.0931987657237135
1860,0.093915284965894
1861,0.0940071892615466
1862,0.0831623183960053
1863,0.0730075379808645
1864,0.0621212971019477
1865,0.0512179099082633
1866,0.0403488153441143
1867,0.0298977667291187
1868,0.0193754465096087
1869,0.00811957343031732
1870,0.0213216962623254
1871,0.0334092248801428
1872,0.0463062843523713
1873,0.0588824455548987
1874,0.071501815933374
1875,0.0839891032470067
1876,0.0961882611063434
1877,0.107596840917638
1878,0.125587960684917
1879,0.141983817535519
1880,0.156996351896499
1881,1.53286922856783
1882,1.68673249456529
1883,1.68525979335849
1884,1.70264744549716
1885,1.73259967345518
1886,1.75898002675833
1887,1.80761992722333
1888,1.66209574339799
1889,0.0579725340515646
1890,0.0378081627661828
1891,0.0155500155047866
1892,0.910491213987167
1893,0.47837777528416
1894,0.699087653856593
1895,1.99582893451939
1896,2.06025843116059
1897,2.06991709435886
1898,1.76912304825045
1899,1.02977601860164
1900,1.04091625367019
1901,1.02590379528806
1902,1.06627421594208
1903,2.02599568317259
1904,1.97390495629872
1905,1.95226159616332
1906,1.85897966431634
1907,0.976465062938683
1908,0.949000192424295
1909,0.936207352400298
1910,1.11520529156091
1911,1.28466010380709
1912,1.45749759887937
1913,1.61466172242832
1914,1.68525521207512
1915,1.87084169526462
1916,2.06478902815619
1917,2.34556016705571
1918,2.63742657074804
1919,3.10806613055055
1920,3.5604622382229
1921,4.01012269535384
1922,4.46347453562227
1923,4.91145004587338
1924,5.38274961098995
1925,5.8599416722929
1926,6.2447457691033
1927,6.65575422178656
1928,7.08457308938237
1929,7.50764824432655
1930,7.91597711455166
1931,8.16543959151785
1932,8.50827892694508
1933,8.75561920253127
1934,9.01639821302688
1935,9.14632853810557
1936,9.27444172501362
1937,9.40364324455883
1938,9.53373334105587
1939,7.26304992710999
1940,7.06437888274266
1941,6.99836422391588
1942,7.11397692561552
1943,7.74728270032228
1944,8.97506111359063
1945,10.5413771090371
1946,10.7421430849264
1947,10.8977352279587
1948,11.118049663607
1949,11.3301690244814
1950,11.5229245641437
1951,11.7144125582336
1952,11.9027515259741
1953,12.0903013525224
1954,12.5939809851213
1955,13.1007593078732
1956,13.596572382004
1957,14.0799146635051
1958,14.5848439606124
1959,15.0802130860354
1960,15.5726812302898
1961,16.0316053936317
1962,16.4883075449667
1963,16.9563262557342
1964,17.4106035268052
1965,14.2296445232383
1966,11.4021222369565
1967,10.9404230954532
1968,10.9183850472221
1969,11.0133254508578
1970,11.229319572919
1971,10.3741603198195
1972,11.1969392540447
1973,10.6089785376603
1974,10.6198978685693
1975,10.4883778157878
1976,10.5547234559749
1977,11.9529086596754
1978,12.2120150076797
1979,12.1911665781306
1980,12.200318257047
1981,12.3907980814331
1982,12.4787168200531
1983,12.2145351022111
1984,10.0723142248534
1985,10.0269368276557
1986,10.0204159085752
1987,9.81903406694465
1988,9.83033081996657
1989,10.2164453002194
1990,10.1792650667134
1991,10.087634088264
1992,9.9999788267823
1993,9.55675950148368
1994,9.66462949912996
1995,10.0764939282581
1996,9.95526789271032
1997,9.73513855092524
1998,9.74391778753741
1999,9.79830356514842
2000,9.71511032193531
2001,9.50952163253692
2002,9.58012754440231
2003,10.4258015031127
2004,10.076539831688
2005,10.1973261576728
2006,10.1794593483604
2007,10.1096127683503
2008,9.97887190573145
2009,10.1794926899008
2010,10.3712258489292
2011,11.0133868854248
2012,11.5701250144858
2013,10.7884191149426
2014,11.0070920595295
2015,11.0140917053247
2016,10.9342731549539
2017,11.0564773481434
2018,10.8813442444734
2019,10.777177530474
2020,10.4907574811119
2021,11.2639615369373
2022,11.26105439406
2023,12.22782929706
2024,11.8666994098624
2025,11.6312709513345
2026,11.7038679061802
2027,11.5001156609484
2028,11.2368051781778
2029,11.0124056925876
2030,10.9699036951503
2031,11.7707112852661
2032,10.7339227946627
2033,10.9345452573492
2034,11.1098654131587
2035,11.1460778956173
2036,11.1561286886049
2037,11.0085958652632
2038,10.9947846878421
2039,11.1989221783391
2040,11.119279614114
2041,11.0101650458312
2042,11.0579902506588
2043,11.1174919257299
2044,11.3219068294698
2045,11.1545783903955
2046,11.2526100624635
2047,11.2680763598067
2048,11.3884810208767
2049,11.4462027175537
2050,11.2109711720926
2051,11.9496635007702
2052,11.8727436386143
2053,11.9695201271738
2054,11.9710938945806
2055,12.1885207771243
2056,11.801048771809
2057,11.6371821579337
2058,11.7825351252791
2059,11.9297718959246
2060,11.8299816823499
2061,11.818589489099
2062,11.6118649755509
2063,11.6677646865125
2064,11.7917767150119
2065,12.0985123443513
2066,12.6241959103868
2067,12.2981096311491
2068,12.2635143184402
2069,12.5827339927022
2070,13.1933014639956
2071,13.1446172831061
2072,12.7594970554951
2073,12.5385717056753
2074,12.6243825198774
2075,12.3537051440613
2076,12.8742838583746
2077,12.340240923279
2078,12.7455690466247
2079,12.5804447059054
2080,12.073390442143
2081,14.2795465445932
2082,12.8959754338251
2083,13.3286337502801
2084,12.3384520608958
2085,12.5042607287617
2086,12.9805879968188
2087,12.8903979279968
2088,15.3270364726476
2089,11.9576923980235
2090,13.3326689134816
2091,13.1767092349274
2092,12.8215470379021
2093,13.8102634191186
2094,14.5546446623245
2095,16.0724563394115
2096,14.1105024864257
2097,13.0855810823164
2098,13.5827062940634
2099,14.9989334697389
2100,16.6838986653711
2101,17.4732265697909
2102,15.7569527586286
2103,13.5893657500869
2104,14.3427124782826
2105,12.9211489836396
2106,12.4538676772334
2107,13.3514540756959
2108,13.8944677914924
2109,13.4443075128448
2110,14.6993915278875
2111,14.5623891370663
2112,14.2616076282644
2113,12.5478443679471
2114,13.7539933534235
2115,14.9589850276221
2116,14.751162553419
2117,14.4856041944968
2118,15.8404050045875
2119,14.3200912940785
2120,14.6403813032325
2121,15.3856599554715
2122,11.7375805756305
2123,11.199213822634
2124,11.1983392331772
2125,11.1682048486071
2126,11.1208247802756
2127,11.0375851732238
2128,10.8847015380348
2129,13.4721617432841
2130,13.7045464552811
2131,13.5019798632013
2132,12.745785493834
2133,12.4321608344436
2134,12.3143503651392
2135,11.9927691833722
2136,11.9041559309891
2137,11.7145993940872
2138,11.5836349603269
2139,11.5776108558886
2140,11.4834228259716
2141,11.4429396463365
2142,11.4242692599631
2143,11.3328965652165
2144,11.0154370726582
2145,10.7005720396459
2146,10.5791748695603
2147,9.94569526716205
2148,7.8301222935979
2149,2.05219791717318
2150,2.70140905769044
2151,8.20598455870151
2152,9.10690790729155
2153,9.08561977326105
2154,9.02527893676663
2155,8.59011940134808
2156,6.09350605665222
2157,5.66020947499339
2158,5.1905546221249
2159,4.76162710619258
2160,4.35133829951471
2161,3.93618343105733
2162,7.38272410021
2163,7.41535311088032
2164,7.06516425319591
2165,7.02490344127718
2166,6.35533892708195
2167,3.85518978845826
2168,2.04370926558256
2169,1.91287119637391
2170,1.72254108952609
2171,1.57927235479347
2172,1.46389924279468
2173,1.63736448482476
2174,1.80818124985806
2175,1.97754383912444
2176,2.16085574873544
2177,2.315361035526
2178,2.21897760102821
2179,2.15283937260331
2180,2.08004755374103
2181,2.00832940030143
2182,1.9435736289342
2183,1.87027945839748
2184,1.78315787434735
2185,1.67693069082867
2186,1.60178006790772
2187,1.53862860644369
2188,1.47178921417026
2189,1.41080314119217
2190,1.35073407122414
2191,1.27096233294544
2192,1.19170673262568
2193,1.10890531909505
2194,1.03165070577713
2195,0.949585899045813
2196,0.855208995258153
2197,0.796068098272515
2198,0.734937045582264
2199,2.67085746607205
2200,3.01541731881847
2201,2.79643658660539
2202,2.88377256926756
2203,2.96564576984768
2204,2.37694570961819
2205,2.33809824110075
2206,2.10669250267484
2207,2.15744745844637
2208,1.62832994312459
2209,0.804748987559061
2210,0.844761672135433
2211,0.927171405930822
2212,1.03483320248704
2213,1.26215222928745
2214,0.98159858672353
2215,0.962819796451675
2216,0.936467718896154
2217,0.914407719000415
2218,0.769218539993903
2219,0.812813963292255
2220,0.812549002353349
2221,0.806718181890191
2222,0.79310405244704
2223,0.770874180704039
2224,0.739173870989793
2225,0.709227875133185
2226,0.691125973161877
2227,0.668320181644955
2228,0.643766684157096
2229,0.618504317201299
2230,0.593028663728864
2231,0.567641071772788
2232,0.543000905859742
2233,0.516788101286499
2234,0.490781992532434
2235,0.466267833609446
2236,0.440611009354944
2237,0.415203102198314
2238,0.389795195041684
2239,0.364121919610263
2240,0.335645010331491
2241,0.309115715580892
2242,0.284395316442835
2243,0.257157897452057
2244,0.231778982416335
2245,0.20506514949216
2246,0.178734962981588
2247,0.148543115197746
2248,1.0734801157293
2249,1.18830638146971
2250,1.21461411220837
2251,1.24034151288349
2252,1.24756813162197
2253,1.2885527598438
2254,1.3499853790363
2255,1.38214490297924
2256,1.33339227309865
2257,1.35723149867565
2258,1.37727660341285
2259,1.40517783726275
2260,1.42759108276966
2261,1.42127644491222
2262,1.4388111613826
2263,1.44980929575017
2264,1.4894119537257
2265,1.47832624520388
2266,1.48282422297962
2267,1.5115728451208
2268,1.53293731230812
2269,1.50147283111029
2270,1.57621652589827
2271,1.65107624169283
2272,1.67934732663245
2273,1.73445935042692
2274,1.76380115362513
2275,1.80470678900494
2276,1.83433582985256
2277,1.9032296999388
2278,1.9998733277928
2279,2.1069339500838
2280,2.21580164464684
2281,2.32424568850051
2282,2.42967577119661
2283,2.53769019819366
2284,2.6475891446165
2285,2.76268141015821
2286,2.85970427580755
2287,2.96910591722376
2288,3.084705153888
2289,3.20353388254157
2290,3.38254502507158
2291,4.04312442955517
2292,4.71096648074638
2293,5.37093943999227
2294,6.0288779044287
2295,6.68876235607204
2296,7.34608175437468
2297,8.00211477438048
2298,8.08795925867227
2299,8.15707395361433
2300,8.22381381647299
2301,8.29802133761519
2302,8.36730784735189
2303,8.44313200336638
2304,8.51494853202445
2305,8.59191935662117
2306,9.17767718057675
2307,9.76221518345214
2308,7.69179910797007
2309,7.39341573581484
2310,6.56900934174971
2311,6.64587242402356
2312,6.77537621003409
2313,6.7022826426597
2314,6.64835386200737
2315,6.53656394540178
2316,6.3229195156936
2317,7.23534821686361
2318,7.23869799057204
2319,6.7550608699849
2320,7.14785458810287
2321,6.62176347662401
2322,6.86352174368923
2323,8.02104204699417
2324,10.8014538500488
2325,8.71036036676212
2326,8.29042055885642
2327,8.08297602672794
2328,8.65075592364013
2329,8.42051604409402
2330,7.40725348253564
2331,9.64807977027636
2332,7.88280361854386
2333,7.69584858009138
2334,8.25658469429699
2335,7.86216685696181
2336,7.72341154118114
2337,7.96103986408863
2338,8.29556655490796
2339,8.32606937741529
2340,8.77590819187087
2341,8.01119191368841
2342,9.22762376912283
2343,10.0494991090054
2344,12.1375043934428
2345,11.0436153044193
2346,10.5427504163694
2347,10.3150953595423
2348,11.7581751533628
2349,9.95221028513685
2350,9.09486695398776
2351,9.98741407061461
2352,10.1072123506624
2353,9.5976791015238
2354,9.81886603868629
2355,9.82533065488986
2356,9.57846404812017
2357,10.3266106913105
2358,10.6717299929842
2359,10.3500814642919
2360,9.84956460143295
2361,10.4422406661983
2362,10.0472766699709
2363,10.4315413452146
2364,10.9321028838073
2365,10.9872146564694
2366,11.6112182895627
2367,10.7045353080663
2368,10.8681025978807
2369,10.8107350808034
2370,12.9123916482831
2371,12.2598966791728
2372,11.9161740819865
2373,11.6903941589305
2374,12.0514771553119
2375,11.8282975143211
2376,11.4446070254835
2377,11.5070462866778
2378,11.1847103426415
2379,11.0707122598416
2380,11.1869082965278
2381,11.4029247543691
2382,13.2426599472901
2383,12.0268895092428
2384,11.8914311127402
2385,11.5916929629753
2386,12.6956231237714
2387,11.881043200267
2388,11.3086295745689
2389,10.9909189657735
2390,11.0735904424137
2391,11.1780026842663
2392,11.2562371337667
2393,11.1561131464222
2394,11.3596915082708
2395,10.9764167615009
2396,11.20269697977
2397,11.5311265706603
2398,11.2926716153381
2399,11.3989774455042
2400,11.0420868405077
2401,11.3953585829635
2402,11.2536184575182
2403,11.527867804513
2404,11.195696430209
2405,11.4906665640487
2406,11.3639615673917
2407,11.9220722217658
2408,11.6533086431416
2409,11.7150351291668
2410,11.9337789271763
2411,12.3588680564837
2412,12.1013458809026
2413,11.8768891383593
2414,12.0785051941
2415,12.768651078222
2416,12.0223154603915
2417,12.0192464664057
2418,12.361693927175
2419,12.0258734276656
2420,11.9823033422286
2421,12.1384215165994
2422,12.152380776637
2423,11.9768057656336
2424,12.4091726899615
2425,12.2696826846204
2426,12.3460168461945
2427,12.5712659720838
2428,12.6604002840186
2429,12.7748843364472
2430,12.4551220129087
2431,12.3857626756858
2432,12.4436901573413
2433,12.3985778325955
2434,12.6842451451886
2435,13.0276307556654
2436,12.9330469250515
2437,13.3369264419799
2438,13.4644576398019
2439,13.2608659567264
2440,12.9078270646311
2441,13.153538338387
2442,13.3331127165662
2443,12.9177535541089
2444,13.981370012855
2445,14.7893438629883
2446,13.3322423089117
2447,13.8981719623328
2448,13.495043752915
2449,13.0374802773896
2450,13.1067618870853
2451,13.026333086767
2452,13.1476863273194
2453,13.1730872800857
2454,14.3734176377625
2455,14.6734794432397
2456,14.4954100483932
2457,13.6276888471684
2458,13.6460946120466
2459,13.853942059638
2460,14.5054733529231
2461,13.810443790996
2462,13.5510437756824
2463,16.0713975386454
2464,16.3980948573786
2465,16.9410266778111
2466,19.1050032774069
2467,18.9810184023277
2468,18.506939187016
2469,17.9538635206716
2470,16.6376798476557
2471,15.6434423773109
2472,15.7069225017351
2473,13.7853108688558
2474,16.5923431932435
2475,14.1030126992411
2476,14.3252166118891
2477,14.7458930788292
2478,15.181007879808
2479,15.193642512572
2480,14.5477860770764
2481,15.5260024370993
2482,15.6593977306454
2483,15.0492612818267
2484,13.3435651411386
2485,14.729721141885
2486,14.529765972058
2487,14.6289151699529
2488,14.2881861101726
2489,14.0242945166316
2490,13.9241172448893
2491,13.7472608638494
2492,13.4757473472412
2493,10.5466938884266
2494,12.8094112248669
2495,13.0913057809342
2496,12.6160933041819
2497,12.8364849957971
2498,12.9067121840051
2499,12.848628035486
2500,12.7141086730609
2501,12.3590740352391
2502,12.6402741039584
2503,12.6784933889479
2504,12.5209918157173
2505,12.4196602071541
2506,11.8435349298343
2507,11.772905403469
2508,11.6130559915519
2509,11.5407317393297
2510,11.3443198069495
2511,11.3815754177484
2512,11.1727994587944
2513,11.0353317435667
2514,10.9114882165403
2515,10.3380162487076
2516,10.3562382460463
2517,10.4134797706038
2518,10.2467314875605
2519,10.0396815194294
2520,9.94809846724416
2521,9.91259319196444
2522,9.92074284699193
2523,9.88787879830318
2524,7.44989897110596
2525,9.37025191234315
2526,9.4518185960576
2527,9.31760180194396
2528,8.79577884170047
2529,9.06565502877454
2530,9.17434558544897
2531,9.15891474093997
2532,9.1136345345746
2533,9.00359305816471
2534,9.00062275983135
2535,9.01162221870396
2536,9.0305235810012
2537,9.02095242916506
2538,9.05321995010225
2539,8.91113200720342
2540,6.05030933532966
2541,6.26714594753163
2542,6.56046047666226
2543,6.25511826771047
2544,5.94860952378519
2545,5.63145839297705
2546,5.33256410418477
2547,5.02816961968837
2548,4.72512304793204
2549,6.94917926981093
2550,7.8941324719036
2551,7.97789115210998
2552,7.97745743842653
2553,7.27831216712936
2554,2.97046252027337
2555,2.67211028113873
2556,2.38293474235944
2557,2.07333154829484
2558,1.76991618747151
2559,1.47388572113867
2560,1.16905105026458
2561,0.953729794008038
2562,0.750280818733169
2563,5.9932246823556
2564,5.97045273306119
2565,6.02731503622564
2566,5.64214756874737
2567,5.1325692624402
2568,5.2864273823327
2569,5.08814960249077
2570,4.9947545372626
2571,0.363044048695071
2572,0.321143153112009
2573,0.264844848529918
2574,0.2179995290474
2575,0.170611166196251
2576,0.118750361339242
2577,0.0948506666413114
2578,3.63231077534398
2579,3.85550042310719
2580,3.52797399217436
2581,3.40994697924076
2582,0.919251739417463
2583,3.41192683772126
2584,3.69111802494137
2585,3.69526265957127
2586,3.5587206771408
2587,3.63439920082302
2588,3.68267228653909
2589,3.35941725493981
2590,3.76352066764392
2591,3.938458070668
2592,3.63232827060536
2593,3.50073427853649
2594,3.60250311274335
2595,3.37480892665887
2596,2.68587648037765
2597,2.40516389693996
2598,2.11286465941705
2599,1.89125088552209
2600,1.61694159110152
2601,1.33198491737836
2602,1.08621146443767
2603,0.895756901237314
2604,0.608550835992763
2605,0.403838811888041
2606,0.831491683464232
2607,1.27121521233544
2608,1.69079726963356
2609,2.07665599388078
2610,2.52001853808932
2611,3.06240642759601
2612,3.15502774442256
2613,2.9734312072043
2614,3.06789540782231
2615,3.06078821034624
2616,2.98381131383055
2617,2.8692889146909
2618,2.81218828786189
2619,2.78258665714933
2620,3.05609507690893
2621,3.30124015382581
2622,3.56298895373574
2623,3.79570825901204
2624,4.05620260306304
2625,4.49789959544712
2626,3.65623791087351
2627,3.83665807423662
2628,3.87332971499418
2629,3.98608906702926
2630,4.29892134578329
2631,6.016978547684
2632,7.46117054208427
2633,7.38738513403347
2634,7.31298536733291
2635,7.24209023264453
2636,7.17059189454847
2637,7.10307258087435
2638,7.02323150441598
2639,6.95086384572386
2640,7.0469121559433
2641,7.15042083008803
2642,7.22324016312575
2643,7.32588274138452
2644,7.44871423537589
2645,7.49391078588857
2646,7.59613550169805
2647,7.75610818671032
2648,7.29464594575094
2649,6.81831764109172
2650,6.34619666459267
2651,5.86555233088303
2652,5.38448602489967
2653,4.90939820581766
2654,5.29819382875201
2655,5.71766660718101
2656,6.10413942284011
2657,6.4940780805491
2658,6.88619781872885
2659,7.29416664724609
2660,7.69917383240079
2661,8.13497402071007
2662,8.57096044180441
2663,9.00902339459311
2664,9.44354974082107
2665,9.88410736780499
2666,10.3294797375618
2667,8.89845332721164
2668,7.76234896465936
2669,7.99866112102928
2670,7.91280401248348
2671,8.64771921498201
2672,9.29772151115242
2673,11.4926571398554
2674,11.400452351273
2675,11.323934032076
2676,11.2380743724227
2677,11.1490519931901
2678,11.0710121773856
2679,10.9924189156269
2680,10.9058280412707
2681,10.8239278684718
2682,10.7427571229131
2683,11.2196962927308
2684,11.6976187307425
2685,12.1797827129896
2686,12.6700059114291
2687,13.1923574429244
2688,13.722045196549
2689,14.2465059775233
2690,14.7921923115032
2691,14.7252347908001
2692,14.6563151541851
2693,10.5893800377942
2694,10.2543360401026
2695,10.115392502163
2696,9.34845130968094
2697,9.56206858437739
2698,9.83939190394107
2699,9.70310773482817
2700,9.84878247348248
2701,10.3788805884789
2702,10.0884244989287
2703,10.0207720358803
2704,10.1322053219833
2705,10.3824931712077
2706,10.5558703033404
2707,10.1337428811042
2708,10.5184675437365
2709,10.4490420637568
2710,10.0948327601526
2711,10.3118062766481
2712,10.2913539063984
2713,10.2409188906291
2714,10.7807033343764
2715,10.5205214346304
2716,10.6191506900719
2717,10.5076537346743
2718,10.3956286810255
2719,10.2507154435937
2720,10.7498578192695
2721,11.1938473073576
2722,11.0521827382186
2723,10.7053844798665
2724,10.7313563630693
2725,11.3345430769332
2726,11.2695316547695
2727,10.8182674585824
2728,10.9687230022655
2729,11.2085120928358
2730,11.2230362646345
2731,10.9364362739839
2732,11.787601590996
2733,11.5676139475369
2734,11.4021809834798
2735,11.0887927306234
2736,11.4832317406235
2737,11.6613692759508
2738,11.5325836256631
2739,11.3240931135723
2740,12.263340722822
2741,11.4637913342187
2742,11.5226507732786
2743,12.074676794893
2744,11.7640625837653
2745,11.6878544269879
2746,12.3067994677895
2747,11.9991132729587
2748,12.128383740171
2749,11.9569832360321
2750,11.8351811006548
2751,11.9344287932993
2752,12.0747059815623
2753,12.329562439082
2754,12.3173991203015
2755,12.3405182531015
2756,12.3087398542337
2757,12.6146818030655
2758,12.2821671967765
2759,12.4463368872191
2760,12.5661849388895
2761,12.8112086391304
2762,12.6920515128229
2763,12.7393173864509
2764,13.21279895026
2765,12.6039595962409
2766,12.9212788741344
2767,13.2480384813615
2768,12.9431208843558
2769,13.1669465719576
2770,13.1497999721479
2771,13.2983106876185
2772,12.9597265507313
2773,13.0027707335864
2774,12.968216182976
2775,13.1355046470107
2776,13.4081713457579
2777,13.3739296933334
2778,13.3686277044266
2779,13.5857164337055
2780,13.6332941632042
2781,13.4735448285932
2782,13.5456223400394
2783,14.0140134751854
2784,13.8587462528776
2785,13.6946602318862
2786,14.2308365318408
2787,13.8487188930035
2788,14.2624884903574
2789,14.0175242997493
2790,13.9046787557471
2791,15.0507998196328
2792,14.0840754798591
2793,14.320508046163
2794,13.9075533821415
2795,14.7010172950971
2796,14.3821038836279
2797,14.064421991133
2798,15.1771243858338
2799,14.7229551539171
2800,14.6179757654946
2801,14.7915176449889
2802,16.397371077319
2803,14.6883689246013
2804,15.3826696004848
2805,17.8080050435918
2806,21.8636416693929
2807,18.1199639263865
2808,15.4917552937339
2809,14.9814945735014
2810,15.5264412037255
2811,15.644898783371
2812,15.7251413789017
2813,15.1025353073893
2814,15.8668646155746
2815,18.4980279591712
2816,15.4417753420497
2817,15.1993266944205
2818,15.1647685554806
2819,16.4674506955258
2820,16.8320563918294
2821,17.2922307964985
2822,16.8772735542977
2823,16.3425612600623
2824,20.5547856922817
2825,19.9996058235267
2826,17.6188640187147
2827,16.0111319193675
2828,18.8310177508743
2829,19.6537592014781
2830,19.4191562420987
2831,18.9991431707255
2832,18.602205821115
2833,17.9880051371625
2834,11.5958468437415
2835,11.0406188737903
2836,17.7965852557687
2837,17.6988608124351
2838,17.4409320900521
2839,17.7306066251879
2840,17.3584374876527
2841,16.9980404254487
2842,16.7165429030725
2843,15.9359394600554
2844,16.4185182589674
2845,16.2320890449046
2846,15.6261721526985
2847,15.570580294789
2848,15.7677319045162
2849,15.4771254243772
2850,16.0049439775254
2851,15.5468275585255
2852,12.2029502321696
2853,10.9881980724326
2854,14.3518681325351
2855,14.4881833224187
2856,14.1151670506298
2857,13.7745911339531
2858,13.189534576766
2859,13.1057778701472
2860,13.1625732086727
2861,13.1036710295065
2862,13.036063068189
2863,13.0134545796984
2864,13.046523384841
2865,13.0138145034155
2866,12.8035265958194
2867,12.5999801693968
2868,12.3354831470267
2869,12.2427710485124
2870,12.1206790586352
2871,11.9977771387196
2872,11.9164067604031
2873,11.595281463578
2874,11.5218828514298
2875,11.4269936722405
2876,11.2915352516581
2877,10.916293143517
2878,10.9875584610574
2879,10.8408671180537
2880,10.8766224668014
2881,10.6333058392378
2882,10.1803368419725
2883,9.89893356675836
2884,9.67445675290915
2885,9.57071970662211
2886,9.54703947966239
2887,9.53555764020801
2888,9.5091152116951
2889,9.38095492612812
2890,9.23296588482767
2891,8.84530348141475
2892,6.36591773415111
2893,3.6292728933456
2894,3.56166541261499
2895,3.44357605870496
2896,3.28993114343962
2897,3.12616986965562
2898,2.92872046427026
2899,7.55432033108539
2900,7.70620138057794
2901,7.50131955498113
2902,7.35883046819196
2903,7.19226000043147
2904,7.02153885732683
2905,6.39687270214588
2906,6.29188509419266
2907,6.24418020660584
2908,6.1207906118876
2909,5.90023182927598
2910,5.64119221989923
2911,5.47090023277918
2912,5.46597648317904
2913,5.42144150737712
2914,5.37409979559559
2915,5.16732132319831
2916,5.00349439271515
2917,4.81327904081425
2918,4.85777140833329
2919,4.22617389136762
2920,1.15590243447527
2921,1.13051595780735
2922,1.09870847535828
2923,1.06567920081334
2924,4.02292218625238
2925,4.2867510380767
2926,3.65287314969594
2927,2.97881783183794
2928,0.84923845325336
2929,0.806803804583139
2930,0.761378832002378
2931,0.708133395806875
2932,0.65856122925599
2933,0.60839045979221
2934,0.738499156879212
2935,0.806501921301287
2936,0.942827972130851
2937,1.11151022601915
2938,1.27008252526846
2939,1.43690401308825
2940,1.62060661561856
2941,1.78460081315755
2942,1.8533546213119
2943,1.91346998429992
2944,1.92865809344928
2945,1.95808445928003
2946,2.14172294983281
2947,2.19711400455493
2948,2.8757893450877
2949,2.93100132678485
2950,2.78979626809573
2951,2.81839751482208
2952,2.66076936710127
2953,2.50246548949287
2954,2.56578248619064
2955,2.47082180191476
2956,2.39879821388756
2957,2.16093302857939
2958,2.32941867119916
2959,2.21216534518828
2960,1.52979421768392
2961,1.64610007826217
2962,1.71926491851408
2963,1.80714650787962
2964,1.88652067738276
2965,1.98133038800656
2966,2.07520984217922
2967,2.16453193979539
2968,2.25768133935536
2969,2.34338575667487
2970,2.442093708943
2971,2.53349884135904
2972,2.60895924488781
2973,2.63826404112592
2974,2.72351726887062
2975,2.82837434398832
2976,3.0501042677858
2977,3.16374074667131
2978,3.31476309768596
2979,3.98455204802382
2980,4.27878861077399
2981,4.54809804881965
2982,4.77825958675403
2983,4.61467634106118
2984,4.42867832094948
2985,4.27836480291119
2986,4.1345177603517
2987,2.53904429777831
2988,2.52246245784255
2989,2.72520756544247
2990,2.72753447321964
2991,2.68455017879299
2992,2.69287826824028
2993,2.40680978559627
2994,2.08007656323414
2995,1.80762789276586
2996,1.55434624526008
2997,1.23108343097408
2998,1.37082374157052
2999,1.58458369483683
3000,1.74873922991665
3001,1.83217437287783
3002,2.06167758306634
3003,2.1256335262109
3004,2.07558283373246
3005,2.14947211683956
3006,2.18652346228546
3007,2.14566037131782
3008,2.26786294290152
3009,2.5741711826865
3010,2.99149597833697
3011,3.20794761711546
3012,3.41653556050964
3013,3.62006321315211
3014,3.86281961339469
3015,4.05996402094614
3016,4.26125682018136
3017,5.14922565049186
3018,5.88645709546231
3019,6.74174808131004
3020,7.51352242065234
3021,8.25202802892016
3022,9.04092087594446
3023,9.84862856369846
3024,10.6261927624994
3025,11.3048948929588
3026,11.6119814809376
3027,11.9073740441699
3028,12.2056587230904
3029,12.5038142365697
3030,12.8101699987582
3031,12.8222603371895
3032,12.8347026447889
3033,12.8422738239153
3034,12.83185410901
3035,12.846331111895
3036,12.8737185487903
3037,12.9264845828821
3038,12.9156535385767
3039,12.9326197921123
3040,12.9602940599582
3041,13.0041394648573
3042,13.0249303013718
3043,13.0510847089012
3044,13.0505351829679
3045,13.0635510548606
3046,12.9739491208307
3047,12.8754005111354
3048,12.66944047323
3049,12.5715508305416
3050,12.5017010342069
3051,12.5148589662221
3052,12.4894458257152
3053,13.2953857578485
3054,14.073298275519
3055,14.8882577132647
3056,15.7464025379713
3057,16.5835056279083
3058,17.4000053442203
3059,18.1982711194702
3060,19.0084102820528
3061,18.6732756120464
3062,18.3341086587664
3063,17.9954637024834
3064,17.6580065383165
3065,17.3069190170599
3066,16.9700385520025
3067,16.7563733889945
3068,16.4503456583649
3069,16.1832146857201
3070,15.975166143662
3071,15.7726200319257
3072,15.5575616012257
3073,15.3371306528799
3074,15.2595140422535
3075,15.2289667422284
3076,15.1798740234911
3077,15.1268238911024
3078,15.0636303880143
3079,14.9526213238861
3080,14.4846342812886
3081,16.1539531514031
3082,17.462929407837
3083,18.8251377064647
3084,20.165002952289
3085,21.488417317969
3086,22.8081614686417
3087,24.1199729030395
3088,23.8731550540274
3089,23.6341017053511
3090,23.3524072664684
3091,23.1017546529127
3092,22.8664459930439
3093,22.6171651690951
3094,22.1712412911298
3095,21.7351951578223
3096,21.3441758031049
3097,20.9359377987126
3098,20.5067225865131
3099,20.0923200000145
3100,13.5971722651365
3101,12.7339350230479
3102,11.9979936774479
3103,12.2286779583762
3104,12.5415332742627
3105,12.9883826849993
3106,13.0122540078271
3107,12.9035623966028
3108,12.7766334793033
3109,12.699959095819
3110,12.8171366215453
3111,12.6065519907213
3112,12.6854718110533
3113,12.2308295753672
3114,12.6444372064779
3115,12.4507743932432
3116,12.4446270450112
3117,12.4981068767794
3118,12.5234724780032
3119,12.2895415656185
3120,12.2392248259872
3121,12.5408949013623
3122,12.4083468676411
3123,12.3533966142086
3124,12.3060505583647
3125,12.3499322413717
3126,12.5814596787489
3127,12.9107692261732
3128,12.6659850544036
3129,12.4335204878253
3130,12.5938422791309
3131,13.477234350473
3132,13.7460936240398
3133,13.1076467662956
3134,12.8343924511437
3135,13.1292485037314
3136,12.957306744404
3137,12.8336347043188
3138,12.7410941050538
3139,12.8536027437236
3140,13.0990724106876
3141,12.672603035102
3142,13.3692231014793
3143,12.7776756339602
3144,13.1064707558102
3145,13.1461981357012
3146,12.9328888114441
3147,13.1716438354705
3148,12.9287335991399
3149,13.1149599217241
3150,13.4545529246912
3151,12.9932777360035
3152,13.1116449302441
3153,13.4668144924853
3154,13.2294159608821
3155,13.0360599877523
3156,13.0966398022892
3157,13.7004925066552
3158,13.6609725728776
3159,13.7408417879688
3160,13.3272285682581
3161,13.7125112965877
3162,13.770523605907
3163,14.2065897830741
3164,15.1474262180633
3165,13.7131657740853
3166,14.7033710162348
3167,13.3150909743656
3168,13.9678529432538
3169,13.527548533805
3170,13.6518536042899
3171,15.4508861985532
3172,14.3269040544815
3173,14.0828229800178
3174,15.652028927322
3175,16.3994661719978
3176,14.746539207141
3177,13.7794521373128
3178,14.1920148379367
3179,14.1776903597321
3180,15.1011843399464
3181,15.2607544522741
3182,14.577114981719
3183,15.2013783038415
3184,17.8324043692301
3185,20.7491650296495
3186,20.5334306363932
3187,20.560473739868
3188,20.0572121923761
3189,17.7538939118681
3190,17.3449756030011
3191,17.5452233985937
3192,17.543094459434
3193,19.1021311747133
3194,19.1700385271009
3195,18.9480449651755
3196,18.7173229487797
3197,18.3152966326685
3198,17.3969312953218
3199,15.8071456632639
3200,16.6945967078161
3201,17.9068080839739
3202,17.5985970873986
3203,15.3097766720095
3204,16.8808818764204
3205,17.733392543532
3206,18.4942279834496
3207,18.8760888558308
3208,18.3878010237114
3209,18.0679478639434
3210,16.7445415170871
3211,17.273888217369
3212,17.5504669750645
3213,17.0040024158384
3214,16.2739312334855
3215,16.7076152261114
3216,17.0008195643063
3217,16.990619674986
3218,16.8560545950176
3219,15.0169124468224
3220,15.8194107816015
3221,14.3684748321823
3222,12.5980656584624
3223,12.396793571616
3224,12.2384355304102
3225,11.9209043971466
3226,11.6031661981931
3227,11.4524249686692
3228,11.2610543027101
3229,10.5552228990089
3230,9.83721258641773
3231,9.11812143246199
3232,8.39334027827953
3233,7.61596650244413
3234,6.98078400410812
3235,6.2611239730565
3236,6.02776479325773
3237,5.84123455530674
3238,5.61205692868538
3239,5.41512108377596
3240,5.20058126925133
3241,4.99375085945211
3242,4.79852078330958
3243,4.89177526274879
3244,4.99174925558524
3245,5.10855599896387
3246,10.0028185621643
3247,10.4466727302102
3248,10.3381049581796
3249,10.041019597115
3250,9.90963468826548
3251,9.81000821612579
3252,9.70059071475954
3253,9.39396353946042
3254,8.63506658667949
3255,9.34608298062376
3256,9.21968366519442
3257,9.19540255528091
3258,9.16244489264998
3259,9.12107647742152
3260,9.09534713329951
3261,9.04207145910753
3262,8.85044932306693
3263,8.64080708169048
3264,8.44289630203476
3265,8.21237429205918
3266,7.86058817777574
3267,7.66717704470129
3268,7.43531589955063
3269,6.86856591976727
3270,6.73258412450398
3271,6.59495265118648
3272,6.40169817705443
3273,6.23627477975416
3274,6.20895469997842
3275,6.1182325884725
3276,5.91930469174944
3277,5.79546776143734
3278,5.81148118871243
3279,5.52122258611435
3280,4.93485657151678
3281,4.7187856447583
3282,0.765691727093467
3283,3.58419833957665
3284,4.0566585373384
3285,3.83197442640813
3286,3.70150862156459
3287,3.52944613892235
3288,3.10914835210086
3289,3.08435303814024
3290,2.61809182878398
3291,0.304884221908607
3292,0.25140233329263
3293,0.200124424084952
3294,0.150317099192881
3295,0.101606480808924
3296,0.0510312354505194
3297,0
3298,0.098286142893247
3299,0.200202224681984
3300,0.28487152829249
3301,0.341523815479456
3302,0.398843090076792
3303,0.509991149928503
3304,0.665511811404485
3305,0.761217468395163
3306,0.854516171992274
3307,0.954999614839995
3308,1.05323203808735
3309,1.1563677380976
3310,1.26211149604705
3311,1.32089433372895
3312,1.38713513929729
3313,1.45680931661892
3314,1.52772182170646
3315,1.58396557955437
3316,1.64887534449882
3317,1.71988347024844
3318,1.7736338078083
3319,1.85072490020454
3320,1.89790769834931
3321,1.85749582906146
3322,2.01846164502901
3323,2.06277937251593
3324,2.17197121762572
3325,2.27626969532737
3326,2.34363088972945
3327,2.39114994831992
3328,2.53741180687071
3329,2.63100766408028
3330,2.65697957938014
3331,2.75794017886172
3332,2.87456967594465
3333,2.96803223900131
3334,3.05130339989806
3335,3.17266601178959
3336,3.29077258681299
3337,3.36479053487829
3338,3.44485625923719
3339,3.43237345703612
3340,3.41706160364573
3341,3.40181350847182
3342,3.38233103269028
3343,3.36521319360591
3344,3.32303175835738
3345,3.31039784067028
3346,3.28978465425977
3347,3.26411137693383
3348,3.25439457468028
3349,3.21302046498195
3350,3.20072855854339
3351,3.1854134892193
3352,3.00414753336722
3353,2.828216181759
3354,2.65991564810894
3355,2.4666003164617
3356,2.28348002339199
3357,2.09972831213979
3358,1.91337164782228
3359,1.74558496206713
3360,1.56247159749803
3361,1.3778953685713
3362,1.1891998999873
3363,0.998792625135579
3364,0.826301587223701
3365,0.649474917440261
3366,0.949226474001846
3367,1.2564358149173
3368,1.56736200194929
3369,1.86745597849705
3370,2.16713867873636
3371,2.46831190053543
3372,2.77623836464766
3373,3.08031610499855
3374,3.38144090798048
3375,3.67642284407948
3376,3.99285529558224
3377,4.30240993096824
3378,4.61500052752587
3379,4.92356296596184
3380,4.96666673058597
3381,5.00492773709997
3382,5.04392913579606
3383,5.10109369177846
3384,5.13781439570185
3385,5.17475183170298
3386,5.21346377942702
3387,5.25564953277668
3388,5.29695061824993
3389,5.33505376345359
3390,5.36300588601036
3391,5.4019410102053
3392,5.43867538354451
3393,5.47350184827756
3394,5.4835717305541
3395,5.54554318740664
3396,5.59086783221979
3397,6.16620433225452
3398,6.73738289398373
3399,7.30903589312787
3400,7.88030082463002
3401,8.45876344906148
3402,9.0394962251864
3403,9.5863540368492
3404,10.1681002825776
3405,10.7407130509923
3406,11.3236841107833
3407,11.8905534625459
3408,12.4659800221788
3409,13.0445751356334
3410,13.6304624208818
3411,14.2093362719682
3412,14.7874531171049
3413,15.3502403407883
3414,15.9036350843315
3415,16.0266089157667
3416,16.148035265796
3417,16.2811668057
3418,16.3967254379932
3419,16.4992242901586
3420,16.609173452154
3421,16.7268443227056
3422,16.8985277022925
3423,11.049370964688
3424,8.91938135750312
3425,9.02167195421784
3426,8.48460542728144
3427,8.74683816841871
3428,9.1035285047498
3429,8.52022368967825
3430,8.45148964316913
3431,8.49982820349752
3432,8.12249862062406
3433,7.98008114509976
3434,8.66369731575805
3435,8.43251090271018
3436,8.42399956714396
3437,8.50946612458714
3438,8.525301402434
3439,8.59109329031001
3440,8.65086811068391
3441,8.33040464897915
3442,8.40115054565445
3443,8.62091041866409
3444,8.5289112509756
3445,8.21479420707765
3446,8.62599874803663
3447,8.70914283872779
3448,8.51928201039026
3449,8.52604986317514
3450,8.36941284230783
3451,8.6085642786154
3452,9.01508987398605
3453,8.99905950763911
3454,8.62165345916018
3455,8.70645525015963
3456,8.76179511555174
3457,9.47284401408376
3458,8.97158429684365
3459,8.84253701503408
3460,9.00110211511807
3461,9.07563903445275
3462,9.4707523384048
3463,11.228882838692
3464,9.72962345179824
3465,9.6296021470334
3466,10.9285804938971
3467,10.9086280410454
3468,10.3249784601565
3469,10.1778400375447
3470,10.0322954023396
3471,9.92811211522025
3472,10.1945593539299
3473,10.128140210815
3474,9.97943289345055
3475,10.2991942066158
3476,9.88581652662457
3477,10.2738091167745
3478,10.256055120854
3479,10.3645694670645
3480,10.1852967133389
3481,10.3580121782928
3482,10.2964005051244
3483,10.2755686709099
3484,10.2472154252017
3485,11.2961039900821
3486,11.8491280968718
3487,10.7196463591146
3488,10.9537763358053
3489,10.8763982188107
3490,11.1024379392786
3491,11.151085264199
3492,11.1943197504805
3493,10.7870164583869
3494,11.5675305764319
3495,11.088156604051
3496,11.2467997004915
3497,11.164177764857
3498,10.7557670266976
3499,10.8072239874716
3500,10.8592067765948
3501,10.8905411789094
3502,11.2174596945404
3503,10.8745733266581
3504,11.2519668036429
3505,10.9830495120222
3506,11.135902323977
3507,11.232519797028
3508,10.988150939035
3509,11.2307416415283
3510,12.0964083630374
3511,12.9321331825651
3512,12.8711037555465
3513,14.9761443051269
3514,14.330834457908
3515,13.04082926142
3516,12.4822359391176
3517,12.8104155165523
3518,13.1004618404768
3519,12.6173873333829
3520,12.182756452506
3521,12.823223157198
3522,12.3401421699028
3523,11.6919986141618
3524,11.8331698118605
3525,11.6543055210986
3526,11.6688423667685
3527,11.5296058132772
3528,11.5414156029745
3529,11.9861760915162
3530,11.6811849961229
3531,11.7770517637858
3532,11.4009177114716
3533,11.7845869653808
3534,12.0076342998122
3535,11.8746963405434
3536,12.2759700901115
3537,12.1367999500666
3538,12.6175664629673
3539,12.4017864473228
3540,12.4624460818893
3541,12.5374941916403
3542,12.2161424523526
3543,12.0914164443345
3544,11.8808119854176
3545,11.9565433544243
3546,11.9393723312097
3547,11.7896574937482
3548,12.7544833994133
3549,12.8648545812336
3550,12.4940640774757
3551,12.1561882584425
3552,13.0387169013453
3553,12.4376781509569
3554,13.2185652405243
3555,12.8691201770328
3556,13.056951423267
3557,14.380026705197
3558,14.7079922827729
3559,16.2392969895812
3560,16.4284218253452
3561,16.6209568037027
3562,16.8446342621491
3563,14.9695500002763
3564,13.5940312882813
3565,15.2691184803902
3566,13.3074627696717
3567,13.4435204268197
3568,14.0086982201357
3569,13.0645682508352
3570,13.5755146108984
3571,14.084433797219
3572,16.288445164504
3573,14.0895849770728
3574,13.3980747892437
3575,13.1355919735648
3576,13.299801350391
3577,12.5009691803778
3578,14.231612408425
3579,12.1857286393319
3580,11.6333912498159
3581,13.6322931537468
3582,12.9705368150483
3583,11.6632576928805
3584,12.7790021473927
3585,12.8884746209351
3586,12.6331757005367
3587,11.3141076194688
3588,9.05656452551622
3589,9.08644659008345
3590,9.08791931556434
3591,9.09207183427658
3592,9.02630750288324
3593,9.1130541830748
3594,9.17121454838838
3595,9.17101740972547
3596,9.18620850550434
3597,9.20783917299795
3598,9.21680816769448
3599,8.78052375510686
3600,8.34188113280991
3601,7.89637822514734
3602,7.45130759427484
3603,7.01409371657632
3604,6.57297938667508
3605,6.11755388522659
3606,5.68642993758634
3607,5.26073001864345
3608,4.81581943928099
3609,4.37551246849432
3610,3.93956789868239
3611,3.93524684824345
3612,3.93797623831418
3613,3.94102522701741
3614,3.94047052611751
3615,3.93528165668334
3616,3.93419136833904
3617,3.93420480641484
3618,3.92978901381762
3619,3.92934534339818
3620,3.93099586394893
3621,3.93019503514264
3622,3.92899292675677
3623,3.92945703866974
3624,3.93732951462336
3625,3.87244218581379
3626,3.81072126109495
3627,3.75142936007869
3628,3.69279943941558
3629,3.63420797463778
3630,3.57592468451883
3631,3.51612476097813
3632,3.458552167191
3633,3.39858257878422
3634,3.34562797989977
3635,3.28702835794734
3636,3.22296597953158
3637,3.1651142793405
3638,3.09851896699315
3639,1.99535292581126
3640,2.0058677273929
3641,2.00118658697722
3642,2.00786582378127
3643,1.95866758084633
3644,1.99835960442025
3645,2.01641920084848
3646,2.02027353789472
3647,2.02225220137288
3648,2.01811341649075
3649,2.0222753713235
3650,2.00125106213306
3651,2.00892641424527
3652,2.01837428795245
