"","JDAY","WSE"
"1",1,120.06
"2",2,120.05
"3",3,120.04
"4",4,120.02
"5",5,120.01
"6",6,119.99
"7",7,119.98
"8",8,120.01
"9",9,120
"10",10,119.98
"11",11,119.97
"12",12,119.96
"13",13,119.93
"14",14,119.9
"15",15,119.87
"16",16,119.84
"17",17,119.79
"18",18,119.76
"19",19,119.74
"20",20,119.72
"21",21,119.68
"22",22,119.64
"23",23,119.6
"24",24,119.55
"25",25,119.51
"26",26,119.48
"27",27,119.44
"28",28,119.4
"29",29,119.39
"30",30,119.36
"31",31,119.31
"32",32,119.27
"33",33,119.24
"34",34,119.19
"35",35,119.16
"36",36,119.11
"37",37,119.07
"38",38,119.01
"39",39,118.96
"40",40,118.94
"41",41,118.9
"42",42,118.84
"43",43,118.82
"44",44,118.8
"45",45,118.78
"46",46,118.75
"47",47,118.72
"48",48,118.7
"49",49,118.66
"50",50,118.63
"51",51,118.6
"52",52,118.55
"53",53,118.52
"54",54,118.5
"55",55,118.48
"56",56,118.44
"57",57,118.41
"58",58,118.4
"59",59,118.42
"60",60,118.47
"61",61,118.49
"62",62,118.52
"63",63,118.52
"64",64,118.52
"65",65,118.51
"66",66,118.5
"67",67,118.52
"68",68,118.57
"69",69,118.61
"70",70,118.65
"71",71,118.7
"72",72,118.74
"73",73,118.77
"74",74,118.79
"75",75,118.8
"76",76,118.81
"77",77,118.83
"78",78,118.83
"79",79,118.84
"80",80,118.86
"81",81,118.86
"82",82,118.86
"83",83,118.85
"84",84,118.85
"85",85,118.83
"86",86,118.83
"87",87,118.82
"88",88,118.83
"89",89,118.84
"90",90,118.87
"91",91,118.88
"92",92,118.88
"93",93,118.88
"94",94,118.91
"95",95,118.94
"96",96,118.94
"97",97,118.98
"98",98,119.03
"99",99,119.05
"100",100,119.05
"101",101,119.08
"102",102,119.1
"103",103,119.11
"104",104,119.11
"105",105,119.11
"106",106,119.1
"107",107,119.09
"108",108,119.08
"109",109,119.06
"110",110,119.05
"111",111,119.06
"112",112,119.1
"113",113,119.15
"114",114,119.18
"115",115,119.19
"116",116,119.18
"117",117,119.17
"118",118,119.17
"119",119,119.16
"120",120,119.13
"121",121,119.11
"122",122,119.09
"123",123,119.07
"124",124,119.06
"125",125,119.03
"126",126,119.1
"127",127,119.05
"128",128,119.09
"129",129,119.12
"130",130,119.14
"131",131,119.13
"132",132,119.14
"133",133,119.16
"134",134,119.16
"135",135,119.16
"136",136,119.16
"137",137,119.15
"138",138,119.15
"139",139,119.15
"140",140,119.14
"141",141,119.11
"142",142,119.09
"143",143,119.05
"144",144,119.03
"145",145,119.01
"146",146,118.98
"147",147,118.96
"148",148,118.95
"149",149,118.94
"150",150,118.93
"151",151,118.91
"152",152,118.89
"153",153,118.86
"154",154,118.85
"155",155,118.85
"156",156,118.85
"157",157,118.83
"158",158,118.82
"159",159,118.81
"160",160,118.8
"161",161,118.8
"162",162,118.8
"163",163,118.84
"164",164,118.87
"165",165,118.89
"166",166,118.91
"167",167,118.91
"168",168,118.89
"169",169,118.88
"170",170,118.91
"171",171,118.94
"172",172,118.96
"173",173,118.98
"174",174,119
"175",175,119.01
"176",176,119.02
"177",177,119.02
"178",178,119.02
"179",179,118.99
"180",180,118.97
"181",181,118.97
"182",182,118.98
"183",183,119.11
"184",184,119.26
"185",185,119.34
"186",186,119.37
"187",187,119.39
"188",188,119.41
"189",189,119.44
"190",190,119.49
"191",191,119.52
"192",192,119.52
"193",193,119.53
"194",194,119.52
"195",195,119.51
"196",196,119.5
"197",197,119.48
"198",198,119.45
"199",199,119.46
"200",200,119.45
"201",201,119.44
"202",202,119.42
"203",203,119.43
"204",204,119.43
"205",205,119.47
"206",206,119.68
"207",207,119.7
"208",208,119.69
"209",209,119.67
"210",210,119.63
"211",211,119.62
"212",212,119.6
"213",213,119.66
"214",214,119.66
"215",215,119.65
"216",216,119.63
"217",217,119.6
"218",218,119.58
"219",219,119.53
"220",220,119.48
"221",221,119.44
"222",222,119.41
"223",223,119.38
"224",224,119.36
"225",225,119.33
"226",226,119.32
"227",227,119.3
"228",228,119.27
"229",229,119.24
"230",230,119.22
"231",231,119.15
"232",232,119.1
"233",233,119.06
"234",234,119.05
"235",235,119.01
"236",236,119
"237",237,118.98
"238",238,118.98
"239",239,118.98
"240",240,118.98
"241",241,119.04
"242",242,119.09
"243",243,119.11
"244",244,119.11
"245",245,119.08
"246",246,119.06
"247",247,119.03
"248",248,119.03
"249",249,119.02
"250",250,119.02
"251",251,119.01
"252",252,119
"253",253,118.99
"254",254,118.98
"255",255,119
"256",256,119
"257",257,119
"258",258,119
"259",259,119
"260",260,118.99
"261",261,118.98
"262",262,118.97
"263",263,118.97
"264",264,118.97
"265",265,118.96
"266",266,118.97
"267",267,118.97
"268",268,118.97
"269",269,118.97
"270",270,118.99
"271",271,119
"272",272,119.02
"273",273,119.03
"274",274,119.02
"275",275,119.02
"276",276,119
"277",277,118.99
"278",278,118.96
"279",279,118.95
"280",280,118.97
"281",281,118.98
"282",282,118.98
"283",283,118.99
"284",284,118.99
"285",285,118.99
"286",286,118.99
"287",287,118.99
"288",288,118.99
"289",289,118.99
"290",290,118.98
"291",291,118.97
"292",292,118.98
"293",293,118.98
"294",294,118.97
"295",295,118.95
"296",296,118.95
"297",297,118.95
"298",298,118.98
"299",299,118.99
"300",300,118.99
"301",301,119
"302",302,119.04
"303",303,119.05
"304",304,119.05
"305",305,119.04
"306",306,119.03
"307",307,119.01
"308",308,119
"309",309,118.97
"310",310,118.95
"311",311,118.92
"312",312,118.9
"313",313,118.89
"314",314,118.88
"315",315,118.88
"316",316,118.88
"317",317,118.88
"318",318,118.91
"319",319,118.98
"320",320,119.01
"321",321,119.03
"322",322,119.05
"323",323,119.06
"324",324,119.05
"325",325,119.07
"326",326,119.06
"327",327,119.06
"328",328,119.05
"329",329,119.02
"330",330,118.99
"331",331,118.96
"332",332,118.93
"333",333,118.89
"334",334,118.86
"335",335,118.85
"336",336,118.82
"337",337,118.81
"338",338,118.84
"339",339,118.87
"340",340,118.91
"341",341,118.92
"342",342,118.94
"343",343,118.95
"344",344,119.02
"345",345,119.06
"346",346,119.1
"347",347,119.12
"348",348,119.16
"349",349,119.18
"350",350,119.19
"351",351,119.2
"352",352,119.19
"353",353,119.17
"354",354,119.17
"355",355,119.16
"356",356,119.15
"357",357,119.13
"358",358,119.11
"359",359,119.09
"360",360,119.08
"361",361,119.09
"362",362,119.15
"363",363,119.17
"364",364,119.17
"365",365,119.17
"366",366,119.16
"367",367,119.17
"368",368,119.16
"369",369,119.15
"370",370,119.14
"371",371,119.13
"372",372,119.11
"373",373,119.09
"374",374,119.07
"375",375,119.05
"376",376,119.02
"377",377,119.01
"378",378,118.99
"379",379,118.97
"380",380,118.96
"381",381,118.98
"382",382,118.99
"383",383,119.04
"384",384,119.05
"385",385,119.06
"386",386,119.08
"387",387,119.09
"388",388,119.06
"389",389,119.04
"390",390,119.02
"391",391,119.1
"392",392,119.2
"393",393,119.24
"394",394,119.27
"395",395,119.27
"396",396,119.26
"397",397,119.26
"398",398,119.24
"399",399,119.23
"400",400,119.22
"401",401,119.19
"402",402,119.15
"403",403,119.12
"404",404,119.09
"405",405,119.07
"406",406,119.05
"407",407,119.04
"408",408,119.02
"409",409,118.99
"410",410,118.97
"411",411,118.95
"412",412,118.93
"413",413,118.93
"414",414,118.91
"415",415,118.88
"416",416,118.89
"417",417,118.9
"418",418,118.91
"419",419,118.91
"420",420,118.94
"421",421,119.02
"422",422,119.3
"423",423,119.62
"424",424,119.73
"425",425,119.77
"426",426,119.81
"427",427,119.82
"428",428,119.87
"429",429,119.87
"430",430,119.87
"431",431,119.88
"432",432,119.88
"433",433,119.88
"434",434,119.88
"435",435,119.88
"436",436,119.88
"437",437,119.89
"438",438,120.17
"439",439,120.6
"440",440,120.81
"441",441,120.69
"442",442,120.61
"443",443,120.55
"444",444,120.49
"445",445,120.45
"446",446,120.43
"447",447,120.48
"448",448,120.55
"449",449,120.56
"450",450,120.52
"451",451,120.49
"452",452,120.46
"453",453,120.44
"454",454,120.52
"455",455,120.76
"456",456,120.72
"457",457,120.64
"458",458,120.56
"459",459,120.51
"460",460,120.48
"461",461,120.44
"462",462,120.41
"463",463,120.38
"464",464,120.33
"465",465,120.3
"466",466,120.27
"467",467,120.24
"468",468,120.17
"469",469,120.1
"470",470,120.01
"471",471,119.94
"472",472,119.89
"473",473,119.83
"474",474,119.77
"475",475,119.71
"476",476,119.65
"477",477,119.59
"478",478,119.51
"479",479,119.43
"480",480,119.34
"481",481,119.28
"482",482,119.22
"483",483,119.15
"484",484,119.08
"485",485,119.03
"486",486,118.96
"487",487,118.91
"488",488,118.88
"489",489,118.87
"490",490,118.83
"491",491,118.8
"492",492,118.85
"493",493,118.91
"494",494,118.98
"495",495,119.03
"496",496,119.05
"497",497,119.05
"498",498,119.03
"499",499,119.01
"500",500,118.97
"501",501,118.95
"502",502,118.91
"503",503,118.88
"504",504,118.88
"505",505,118.88
"506",506,118.9
"507",507,118.91
"508",508,118.91
"509",509,118.9
"510",510,118.89
"511",511,118.89
"512",512,118.89
"513",513,118.89
"514",514,118.88
"515",515,118.89
"516",516,118.88
"517",517,118.88
"518",518,118.89
"519",519,118.89
"520",520,118.88
"521",521,118.89
"522",522,118.91
"523",523,118.91
"524",524,118.91
"525",525,118.91
"526",526,118.92
"527",527,118.94
"528",528,118.93
"529",529,118.94
"530",530,118.94
"531",531,118.94
"532",532,118.93
"533",533,118.91
"534",534,118.89
"535",535,118.87
"536",536,118.86
"537",537,118.86
"538",538,118.87
"539",539,118.88
"540",540,118.88
"541",541,118.91
"542",542,118.9
"543",543,118.88
"544",544,118.88
"545",545,118.87
"546",546,118.87
"547",547,118.88
"548",548,118.89
"549",549,118.91
"550",550,118.92
"551",551,118.94
"552",552,118.95
"553",553,118.95
"554",554,118.95
"555",555,118.95
"556",556,118.97
"557",557,119.02
"558",558,119.03
"559",559,119.04
"560",560,119.03
"561",561,119.01
"562",562,119.01
"563",563,119.02
"564",564,119.02
"565",565,119.01
"566",566,119
"567",567,118.98
"568",568,118.97
"569",569,118.95
"570",570,118.97
"571",571,118.97
"572",572,118.96
"573",573,118.95
"574",574,118.94
"575",575,118.94
"576",576,118.94
"577",577,118.94
"578",578,118.94
"579",579,118.95
"580",580,118.94
"581",581,118.94
"582",582,118.94
"583",583,118.95
"584",584,118.95
"585",585,118.95
"586",586,118.95
"587",587,118.95
"588",588,118.95
"589",589,118.95
"590",590,118.95
"591",591,118.95
"592",592,118.95
"593",593,118.96
"594",594,118.97
"595",595,118.97
"596",596,118.97
"597",597,118.97
"598",598,118.96
"599",599,118.97
"600",600,118.99
"601",601,119
"602",602,119.01
"603",603,119.02
"604",604,119.01
"605",605,119
"606",606,118.98
"607",607,118.97
"608",608,118.95
"609",609,118.94
"610",610,118.88
"611",611,118.78
"612",612,118.72
"613",613,118.7
"614",614,118.73
"615",615,118.74
"616",616,118.74
"617",617,118.77
"618",618,118.79
"619",619,118.81
"620",620,118.83
"621",621,118.84
"622",622,118.87
"623",623,118.89
"624",624,118.89
"625",625,118.9
"626",626,118.91
"627",627,118.92
"628",628,118.93
"629",629,118.94
"630",630,118.94
"631",631,118.94
"632",632,118.93
"633",633,118.93
"634",634,118.94
"635",635,118.94
"636",636,118.95
"637",637,118.98
"638",638,118.95
"639",639,118.91
"640",640,118.93
"641",641,118.9
"642",642,118.87
"643",643,118.88
"644",644,118.94
"645",645,118.99
"646",646,119.02
"647",647,119.05
"648",648,119.09
"649",649,119.11
"650",650,119.13
"651",651,119.09
"652",652,119.05
"653",653,119.05
"654",654,119.03
"655",655,119
"656",656,118.97
"657",657,118.92
"658",658,118.89
"659",659,118.91
"660",660,118.93
"661",661,118.95
"662",662,118.97
"663",663,118.98
"664",664,119
"665",665,118.95
"666",666,118.96
"667",667,118.98
"668",668,119
"669",669,119.01
"670",670,119.02
"671",671,119.02
"672",672,119.02
"673",673,119.01
"674",674,119.06
"675",675,119.08
"676",676,119.08
"677",677,119.09
"678",678,119.08
"679",679,119.06
"680",680,119.03
"681",681,119
"682",682,118.97
"683",683,118.94
"684",684,118.91
"685",685,118.88
"686",686,118.91
"687",687,118.96
"688",688,118.99
"689",689,119
"690",690,119.01
"691",691,119.02
"692",692,119.02
"693",693,119.02
"694",694,119.01
"695",695,119.02
"696",696,119.02
"697",697,119.02
"698",698,119.02
"699",699,119.02
"700",700,119.02
"701",701,119.05
"702",702,119.08
"703",703,119.08
"704",704,119.08
"705",705,119.07
"706",706,119.06
"707",707,119.03
"708",708,119
"709",709,118.97
"710",710,118.94
"711",711,118.92
"712",712,118.99
"713",713,119.06
"714",714,119.08
"715",715,119.07
"716",716,119.05
"717",717,119.02
"718",718,118.99
"719",719,118.97
"720",720,118.94
"721",721,118.96
"722",722,119
"723",723,119.05
"724",724,119.09
"725",725,119.12
"726",726,119.18
"727",727,119.21
"728",728,119.21
"729",729,119.19
"730",730,119.16
"731",731,119.14
"732",732,119.13
"733",733,119.11
"734",734,119.1
"735",735,119.09
"736",736,119.04
"737",737,119.01
"738",738,119.01
"739",739,119
"740",740,119
"741",741,118.99
"742",742,119
"743",743,119
"744",744,118.98
"745",745,118.95
"746",746,118.91
"747",747,118.89
"748",748,118.87
"749",749,118.89
"750",750,118.89
"751",751,118.88
"752",752,118.85
"753",753,118.82
"754",754,118.79
"755",755,118.77
"756",756,118.74
"757",757,118.73
"758",758,118.7
"759",759,118.66
"760",760,118.64
"761",761,118.61
"762",762,118.59
"763",763,118.58
"764",764,118.55
"765",765,118.5
"766",766,118.45
"767",767,118.42
"768",768,118.4
"769",769,118.38
"770",770,118.35
"771",771,118.32
"772",772,118.29
"773",773,118.25
"774",774,118.22
"775",775,118.19
"776",776,118.16
"777",777,118.13
"778",778,118.09
"779",779,118.07
"780",780,118.04
"781",781,118.03
"782",782,118.02
"783",783,118.01
"784",784,118.01
"785",785,118.01
"786",786,118.01
"787",787,118.04
"788",788,118.04
"789",789,118.04
"790",790,118.07
"791",791,118.07
"792",792,118.08
"793",793,118.07
"794",794,118.07
"795",795,118.08
"796",796,118.24
"797",797,118.61
"798",798,118.77
"799",799,118.86
"800",800,118.92
"801",801,119.12
"802",802,119.25
"803",803,119.32
"804",804,119.36
"805",805,119.36
"806",806,119.44
"807",807,119.47
"808",808,119.49
"809",809,119.5
"810",810,119.48
"811",811,119.45
"812",812,119.42
"813",813,119.38
"814",814,119.32
"815",815,119.26
"816",816,119.2
"817",817,119.14
"818",818,119.11
"819",819,119.06
"820",820,119.03
"821",821,119.03
"822",822,119.01
"823",823,119
"824",824,118.99
"825",825,119
"826",826,119.01
"827",827,119.02
"828",828,119
"829",829,118.98
"830",830,118.95
"831",831,118.93
"832",832,118.9
"833",833,118.87
"834",834,118.88
"835",835,118.87
"836",836,118.84
"837",837,118.94
"838",838,119.08
"839",839,119.15
"840",840,119.19
"841",841,119.21
"842",842,119.21
"843",843,119.2
"844",844,119.22
"845",845,119.23
"846",846,119.22
"847",847,119.2
"848",848,119.17
"849",849,119.16
"850",850,119.12
"851",851,119.09
"852",852,119.05
"853",853,119.01
"854",854,118.97
"855",855,118.95
"856",856,118.91
"857",857,118.87
"858",858,118.83
"859",859,118.8
"860",860,118.76
"861",861,118.72
"862",862,118.69
"863",863,118.67
"864",864,118.64
"865",865,118.64
"866",866,118.67
"867",867,118.69
"868",868,118.73
"869",869,118.76
"870",870,118.79
"871",871,118.81
"872",872,118.82
"873",873,118.82
"874",874,118.83
"875",875,118.81
"876",876,118.78
"877",877,118.78
"878",878,118.8
"879",879,118.81
"880",880,118.82
"881",881,118.82
"882",882,118.82
"883",883,118.87
"884",884,118.88
"885",885,118.88
"886",886,118.87
"887",887,118.86
"888",888,118.86
"889",889,118.85
"890",890,118.86
"891",891,118.85
"892",892,118.88
"893",893,118.93
"894",894,118.95
"895",895,118.95
"896",896,118.95
"897",897,118.93
"898",898,118.91
"899",899,118.92
"900",900,118.92
"901",901,118.92
"902",902,118.91
"903",903,118.89
"904",904,118.95
"905",905,118.98
"906",906,119.02
"907",907,119.07
"908",908,119.1
"909",909,119.1
"910",910,119.1
"911",911,119.1
"912",912,119.09
"913",913,119.07
"914",914,119.05
"915",915,119.04
"916",916,119.02
"917",917,118.99
"918",918,118.97
"919",919,118.95
"920",920,118.94
"921",921,118.92
"922",922,118.91
"923",923,118.87
"924",924,118.83
"925",925,118.8
"926",926,118.77
"927",927,118.74
"928",928,118.71
"929",929,118.69
"930",930,118.64
"931",931,118.59
"932",932,118.52
"933",933,118.42
"934",934,118.35
"935",935,118.31
"936",936,118.27
"937",937,118.28
"938",938,118.28
"939",939,118.27
"940",940,118.27
"941",941,118.3
"942",942,118.32
"943",943,118.34
"944",944,118.34
"945",945,118.37
"946",946,118.39
"947",947,118.41
"948",948,118.42
"949",949,118.45
"950",950,118.48
"951",951,118.5
"952",952,118.58
"953",953,118.62
"954",954,118.65
"955",955,118.67
"956",956,118.7
"957",957,118.75
"958",958,118.84
"959",959,118.89
"960",960,118.92
"961",961,118.92
"962",962,118.94
"963",963,118.94
"964",964,118.95
"965",965,118.95
"966",966,118.94
"967",967,118.85
"968",968,118.77
"969",969,118.71
"970",970,118.77
"971",971,118.9
"972",972,118.93
"973",973,118.92
"974",974,118.88
"975",975,118.89
"976",976,118.9
"977",977,118.91
"978",978,118.91
"979",979,118.93
"980",980,118.92
"981",981,118.98
"982",982,119.23
"983",983,119.31
"984",984,119.31
"985",985,119.3
"986",986,119.27
"987",987,119.22
"988",988,119.16
"989",989,119.11
"990",990,119.04
"991",991,118.99
"992",992,118.95
"993",993,118.91
"994",994,118.92
"995",995,118.92
"996",996,118.94
"997",997,118.99
"998",998,119.02
"999",999,119.02
"1000",1000,119
"1001",1001,118.98
"1002",1002,119
"1003",1003,119.02
"1004",1004,119.03
"1005",1005,119.03
"1006",1006,119.02
"1007",1007,119.04
"1008",1008,119.04
"1009",1009,119.05
"1010",1010,119.03
"1011",1011,119.01
"1012",1012,118.99
"1013",1013,118.97
"1014",1014,118.95
"1015",1015,118.93
"1016",1016,118.92
"1017",1017,118.93
"1018",1018,118.96
"1019",1019,118.96
"1020",1020,118.95
"1021",1021,118.93
"1022",1022,118.92
"1023",1023,118.97
"1024",1024,119.02
"1025",1025,119.05
"1026",1026,119.07
"1027",1027,119.08
"1028",1028,119.07
"1029",1029,119.06
"1030",1030,119.06
"1031",1031,119.09
"1032",1032,119.11
"1033",1033,119.15
"1034",1034,119.15
"1035",1035,119.14
"1036",1036,119.12
"1037",1037,119.12
"1038",1038,119.11
"1039",1039,119.1
"1040",1040,119.09
"1041",1041,119.07
"1042",1042,119.05
"1043",1043,119.02
"1044",1044,118.99
"1045",1045,119
"1046",1046,119
"1047",1047,118.99
"1048",1048,118.98
"1049",1049,118.95
"1050",1050,118.92
"1051",1051,118.92
"1052",1052,118.92
"1053",1053,118.92
"1054",1054,118.91
"1055",1055,118.91
"1056",1056,118.9
"1057",1057,118.93
"1058",1058,118.96
"1059",1059,118.98
"1060",1060,118.98
"1061",1061,118.97
"1062",1062,118.95
"1063",1063,118.94
"1064",1064,118.97
"1065",1065,119.02
"1066",1066,119.04
"1067",1067,119.05
"1068",1068,119.04
"1069",1069,119.03
"1070",1070,119.01
"1071",1071,118.99
"1072",1072,119.09
"1073",1073,119.2
"1074",1074,119.27
"1075",1075,119.29
"1076",1076,119.29
"1077",1077,119.29
"1078",1078,119.27
"1079",1079,119.24
"1080",1080,119.22
"1081",1081,119.18
"1082",1082,119.15
"1083",1083,119.12
"1084",1084,119.08
"1085",1085,119.04
"1086",1086,119.03
"1087",1087,119.04
"1088",1088,119.05
"1089",1089,119.05
"1090",1090,119.04
"1091",1091,119.02
"1092",1092,119.04
"1093",1093,119.06
"1094",1094,119.05
"1095",1095,119.04
"1096",1096,119.02
"1097",1097,119.01
"1098",1098,118.99
"1099",1099,118.97
"1100",1100,118.95
"1101",1101,118.92
"1102",1102,118.89
"1103",1103,118.87
"1104",1104,118.86
"1105",1105,118.88
"1106",1106,118.89
"1107",1107,118.89
"1108",1108,118.92
"1109",1109,118.94
"1110",1110,118.94
"1111",1111,118.94
"1112",1112,118.95
"1113",1113,118.96
"1114",1114,118.98
"1115",1115,119
"1116",1116,119.02
"1117",1117,119.04
"1118",1118,119.05
"1119",1119,119.05
"1120",1120,119.05
"1121",1121,119.05
"1122",1122,119.05
"1123",1123,119.12
"1124",1124,119.16
"1125",1125,119.18
"1126",1126,119.18
"1127",1127,119.16
"1128",1128,119.14
"1129",1129,119.11
"1130",1130,119.08
"1131",1131,119.05
"1132",1132,119.05
"1133",1133,119.05
"1134",1134,119.06
"1135",1135,119.06
"1136",1136,119.05
"1137",1137,119.06
"1138",1138,119.06
"1139",1139,119.06
"1140",1140,119.05
"1141",1141,119.04
"1142",1142,119.03
"1143",1143,119.04
"1144",1144,119.05
"1145",1145,119.05
"1146",1146,119.06
"1147",1147,119.06
"1148",1148,119.05
"1149",1149,119.04
"1150",1150,119.03
"1151",1151,119.05
"1152",1152,119.06
"1153",1153,119.07
"1154",1154,119.06
"1155",1155,119.05
"1156",1156,119.07
"1157",1157,119.07
"1158",1158,119.09
"1159",1159,119.09
"1160",1160,119.1
"1161",1161,119.11
"1162",1162,119.12
"1163",1163,119.16
"1164",1164,119.23
"1165",1165,119.27
"1166",1166,119.28
"1167",1167,119.28
"1168",1168,119.26
"1169",1169,119.23
"1170",1170,119.21
"1171",1171,119.19
"1172",1172,119.18
"1173",1173,119.16
"1174",1174,119.15
"1175",1175,119.14
"1176",1176,119.13
"1177",1177,119.12
"1178",1178,119.11
"1179",1179,119.09
"1180",1180,119.09
"1181",1181,119.09
"1182",1182,119.08
"1183",1183,119.05
"1184",1184,119.05
"1185",1185,119.08
"1186",1186,119.06
"1187",1187,119.06
"1188",1188,119.06
"1189",1189,119.05
"1190",1190,119.05
"1191",1191,119.04
"1192",1192,119.05
"1193",1193,119.04
"1194",1194,119.05
"1195",1195,119.06
"1196",1196,119.08
"1197",1197,119.07
"1198",1198,119.07
"1199",1199,119.08
"1200",1200,119.08
"1201",1201,119.09
"1202",1202,119.08
"1203",1203,119.08
"1204",1204,119.08
"1205",1205,119.08
"1206",1206,119.07
"1207",1207,119.03
"1208",1208,119
"1209",1209,119.05
"1210",1210,119.1
"1211",1211,119.1
"1212",1212,119.09
"1213",1213,119.08
"1214",1214,119.08
"1215",1215,119.08
"1216",1216,119.07
"1217",1217,119.06
"1218",1218,119.09
"1219",1219,119.09
"1220",1220,119.09
"1221",1221,119.09
"1222",1222,119.09
"1223",1223,119.08
"1224",1224,119.06
"1225",1225,119.06
"1226",1226,119.06
"1227",1227,119.06
"1228",1228,119.05
"1229",1229,119.03
"1230",1230,119.01
"1231",1231,119.02
"1232",1232,119.03
"1233",1233,119.03
"1234",1234,119.02
"1235",1235,119.01
"1236",1236,119
"1237",1237,118.98
"1238",1238,118.99
"1239",1239,119.02
"1240",1240,119.04
"1241",1241,119.04
"1242",1242,119.03
"1243",1243,119.02
"1244",1244,119.01
"1245",1245,119
"1246",1246,119
"1247",1247,119.01
"1248",1248,119
"1249",1249,119.03
"1250",1250,119.11
"1251",1251,119.14
"1252",1252,119.16
"1253",1253,119.16
"1254",1254,119.14
"1255",1255,119.12
"1256",1256,119.09
"1257",1257,119.08
"1258",1258,119.06
"1259",1259,119.05
"1260",1260,119.04
"1261",1261,119.04
"1262",1262,119.03
"1263",1263,119.02
"1264",1264,119
"1265",1265,118.98
"1266",1266,118.98
"1267",1267,118.97
"1268",1268,118.96
"1269",1269,118.95
"1270",1270,118.96
"1271",1271,118.98
"1272",1272,118.98
"1273",1273,119.02
"1274",1274,119.03
"1275",1275,119.03
"1276",1276,119.02
"1277",1277,119.01
"1278",1278,119
"1279",1279,118.99
"1280",1280,119
"1281",1281,118.99
"1282",1282,118.99
"1283",1283,118.99
"1284",1284,118.98
"1285",1285,118.98
"1286",1286,118.98
"1287",1287,118.98
"1288",1288,118.99
"1289",1289,118.98
"1290",1290,118.98
"1291",1291,118.97
"1292",1292,118.97
"1293",1293,118.97
"1294",1294,118.95
"1295",1295,118.95
"1296",1296,118.95
"1297",1297,118.97
"1298",1298,118.98
"1299",1299,118.97
"1300",1300,118.96
"1301",1301,118.97
"1302",1302,118.97
"1303",1303,118.96
"1304",1304,118.95
"1305",1305,118.97
"1306",1306,119
"1307",1307,119
"1308",1308,119
"1309",1309,119.01
"1310",1310,119.01
"1311",1311,119.01
"1312",1312,119.01
"1313",1313,119.01
"1314",1314,119.03
"1315",1315,119.02
"1316",1316,119
"1317",1317,118.99
"1318",1318,118.98
"1319",1319,119.02
"1320",1320,119.03
"1321",1321,119.03
"1322",1322,119.03
"1323",1323,119.03
"1324",1324,119.07
"1325",1325,119.08
"1326",1326,119.09
"1327",1327,119.1
"1328",1328,119.1
"1329",1329,119.09
"1330",1330,119.08
"1331",1331,119.06
"1332",1332,119.05
"1333",1333,119.02
"1334",1334,119
"1335",1335,118.99
"1336",1336,118.97
"1337",1337,118.95
"1338",1338,118.93
"1339",1339,118.92
"1340",1340,118.92
"1341",1341,118.93
"1342",1342,118.94
"1343",1343,118.95
"1344",1344,118.98
"1345",1345,118.99
"1346",1346,118.98
"1347",1347,118.97
"1348",1348,118.97
"1349",1349,118.95
"1350",1350,118.94
"1351",1351,118.94
"1352",1352,118.93
"1353",1353,118.92
"1354",1354,118.93
"1355",1355,118.93
"1356",1356,118.94
"1357",1357,118.94
"1358",1358,118.97
"1359",1359,118.97
"1360",1360,118.96
"1361",1361,118.95
"1362",1362,118.94
"1363",1363,118.94
"1364",1364,118.93
"1365",1365,118.95
"1366",1366,118.98
"1367",1367,119
"1368",1368,119.06
"1369",1369,119.09
"1370",1370,119.12
"1371",1371,119.14
"1372",1372,119.17
"1373",1373,119.2
"1374",1374,119.22
"1375",1375,119.23
"1376",1376,119.24
"1377",1377,119.26
"1378",1378,119.27
"1379",1379,119.27
"1380",1380,119.29
"1381",1381,119.3
"1382",1382,119.3
"1383",1383,119.31
"1384",1384,119.32
"1385",1385,119.27
"1386",1386,119.23
"1387",1387,119.19
"1388",1388,119.14
"1389",1389,119.12
"1390",1390,119.09
"1391",1391,119.05
"1392",1392,119.02
"1393",1393,118.98
"1394",1394,118.95
"1395",1395,118.93
"1396",1396,118.87
"1397",1397,118.81
"1398",1398,118.78
"1399",1399,118.84
"1400",1400,118.88
"1401",1401,118.87
"1402",1402,118.91
"1403",1403,118.96
"1404",1404,118.99
"1405",1405,119.02
"1406",1406,119.05
"1407",1407,119.07
"1408",1408,119.11
"1409",1409,119.14
"1410",1410,119.18
"1411",1411,119.21
"1412",1412,119.23
"1413",1413,119.28
"1414",1414,119.3
"1415",1415,119.28
"1416",1416,119.25
"1417",1417,119.21
"1418",1418,119.17
"1419",1419,119.14
"1420",1420,119.11
"1421",1421,119.08
"1422",1422,119.04
"1423",1423,119.02
"1424",1424,118.98
"1425",1425,118.95
"1426",1426,118.92
"1427",1427,118.94
"1428",1428,118.98
"1429",1429,119.01
"1430",1430,119.03
"1431",1431,119.07
"1432",1432,119.1
"1433",1433,119.12
"1434",1434,119.15
"1435",1435,119.18
"1436",1436,119.21
"1437",1437,119.23
"1438",1438,119.27
"1439",1439,119.3
"1440",1440,119.34
"1441",1441,119.31
"1442",1442,119.28
"1443",1443,119.25
"1444",1444,119.21
"1445",1445,119.17
"1446",1446,119.14
"1447",1447,119.11
"1448",1448,119.1
"1449",1449,119.09
"1450",1450,119.07
"1451",1451,119.05
"1452",1452,119.08
"1453",1453,119.07
"1454",1454,119.05
"1455",1455,119.04
"1456",1456,119.02
"1457",1457,119.03
"1458",1458,119.02
"1459",1459,118.99
"1460",1460,118.98
"1461",1461,118.97
"1462",1462,119
"1463",1463,119.03
"1464",1464,119.06
"1465",1465,119.03
"1466",1466,119.06
"1467",1467,119.09
"1468",1468,119.11
"1469",1469,119.14
"1470",1470,119.17
"1471",1471,119.2
"1472",1472,119.24
"1473",1473,119.21
"1474",1474,119.18
"1475",1475,119.17
"1476",1476,119.16
"1477",1477,119.16
"1478",1478,119.16
"1479",1479,119.14
"1480",1480,119.12
"1481",1481,119.09
"1482",1482,119.08
"1483",1483,119.06
"1484",1484,119.03
"1485",1485,119.01
"1486",1486,118.98
"1487",1487,119.01
"1488",1488,119.04
"1489",1489,119.07
"1490",1490,119.11
"1491",1491,119.14
"1492",1492,119.21
"1493",1493,119.29
"1494",1494,119.3
"1495",1495,119.3
"1496",1496,119.28
"1497",1497,119.27
"1498",1498,119.25
"1499",1499,119.22
"1500",1500,119.2
"1501",1501,119.22
"1502",1502,119.2
"1503",1503,119.18
"1504",1504,119.16
"1505",1505,119.13
"1506",1506,119.09
"1507",1507,119.06
"1508",1508,119.04
"1509",1509,119.02
"1510",1510,118.99
"1511",1511,118.97
"1512",1512,118.95
"1513",1513,118.94
"1514",1514,118.91
"1515",1515,118.89
"1516",1516,118.88
"1517",1517,118.88
"1518",1518,118.86
"1519",1519,118.85
"1520",1520,118.89
"1521",1521,118.92
"1522",1522,118.93
"1523",1523,118.94
"1524",1524,118.94
"1525",1525,118.93
"1526",1526,118.91
"1527",1527,118.9
"1528",1528,118.9
"1529",1529,118.89
"1530",1530,118.87
"1531",1531,118.86
"1532",1532,118.82
"1533",1533,118.84
"1534",1534,118.89
"1535",1535,118.92
"1536",1536,118.93
"1537",1537,118.93
"1538",1538,118.91
"1539",1539,118.91
"1540",1540,118.92
"1541",1541,118.9
"1542",1542,118.88
"1543",1543,118.84
"1544",1544,118.79
"1545",1545,118.76
"1546",1546,118.73
"1547",1547,118.72
"1548",1548,118.71
"1549",1549,118.72
"1550",1550,118.73
"1551",1551,118.75
"1552",1552,118.78
"1553",1553,118.83
"1554",1554,118.88
"1555",1555,118.9
"1556",1556,118.91
"1557",1557,118.92
"1558",1558,118.93
"1559",1559,118.94
"1560",1560,118.94
"1561",1561,118.94
"1562",1562,118.96
"1563",1563,118.97
"1564",1564,119
"1565",1565,119.02
"1566",1566,119.03
"1567",1567,119.04
"1568",1568,119.04
"1569",1569,119.04
"1570",1570,119.03
"1571",1571,119.04
"1572",1572,119.05
"1573",1573,119.04
"1574",1574,119.03
"1575",1575,119.02
"1576",1576,119.01
"1577",1577,119
"1578",1578,118.98
"1579",1579,118.96
"1580",1580,118.94
"1581",1581,118.91
"1582",1582,118.95
"1583",1583,118.98
"1584",1584,119.01
"1585",1585,119.05
"1586",1586,119.08
"1587",1587,119.11
"1588",1588,119.14
"1589",1589,119.16
"1590",1590,119.21
"1591",1591,119.2
"1592",1592,119.18
"1593",1593,119.17
"1594",1594,119.14
"1595",1595,119.12
"1596",1596,119.09
"1597",1597,119.06
"1598",1598,119.02
"1599",1599,119.05
"1600",1600,119.09
"1601",1601,119.11
"1602",1602,119.14
"1603",1603,119.19
"1604",1604,119.16
"1605",1605,119.19
"1606",1606,119.3
"1607",1607,119.36
"1608",1608,119.37
"1609",1609,119.37
"1610",1610,119.37
"1611",1611,119.38
"1612",1612,119.39
"1613",1613,119.37
"1614",1614,119.34
"1615",1615,119.32
"1616",1616,119.29
"1617",1617,119.25
"1618",1618,119.18
"1619",1619,119.12
"1620",1620,119.21
"1621",1621,119.26
"1622",1622,119.27
"1623",1623,119.33
"1624",1624,119.45
"1625",1625,119.48
"1626",1626,119.6
"1627",1627,119.8
"1628",1628,119.84
"1629",1629,119.83
"1630",1630,119.8
"1631",1631,119.78
"1632",1632,119.73
"1633",1633,119.64
"1634",1634,119.56
"1635",1635,119.48
"1636",1636,119.41
"1637",1637,119.33
"1638",1638,119.24
"1639",1639,119.2
"1640",1640,119.16
"1641",1641,119.1
"1642",1642,119.06
"1643",1643,119.03
"1644",1644,119.02
"1645",1645,119.01
"1646",1646,119
"1647",1647,118.99
"1648",1648,118.97
"1649",1649,118.95
"1650",1650,118.94
"1651",1651,118.94
"1652",1652,118.95
"1653",1653,118.95
"1654",1654,118.95
"1655",1655,118.97
"1656",1656,118.99
"1657",1657,118.98
"1658",1658,118.98
"1659",1659,118.98
"1660",1660,118.95
"1661",1661,118.95
"1662",1662,118.96
"1663",1663,118.98
"1664",1664,118.99
"1665",1665,119.02
"1666",1666,119.08
"1667",1667,119.09
"1668",1668,119.11
"1669",1669,119.12
"1670",1670,119.11
"1671",1671,119.11
"1672",1672,119.1
"1673",1673,119.09
"1674",1674,119.07
"1675",1675,119.07
"1676",1676,119.04
"1677",1677,119.03
"1678",1678,119.01
"1679",1679,118.99
"1680",1680,118.98
"1681",1681,118.98
"1682",1682,118.98
"1683",1683,119.03
"1684",1684,119.04
"1685",1685,119.05
"1686",1686,119.03
"1687",1687,119.03
"1688",1688,119.01
"1689",1689,119.01
"1690",1690,119
"1691",1691,119
"1692",1692,119
"1693",1693,119
"1694",1694,119
"1695",1695,118.99
"1696",1696,118.98
"1697",1697,118.97
"1698",1698,118.97
"1699",1699,118.97
"1700",1700,118.97
"1701",1701,118.96
"1702",1702,118.95
"1703",1703,118.95
"1704",1704,118.95
"1705",1705,118.97
"1706",1706,119
"1707",1707,119.02
"1708",1708,119.02
"1709",1709,119.02
"1710",1710,119.01
"1711",1711,119.01
"1712",1712,119.01
"1713",1713,119.01
"1714",1714,119.01
"1715",1715,119.01
"1716",1716,118.98
"1717",1717,118.99
"1718",1718,119
"1719",1719,119
"1720",1720,119
"1721",1721,119
"1722",1722,119
"1723",1723,118.99
"1724",1724,118.99
"1725",1725,118.97
"1726",1726,118.96
"1727",1727,118.96
"1728",1728,118.95
"1729",1729,118.95
"1730",1730,118.95
"1731",1731,118.94
"1732",1732,118.95
"1733",1733,118.96
"1734",1734,118.97
"1735",1735,118.97
"1736",1736,118.98
"1737",1737,118.98
"1738",1738,118.98
"1739",1739,118.99
"1740",1740,119.01
"1741",1741,119.02
"1742",1742,119.03
"1743",1743,119.02
"1744",1744,119.02
"1745",1745,119.01
"1746",1746,118.99
"1747",1747,118.98
"1748",1748,118.97
"1749",1749,118.96
"1750",1750,118.95
"1751",1751,118.96
"1752",1752,118.95
"1753",1753,118.96
"1754",1754,118.95
"1755",1755,118.95
"1756",1756,118.95
"1757",1757,118.95
"1758",1758,118.95
"1759",1759,118.94
"1760",1760,118.95
"1761",1761,118.96
"1762",1762,118.97
"1763",1763,118.97
"1764",1764,118.99
"1765",1765,118.99
"1766",1766,119.02
"1767",1767,119.03
"1768",1768,119.03
"1769",1769,119.03
"1770",1770,119.03
"1771",1771,119.03
"1772",1772,119.05
"1773",1773,119.05
"1774",1774,119.04
"1775",1775,119.04
"1776",1776,119.03
"1777",1777,119.02
"1778",1778,119.02
"1779",1779,119
"1780",1780,119
"1781",1781,118.98
"1782",1782,118.98
"1783",1783,118.98
"1784",1784,118.98
"1785",1785,118.97
"1786",1786,118.97
"1787",1787,118.96
"1788",1788,118.96
"1789",1789,118.96
"1790",1790,118.95
"1791",1791,118.95
"1792",1792,118.98
"1793",1793,119.04
"1794",1794,119.05
"1795",1795,119.05
"1796",1796,119.06
"1797",1797,119.06
"1798",1798,119.07
"1799",1799,119.08
"1800",1800,119.08
"1801",1801,119.08
"1802",1802,119.09
"1803",1803,119.1
"1804",1804,119.1
"1805",1805,119.12
"1806",1806,119.11
"1807",1807,119.1
"1808",1808,119.09
"1809",1809,119.07
"1810",1810,119.09
"1811",1811,119.08
"1812",1812,119.05
"1813",1813,119.05
"1814",1814,119.04
"1815",1815,119.01
"1816",1816,119.01
"1817",1817,119
"1818",1818,119
"1819",1819,119.02
"1820",1820,119.02
"1821",1821,119.02
"1822",1822,119.02
"1823",1823,119.02
"1824",1824,119.02
"1825",1825,119.05
"1826",1826,119.06
"1827",1827,119.06
"1828",1828,119.06
"1829",1829,119.05
"1830",1830,119.01
"1831",1831,118.98
"1832",1832,118.96
"1833",1833,118.94
"1834",1834,118.91
"1835",1835,118.94
"1836",1836,118.97
"1837",1837,119
"1838",1838,119.03
"1839",1839,119.05
"1840",1840,119.04
"1841",1841,119.06
"1842",1842,119.06
"1843",1843,119.05
"1844",1844,119.04
"1845",1845,119.03
"1846",1846,119.01
"1847",1847,118.99
"1848",1848,118.97
"1849",1849,118.94
"1850",1850,118.91
"1851",1851,118.91
"1852",1852,118.93
"1853",1853,118.94
"1854",1854,118.95
"1855",1855,118.96
"1856",1856,118.96
"1857",1857,118.92
"1858",1858,118.88
"1859",1859,118.85
"1860",1860,118.83
"1861",1861,118.8
"1862",1862,118.78
"1863",1863,118.77
"1864",1864,118.74
"1865",1865,118.7
"1866",1866,118.67
"1867",1867,118.65
"1868",1868,118.61
"1869",1869,118.58
"1870",1870,118.54
"1871",1871,118.55
"1872",1872,118.51
"1873",1873,118.48
"1874",1874,118.45
"1875",1875,118.43
"1876",1876,118.41
"1877",1877,118.38
"1878",1878,118.35
"1879",1879,118.32
"1880",1880,118.3
"1881",1881,118.28
"1882",1882,118.3
"1883",1883,118.34
"1884",1884,118.38
"1885",1885,118.41
"1886",1886,118.45
"1887",1887,118.48
"1888",1888,118.52
"1889",1889,118.49
"1890",1890,118.45
"1891",1891,118.42
"1892",1892,118.39
"1893",1893,118.35
"1894",1894,118.32
"1895",1895,118.29
"1896",1896,118.32
"1897",1897,118.37
"1898",1898,118.41
"1899",1899,118.41
"1900",1900,118.39
"1901",1901,118.38
"1902",1902,118.37
"1903",1903,118.35
"1904",1904,118.36
"1905",1905,118.36
"1906",1906,118.4
"1907",1907,118.41
"1908",1908,118.41
"1909",1909,118.41
"1910",1910,118.41
"1911",1911,118.39
"1912",1912,118.38
"1913",1913,118.35
"1914",1914,118.34
"1915",1915,118.47
"1916",1916,118.77
"1917",1917,118.97
"1918",1918,119.09
"1919",1919,119.13
"1920",1920,119.16
"1921",1921,119.18
"1922",1922,119.17
"1923",1923,119.15
"1924",1924,119.16
"1925",1925,119.16
"1926",1926,119.14
"1927",1927,119.12
"1928",1928,119.08
"1929",1929,119.05
"1930",1930,119.02
"1931",1931,119
"1932",1932,119.03
"1933",1933,119.03
"1934",1934,119.02
"1935",1935,119.01
"1936",1936,118.98
"1937",1937,118.95
"1938",1938,118.94
"1939",1939,118.94
"1940",1940,118.95
"1941",1941,118.98
"1942",1942,119
"1943",1943,119.04
"1944",1944,119.06
"1945",1945,119.07
"1946",1946,119.06
"1947",1947,119.11
"1948",1948,119.18
"1949",1949,119.2
"1950",1950,119.19
"1951",1951,119.17
"1952",1952,119.14
"1953",1953,119.11
"1954",1954,119.08
"1955",1955,119.06
"1956",1956,119.05
"1957",1957,119.06
"1958",1958,119.05
"1959",1959,119.04
"1960",1960,119.02
"1961",1961,118.98
"1962",1962,118.95
"1963",1963,118.92
"1964",1964,118.92
"1965",1965,118.91
"1966",1966,118.92
"1967",1967,118.94
"1968",1968,118.94
"1969",1969,118.92
"1970",1970,118.93
"1971",1971,118.93
"1972",1972,118.92
"1973",1973,118.9
"1974",1974,118.94
"1975",1975,118.97
"1976",1976,118.98
"1977",1977,119.02
"1978",1978,119.04
"1979",1979,119.04
"1980",1980,119.03
"1981",1981,119.03
"1982",1982,119.03
"1983",1983,119.05
"1984",1984,119.02
"1985",1985,119
"1986",1986,118.98
"1987",1987,118.99
"1988",1988,118.99
"1989",1989,118.99
"1990",1990,118.98
"1991",1991,118.98
"1992",1992,119
"1993",1993,119.01
"1994",1994,119.01
"1995",1995,119.01
"1996",1996,119.01
"1997",1997,119
"1998",1998,119
"1999",1999,118.99
"2000",2000,118.99
"2001",2001,118.98
"2002",2002,118.98
"2003",2003,119
"2004",2004,119.01
"2005",2005,119.01
"2006",2006,119.01
"2007",2007,119.01
"2008",2008,119
"2009",2009,119
"2010",2010,118.99
"2011",2011,119.02
"2012",2012,119.06
"2013",2013,119.07
"2014",2014,119.08
"2015",2015,119.08
"2016",2016,119.09
"2017",2017,119.09
"2018",2018,119.09
"2019",2019,119.08
"2020",2020,119.08
"2021",2021,119.08
"2022",2022,119.05
"2023",2023,119.1
"2024",2024,119.08
"2025",2025,119.06
"2026",2026,119.03
"2027",2027,119.01
"2028",2028,118.98
"2029",2029,118.95
"2030",2030,118.95
"2031",2031,118.93
"2032",2032,118.93
"2033",2033,118.95
"2034",2034,118.97
"2035",2035,119
"2036",2036,119.02
"2037",2037,119.02
"2038",2038,119.02
"2039",2039,119.01
"2040",2040,119.01
"2041",2041,119.02
"2042",2042,119.02
"2043",2043,119.01
"2044",2044,119.01
"2045",2045,119
"2046",2046,119
"2047",2047,118.99
"2048",2048,118.99
"2049",2049,118.98
"2050",2050,118.98
"2051",2051,118.98
"2052",2052,119.04
"2053",2053,119.04
"2054",2054,119.02
"2055",2055,119
"2056",2056,118.98
"2057",2057,118.97
"2058",2058,118.95
"2059",2059,118.95
"2060",2060,118.98
"2061",2061,119
"2062",2062,119.02
"2063",2063,119.04
"2064",2064,119.03
"2065",2065,119.02
"2066",2066,119.04
"2067",2067,119.03
"2068",2068,119.01
"2069",2069,119
"2070",2070,119.01
"2071",2071,118.99
"2072",2072,118.98
"2073",2073,118.97
"2074",2074,118.97
"2075",2075,118.96
"2076",2076,118.97
"2077",2077,118.97
"2078",2078,118.97
"2079",2079,118.98
"2080",2080,118.98
"2081",2081,118.99
"2082",2082,119
"2083",2083,119.01
"2084",2084,119.02
"2085",2085,119.03
"2086",2086,119.03
"2087",2087,119.04
"2088",2088,119.05
"2089",2089,119.05
"2090",2090,119.08
"2091",2091,119.09
"2092",2092,119.09
"2093",2093,119.09
"2094",2094,119.08
"2095",2095,119.08
"2096",2096,119.07
"2097",2097,119.06
"2098",2098,119.05
"2099",2099,119.05
"2100",2100,119.05
"2101",2101,119.09
"2102",2102,119.09
"2103",2103,119.09
"2104",2104,119.11
"2105",2105,119.11
"2106",2106,119.11
"2107",2107,119.11
"2108",2108,119.11
"2109",2109,119.06
"2110",2110,119.05
"2111",2111,119.05
"2112",2112,119.05
"2113",2113,119.05
"2114",2114,119.05
"2115",2115,119.01
"2116",2116,119
"2117",2117,119.02
"2118",2118,119.03
"2119",2119,119.03
"2120",2120,119.04
"2121",2121,119.05
"2122",2122,119.09
"2123",2123,119.13
"2124",2124,119.13
"2125",2125,119.11
"2126",2126,119.08
"2127",2127,119.05
"2128",2128,119.02
"2129",2129,118.99
"2130",2130,119
"2131",2131,119.02
"2132",2132,119.04
"2133",2133,119.05
"2134",2134,119.05
"2135",2135,119.05
"2136",2136,119.05
"2137",2137,119.06
"2138",2138,119.06
"2139",2139,119.06
"2140",2140,119.06
"2141",2141,119.05
"2142",2142,119.05
"2143",2143,119.05
"2144",2144,119.05
"2145",2145,119.05
"2146",2146,119.05
"2147",2147,119.05
"2148",2148,119.1
"2149",2149,119.08
"2150",2150,119.05
"2151",2151,119.02
"2152",2152,119
"2153",2153,119.01
"2154",2154,119.02
"2155",2155,119.04
"2156",2156,119.02
"2157",2157,119.04
"2158",2158,119.02
"2159",2159,118.99
"2160",2160,118.97
"2161",2161,118.95
"2162",2162,118.92
"2163",2163,118.96
"2164",2164,119
"2165",2165,119.03
"2166",2166,119.09
"2167",2167,119.14
"2168",2168,119.16
"2169",2169,119.16
"2170",2170,119.27
"2171",2171,119.38
"2172",2172,119.42
"2173",2173,119.41
"2174",2174,119.37
"2175",2175,119.33
"2176",2176,119.29
"2177",2177,119.26
"2178",2178,119.2
"2179",2179,119.16
"2180",2180,119.11
"2181",2181,119.07
"2182",2182,119.04
"2183",2183,119
"2184",2184,118.98
"2185",2185,118.98
"2186",2186,118.99
"2187",2187,118.98
"2188",2188,118.99
"2189",2189,118.99
"2190",2190,118.99
"2191",2191,118.98
"2192",2192,118.97
"2193",2193,118.95
"2194",2194,118.94
"2195",2195,118.96
"2196",2196,118.97
"2197",2197,118.97
"2198",2198,118.97
"2199",2199,118.95
"2200",2200,118.96
"2201",2201,118.97
"2202",2202,118.98
"2203",2203,118.99
"2204",2204,119.01
"2205",2205,119.01
"2206",2206,119.02
"2207",2207,119.03
"2208",2208,119.04
"2209",2209,119.02
"2210",2210,119.06
"2211",2211,119.09
"2212",2212,119.09
"2213",2213,119.07
"2214",2214,119.04
"2215",2215,119.01
"2216",2216,118.98
"2217",2217,118.95
"2218",2218,118.93
"2219",2219,118.91
"2220",2220,118.87
"2221",2221,118.83
"2222",2222,118.78
"2223",2223,118.74
"2224",2224,118.72
"2225",2225,118.69
"2226",2226,118.66
"2227",2227,118.61
"2228",2228,118.56
"2229",2229,118.51
"2230",2230,118.47
"2231",2231,118.45
"2232",2232,118.41
"2233",2233,118.37
"2234",2234,118.34
"2235",2235,118.32
"2236",2236,118.29
"2237",2237,118.28
"2238",2238,118.26
"2239",2239,118.23
"2240",2240,118.2
"2241",2241,118.18
"2242",2242,118.15
"2243",2243,118.12
"2244",2244,118.1
"2245",2245,118.07
"2246",2246,118.04
"2247",2247,118.02
"2248",2248,117.99
"2249",2249,117.98
"2250",2250,117.99
"2251",2251,118
"2252",2252,118
"2253",2253,118
"2254",2254,118.02
"2255",2255,118.02
"2256",2256,118.04
"2257",2257,118.04
"2258",2258,118.03
"2259",2259,118.03
"2260",2260,118.02
"2261",2261,118.02
"2262",2262,118.02
"2263",2263,118.03
"2264",2264,118.05
"2265",2265,118.07
"2266",2266,118.09
"2267",2267,118.09
"2268",2268,118.1
"2269",2269,118.1
"2270",2270,118.1
"2271",2271,118.09
"2272",2272,118.09
"2273",2273,118.07
"2274",2274,118.06
"2275",2275,118.03
"2276",2276,117.99
"2277",2277,118
"2278",2278,118.05
"2279",2279,118.08
"2280",2280,118.09
"2281",2281,118.1
"2282",2282,118.1
"2283",2283,118.11
"2284",2284,118.13
"2285",2285,118.23
"2286",2286,118.35
"2287",2287,118.41
"2288",2288,118.46
"2289",2289,118.5
"2290",2290,118.57
"2291",2291,118.6
"2292",2292,118.66
"2293",2293,118.72
"2294",2294,118.75
"2295",2295,118.79
"2296",2296,118.82
"2297",2297,118.83
"2298",2298,118.84
"2299",2299,118.85
"2300",2300,118.86
"2301",2301,118.86
"2302",2302,118.92
"2303",2303,118.96
"2304",2304,118.97
"2305",2305,118.96
"2306",2306,118.95
"2307",2307,118.92
"2308",2308,118.9
"2309",2309,118.88
"2310",2310,118.89
"2311",2311,118.91
"2312",2312,118.92
"2313",2313,118.93
"2314",2314,118.94
"2315",2315,118.94
"2316",2316,118.95
"2317",2317,118.96
"2318",2318,118.96
"2319",2319,118.97
"2320",2320,118.99
"2321",2321,119.01
"2322",2322,119.02
"2323",2323,119.02
"2324",2324,119.01
"2325",2325,119.01
"2326",2326,119
"2327",2327,118.99
"2328",2328,118.98
"2329",2329,118.97
"2330",2330,118.98
"2331",2331,119
"2332",2332,119.01
"2333",2333,119.02
"2334",2334,119.02
"2335",2335,119.03
"2336",2336,119.03
"2337",2337,119.03
"2338",2338,119.04
"2339",2339,119.03
"2340",2340,119.03
"2341",2341,119.02
"2342",2342,119.02
"2343",2343,119.06
"2344",2344,119.1
"2345",2345,119.12
"2346",2346,119.12
"2347",2347,119.11
"2348",2348,119.09
"2349",2349,119.06
"2350",2350,119.04
"2351",2351,119.04
"2352",2352,119.06
"2353",2353,119.06
"2354",2354,119.06
"2355",2355,119.04
"2356",2356,119.03
"2357",2357,119.04
"2358",2358,119.06
"2359",2359,119.08
"2360",2360,119.08
"2361",2361,119.06
"2362",2362,119.06
"2363",2363,119.1
"2364",2364,119.12
"2365",2365,119.14
"2366",2366,119.12
"2367",2367,119.1
"2368",2368,119.07
"2369",2369,119.05
"2370",2370,119.07
"2371",2371,119.09
"2372",2372,119.11
"2373",2373,119.09
"2374",2374,119.09
"2375",2375,119.09
"2376",2376,119.09
"2377",2377,119.09
"2378",2378,119.09
"2379",2379,119.08
"2380",2380,119.06
"2381",2381,119.05
"2382",2382,119.09
"2383",2383,119.1
"2384",2384,119.09
"2385",2385,119.09
"2386",2386,119.07
"2387",2387,119.03
"2388",2388,119.02
"2389",2389,119.02
"2390",2390,119.03
"2391",2391,119.04
"2392",2392,119.05
"2393",2393,119.04
"2394",2394,119.02
"2395",2395,119.01
"2396",2396,119.01
"2397",2397,119.01
"2398",2398,119.01
"2399",2399,119.02
"2400",2400,119.02
"2401",2401,119.02
"2402",2402,119.02
"2403",2403,119.02
"2404",2404,119.02
"2405",2405,119.02
"2406",2406,119.02
"2407",2407,119.02
"2408",2408,119.03
"2409",2409,119.03
"2410",2410,119.03
"2411",2411,119.03
"2412",2412,119.02
"2413",2413,119.02
"2414",2414,119.01
"2415",2415,119.05
"2416",2416,119.05
"2417",2417,119.05
"2418",2418,119.03
"2419",2419,119.04
"2420",2420,119.04
"2421",2421,119.03
"2422",2422,119.03
"2423",2423,119.03
"2424",2424,119.02
"2425",2425,119.02
"2426",2426,119.03
"2427",2427,119.04
"2428",2428,119.04
"2429",2429,119.04
"2430",2430,119.04
"2431",2431,119.03
"2432",2432,119.03
"2433",2433,119.03
"2434",2434,119.03
"2435",2435,119.03
"2436",2436,119.02
"2437",2437,119.01
"2438",2438,119
"2439",2439,119
"2440",2440,119
"2441",2441,119
"2442",2442,118.99
"2443",2443,118.98
"2444",2444,118.98
"2445",2445,119.02
"2446",2446,119.03
"2447",2447,119.03
"2448",2448,119.04
"2449",2449,119.04
"2450",2450,119.04
"2451",2451,119.04
"2452",2452,119.03
"2453",2453,119.03
"2454",2454,119.03
"2455",2455,119.03
"2456",2456,119.02
"2457",2457,119.02
"2458",2458,119.02
"2459",2459,119.02
"2460",2460,119.02
"2461",2461,119.02
"2462",2462,119.01
"2463",2463,118.98
"2464",2464,118.95
"2465",2465,118.97
"2466",2466,118.93
"2467",2467,118.94
"2468",2468,118.94
"2469",2469,118.94
"2470",2470,118.94
"2471",2471,118.94
"2472",2472,118.94
"2473",2473,118.94
"2474",2474,118.95
"2475",2475,118.95
"2476",2476,118.95
"2477",2477,118.95
"2478",2478,118.97
"2479",2479,118.97
"2480",2480,118.94
"2481",2481,118.93
"2482",2482,118.93
"2483",2483,118.92
"2484",2484,118.92
"2485",2485,118.93
"2486",2486,118.94
"2487",2487,118.95
"2488",2488,118.95
"2489",2489,118.97
"2490",2490,118.98
"2491",2491,118.98
"2492",2492,118.98
"2493",2493,119.02
"2494",2494,118.99
"2495",2495,118.99
"2496",2496,119
"2497",2497,119.01
"2498",2498,119.02
"2499",2499,119.03
"2500",2500,119.03
"2501",2501,119.02
"2502",2502,119.01
"2503",2503,119.01
"2504",2504,119.02
"2505",2505,119.03
"2506",2506,119.03
"2507",2507,119.04
"2508",2508,119.04
"2509",2509,119.04
"2510",2510,119.04
"2511",2511,119.04
"2512",2512,119.03
"2513",2513,119.04
"2514",2514,119.03
"2515",2515,119.05
"2516",2516,119.06
"2517",2517,119.06
"2518",2518,119.06
"2519",2519,119.05
"2520",2520,119.05
"2521",2521,119.03
"2522",2522,119.03
"2523",2523,119.02
"2524",2524,119.01
"2525",2525,118.98
"2526",2526,118.98
"2527",2527,118.98
"2528",2528,118.99
"2529",2529,118.96
"2530",2530,119
"2531",2531,119.02
"2532",2532,119.05
"2533",2533,119.08
"2534",2534,119.1
"2535",2535,119.14
"2536",2536,119.16
"2537",2537,119.19
"2538",2538,119.22
"2539",2539,119.23
"2540",2540,119.23
"2541",2541,119.19
"2542",2542,119.16
"2543",2543,119.14
"2544",2544,119.1
"2545",2545,119.07
"2546",2546,119.05
"2547",2547,119
"2548",2548,118.98
"2549",2549,118.99
"2550",2550,119.03
"2551",2551,119.03
"2552",2552,119.13
"2553",2553,119.16
"2554",2554,119.16
"2555",2555,119.16
"2556",2556,119.14
"2557",2557,119.11
"2558",2558,119.09
"2559",2559,119.06
"2560",2560,119.03
"2561",2561,119.01
"2562",2562,118.97
"2563",2563,118.95
"2564",2564,118.97
"2565",2565,119.02
"2566",2566,119.06
"2567",2567,119.12
"2568",2568,119.18
"2569",2569,119.24
"2570",2570,119.29
"2571",2571,119.28
"2572",2572,119.27
"2573",2573,119.26
"2574",2574,119.24
"2575",2575,119.23
"2576",2576,119.2
"2577",2577,119.17
"2578",2578,119.14
"2579",2579,119.15
"2580",2580,119.18
"2581",2581,119.2
"2582",2582,119.17
"2583",2583,119.14
"2584",2584,119.16
"2585",2585,119.19
"2586",2586,119.23
"2587",2587,119.26
"2588",2588,119.28
"2589",2589,119.26
"2590",2590,119.23
"2591",2591,119.22
"2592",2592,119.22
"2593",2593,119.26
"2594",2594,119.3
"2595",2595,119.33
"2596",2596,119.32
"2597",2597,119.29
"2598",2598,119.27
"2599",2599,119.23
"2600",2600,119.2
"2601",2601,119.17
"2602",2602,119.14
"2603",2603,119.11
"2604",2604,119.09
"2605",2605,119.09
"2606",2606,119.06
"2607",2607,119.04
"2608",2608,119.02
"2609",2609,119.01
"2610",2610,118.98
"2611",2611,118.98
"2612",2612,119.04
"2613",2613,119.11
"2614",2614,119.14
"2615",2615,119.16
"2616",2616,119.16
"2617",2617,119.15
"2618",2618,119.16
"2619",2619,119.16
"2620",2620,119.16
"2621",2621,119.15
"2622",2622,119.14
"2623",2623,119.12
"2624",2624,119.11
"2625",2625,119.1
"2626",2626,119.09
"2627",2627,119.12
"2628",2628,119.15
"2629",2629,119.17
"2630",2630,119.19
"2631",2631,119.23
"2632",2632,119.27
"2633",2633,119.3
"2634",2634,119.31
"2635",2635,119.31
"2636",2636,119.3
"2637",2637,119.31
"2638",2638,119.3
"2639",2639,119.28
"2640",2640,119.25
"2641",2641,119.22
"2642",2642,119.19
"2643",2643,119.16
"2644",2644,119.12
"2645",2645,119.14
"2646",2646,119.12
"2647",2647,119.1
"2648",2648,119.08
"2649",2649,119.05
"2650",2650,119.03
"2651",2651,119.01
"2652",2652,119
"2653",2653,118.99
"2654",2654,118.99
"2655",2655,119.02
"2656",2656,119.05
"2657",2657,119.06
"2658",2658,119.06
"2659",2659,119.05
"2660",2660,119.05
"2661",2661,119.05
"2662",2662,119.04
"2663",2663,119.02
"2664",2664,119.01
"2665",2665,118.99
"2666",2666,118.98
"2667",2667,118.96
"2668",2668,118.97
"2669",2669,118.96
"2670",2670,119
"2671",2671,119.03
"2672",2672,119.04
"2673",2673,119.01
"2674",2674,119
"2675",2675,118.98
"2676",2676,118.95
"2677",2677,118.89
"2678",2678,118.85
"2679",2679,118.8
"2680",2680,118.77
"2681",2681,118.73
"2682",2682,118.7
"2683",2683,118.67
"2684",2684,118.63
"2685",2685,118.6
"2686",2686,118.56
"2687",2687,118.52
"2688",2688,118.49
"2689",2689,118.45
"2690",2690,118.42
"2691",2691,118.39
"2692",2692,118.35
"2693",2693,118.33
"2694",2694,118.33
"2695",2695,118.34
"2696",2696,118.35
"2697",2697,118.38
"2698",2698,118.42
"2699",2699,118.45
"2700",2700,118.48
"2701",2701,118.52
"2702",2702,118.55
"2703",2703,118.56
"2704",2704,118.59
"2705",2705,118.62
"2706",2706,118.64
"2707",2707,118.68
"2708",2708,118.71
"2709",2709,118.73
"2710",2710,118.75
"2711",2711,118.77
"2712",2712,118.79
"2713",2713,118.81
"2714",2714,118.87
"2715",2715,118.9
"2716",2716,118.92
"2717",2717,118.94
"2718",2718,118.93
"2719",2719,118.93
"2720",2720,118.95
"2721",2721,118.97
"2722",2722,118.95
"2723",2723,118.95
"2724",2724,118.95
"2725",2725,118.95
"2726",2726,118.95
"2727",2727,118.96
"2728",2728,118.96
"2729",2729,118.96
"2730",2730,118.96
"2731",2731,118.96
"2732",2732,118.96
"2733",2733,118.96
"2734",2734,118.96
"2735",2735,118.95
"2736",2736,118.95
"2737",2737,118.97
"2738",2738,118.97
"2739",2739,118.97
"2740",2740,118.96
"2741",2741,118.95
"2742",2742,118.95
"2743",2743,118.95
"2744",2744,118.96
"2745",2745,118.95
"2746",2746,118.95
"2747",2747,118.96
"2748",2748,118.97
"2749",2749,118.98
"2750",2750,118.98
"2751",2751,118.98
"2752",2752,118.97
"2753",2753,118.98
"2754",2754,118.97
"2755",2755,118.97
"2756",2756,118.97
"2757",2757,118.96
"2758",2758,118.95
"2759",2759,118.95
"2760",2760,118.94
"2761",2761,118.94
"2762",2762,118.95
"2763",2763,118.95
"2764",2764,118.95
"2765",2765,118.95
"2766",2766,118.95
"2767",2767,118.97
"2768",2768,119
"2769",2769,119.01
"2770",2770,119.03
"2771",2771,119.05
"2772",2772,119.07
"2773",2773,119.06
"2774",2774,119.05
"2775",2775,119.05
"2776",2776,119.05
"2777",2777,119.05
"2778",2778,119.04
"2779",2779,119.03
"2780",2780,119.05
"2781",2781,119.04
"2782",2782,119.04
"2783",2783,119.06
"2784",2784,119.07
"2785",2785,119.06
"2786",2786,119.08
"2787",2787,119.08
"2788",2788,119.07
"2789",2789,119.06
"2790",2790,119.05
"2791",2791,119.08
"2792",2792,119.08
"2793",2793,119.07
"2794",2794,119.06
"2795",2795,119.05
"2796",2796,119.05
"2797",2797,119.05
"2798",2798,119.04
"2799",2799,119.03
"2800",2800,119.02
"2801",2801,119.02
"2802",2802,119.02
"2803",2803,119.01
"2804",2804,119.01
"2805",2805,119.01
"2806",2806,119.01
"2807",2807,119.02
"2808",2808,119.02
"2809",2809,119.03
"2810",2810,119.02
"2811",2811,119.02
"2812",2812,119.02
"2813",2813,119.02
"2814",2814,119.01
"2815",2815,119.01
"2816",2816,119.01
"2817",2817,119.01
"2818",2818,119.01
"2819",2819,119.02
"2820",2820,119.03
"2821",2821,119.04
"2822",2822,119.05
"2823",2823,119.05
"2824",2824,119.06
"2825",2825,119.06
"2826",2826,119.06
"2827",2827,119.06
"2828",2828,119.06
"2829",2829,119.05
"2830",2830,119.05
"2831",2831,119.06
"2832",2832,119.07
"2833",2833,119.08
"2834",2834,119.03
"2835",2835,118.98
"2836",2836,118.94
"2837",2837,118.93
"2838",2838,118.93
"2839",2839,118.95
"2840",2840,118.96
"2841",2841,118.96
"2842",2842,118.96
"2843",2843,118.96
"2844",2844,118.96
"2845",2845,118.96
"2846",2846,118.96
"2847",2847,118.96
"2848",2848,118.97
"2849",2849,118.97
"2850",2850,118.97
"2851",2851,118.97
"2852",2852,119.09
"2853",2853,119.07
"2854",2854,119.04
"2855",2855,119.03
"2856",2856,119.02
"2857",2857,119.01
"2858",2858,119.03
"2859",2859,119.04
"2860",2860,119.04
"2861",2861,119.04
"2862",2862,119.04
"2863",2863,119.04
"2864",2864,119.03
"2865",2865,119.03
"2866",2866,119.04
"2867",2867,119.04
"2868",2868,119.04
"2869",2869,119.04
"2870",2870,119.03
"2871",2871,119.03
"2872",2872,119.03
"2873",2873,119.02
"2874",2874,119.02
"2875",2875,119.02
"2876",2876,119.02
"2877",2877,119.05
"2878",2878,119.05
"2879",2879,119.06
"2880",2880,119.06
"2881",2881,119.07
"2882",2882,119.07
"2883",2883,119.07
"2884",2884,119.06
"2885",2885,119.06
"2886",2886,119.08
"2887",2887,119.08
"2888",2888,119.09
"2889",2889,119.09
"2890",2890,119.08
"2891",2891,119.1
"2892",2892,119.16
"2893",2893,119.17
"2894",2894,119.15
"2895",2895,119.12
"2896",2896,119.08
"2897",2897,119.08
"2898",2898,119.06
"2899",2899,119.04
"2900",2900,119.04
"2901",2901,119.04
"2902",2902,119.04
"2903",2903,119.05
"2904",2904,119.05
"2905",2905,119.05
"2906",2906,119.02
"2907",2907,119
"2908",2908,119.01
"2909",2909,119.02
"2910",2910,119.02
"2911",2911,119.02
"2912",2912,119.02
"2913",2913,119.03
"2914",2914,119.03
"2915",2915,119.04
"2916",2916,119.06
"2917",2917,119.07
"2918",2918,119.08
"2919",2919,119.09
"2920",2920,119.08
"2921",2921,119.09
"2922",2922,119.06
"2923",2923,119.04
"2924",2924,119.03
"2925",2925,119.04
"2926",2926,119.09
"2927",2927,119.14
"2928",2928,119.14
"2929",2929,119.13
"2930",2930,119.12
"2931",2931,119.11
"2932",2932,119.09
"2933",2933,119.08
"2934",2934,119.08
"2935",2935,119.08
"2936",2936,119.09
"2937",2937,119.08
"2938",2938,119.07
"2939",2939,119.05
"2940",2940,119.05
"2941",2941,119.04
"2942",2942,119.03
"2943",2943,119.01
"2944",2944,119
"2945",2945,118.99
"2946",2946,119.01
"2947",2947,119
"2948",2948,118.99
"2949",2949,119.01
"2950",2950,119.03
"2951",2951,119.04
"2952",2952,119.05
"2953",2953,119.06
"2954",2954,119.06
"2955",2955,119.07
"2956",2956,119.08
"2957",2957,119.09
"2958",2958,119.09
"2959",2959,119.09
"2960",2960,119.08
"2961",2961,119.07
"2962",2962,119.05
"2963",2963,119.06
"2964",2964,119.03
"2965",2965,119.02
"2966",2966,119.02
"2967",2967,119
"2968",2968,118.98
"2969",2969,118.95
"2970",2970,118.94
"2971",2971,118.91
"2972",2972,118.89
"2973",2973,118.88
"2974",2974,118.86
"2975",2975,118.86
"2976",2976,118.84
"2977",2977,118.84
"2978",2978,118.87
"2979",2979,118.93
"2980",2980,118.97
"2981",2981,118.99
"2982",2982,119
"2983",2983,119.02
"2984",2984,119.02
"2985",2985,119.01
"2986",2986,119
"2987",2987,118.99
"2988",2988,119.01
"2989",2989,119.05
"2990",2990,119.08
"2991",2991,119.1
"2992",2992,119.09
"2993",2993,119.07
"2994",2994,119.05
"2995",2995,119.04
"2996",2996,119.06
"2997",2997,119.05
"2998",2998,119.03
"2999",2999,119.05
"3000",3000,119.08
"3001",3001,119.1
"3002",3002,119.12
"3003",3003,119.15
"3004",3004,119.17
"3005",3005,119.19
"3006",3006,119.21
"3007",3007,119.22
"3008",3008,119.23
"3009",3009,119.29
"3010",3010,119.33
"3011",3011,119.37
"3012",3012,119.4
"3013",3013,119.48
"3014",3014,119.52
"3015",3015,119.53
"3016",3016,119.54
"3017",3017,119.69
"3018",3018,119.76
"3019",3019,119.88
"3020",3020,120.03
"3021",3021,120.08
"3022",3022,120.11
"3023",3023,120.08
"3024",3024,120.05
"3025",3025,120.05
"3026",3026,120.05
"3027",3027,120.04
"3028",3028,120.02
"3029",3029,120.02
"3030",3030,120
"3031",3031,119.99
"3032",3032,119.99
"3033",3033,119.99
"3034",3034,120.01
"3035",3035,120.02
"3036",3036,120.01
"3037",3037,119.91
"3038",3038,119.91
"3039",3039,119.91
"3040",3040,119.89
"3041",3041,119.87
"3042",3042,119.86
"3043",3043,119.85
"3044",3044,119.84
"3045",3045,119.84
"3046",3046,119.81
"3047",3047,119.78
"3048",3048,119.79
"3049",3049,119.8
"3050",3050,119.78
"3051",3051,119.75
"3052",3052,119.73
"3053",3053,119.69
"3054",3054,119.66
"3055",3055,119.65
"3056",3056,119.68
"3057",3057,119.71
"3058",3058,119.73
"3059",3059,119.69
"3060",3060,119.69
"3061",3061,119.67
"3062",3062,119.62
"3063",3063,119.59
"3064",3064,119.58
"3065",3065,119.56
"3066",3066,119.54
"3067",3067,119.52
"3068",3068,119.56
"3069",3069,119.66
"3070",3070,119.68
"3071",3071,119.67
"3072",3072,119.66
"3073",3073,119.64
"3074",3074,119.62
"3075",3075,119.62
"3076",3076,119.6
"3077",3077,119.59
"3078",3078,119.59
"3079",3079,119.6
"3080",3080,119.66
"3081",3081,119.67
"3082",3082,119.66
"3083",3083,119.62
"3084",3084,119.6
"3085",3085,119.58
"3086",3086,119.54
"3087",3087,119.51
"3088",3088,119.47
"3089",3089,119.43
"3090",3090,119.42
"3091",3091,119.4
"3092",3092,119.37
"3093",3093,119.36
"3094",3094,119.34
"3095",3095,119.31
"3096",3096,119.27
"3097",3097,119.22
"3098",3098,119.19
"3099",3099,119.16
"3100",3100,119.12
"3101",3101,119.14
"3102",3102,119.15
"3103",3103,119.15
"3104",3104,119.16
"3105",3105,119.17
"3106",3106,119.17
"3107",3107,119.16
"3108",3108,119.15
"3109",3109,119.14
"3110",3110,119.12
"3111",3111,119.13
"3112",3112,119.13
"3113",3113,119.12
"3114",3114,119.11
"3115",3115,119.1
"3116",3116,119.09
"3117",3117,119.1
"3118",3118,119.1
"3119",3119,119.1
"3120",3120,119.09
"3121",3121,119.08
"3122",3122,119.08
"3123",3123,119.07
"3124",3124,119.05
"3125",3125,119.07
"3126",3126,119.07
"3127",3127,119.05
"3128",3128,119.09
"3129",3129,119.1
"3130",3130,119.09
"3131",3131,119.1
"3132",3132,119.09
"3133",3133,119.07
"3134",3134,119.05
"3135",3135,119.03
"3136",3136,119.03
"3137",3137,119.04
"3138",3138,119.03
"3139",3139,119.02
"3140",3140,119.04
"3141",3141,119.05
"3142",3142,119.03
"3143",3143,119.04
"3144",3144,119.02
"3145",3145,119.01
"3146",3146,118.99
"3147",3147,118.99
"3148",3148,119
"3149",3149,119.05
"3150",3150,119.11
"3151",3151,119.12
"3152",3152,119.09
"3153",3153,119.08
"3154",3154,119.08
"3155",3155,119.08
"3156",3156,119.06
"3157",3157,119.03
"3158",3158,119.03
"3159",3159,119.03
"3160",3160,119.02
"3161",3161,119.01
"3162",3162,118.99
"3163",3163,118.99
"3164",3164,118.98
"3165",3165,118.97
"3166",3166,118.97
"3167",3167,118.98
"3168",3168,118.98
"3169",3169,118.99
"3170",3170,118.98
"3171",3171,118.99
"3172",3172,118.99
"3173",3173,119.02
"3174",3174,119.15
"3175",3175,119.16
"3176",3176,119.16
"3177",3177,119.14
"3178",3178,119.14
"3179",3179,119.13
"3180",3180,119.12
"3181",3181,119.12
"3182",3182,119.12
"3183",3183,119.12
"3184",3184,119.11
"3185",3185,119.11
"3186",3186,119.11
"3187",3187,119.1
"3188",3188,119.09
"3189",3189,119.08
"3190",3190,119.07
"3191",3191,119.06
"3192",3192,119.05
"3193",3193,119.04
"3194",3194,119.02
"3195",3195,119.01
"3196",3196,119
"3197",3197,119
"3198",3198,118.99
"3199",3199,118.98
"3200",3200,118.98
"3201",3201,118.97
"3202",3202,118.97
"3203",3203,118.98
"3204",3204,118.99
"3205",3205,119.01
"3206",3206,119.01
"3207",3207,119.01
"3208",3208,119.02
"3209",3209,119.01
"3210",3210,119.01
"3211",3211,119.01
"3212",3212,119.01
"3213",3213,119
"3214",3214,118.99
"3215",3215,118.98
"3216",3216,118.98
"3217",3217,118.98
"3218",3218,118.98
"3219",3219,118.98
"3220",3220,119.04
"3221",3221,119.08
"3222",3222,119.14
"3223",3223,119.13
"3224",3224,119.12
"3225",3225,119.23
"3226",3226,119.36
"3227",3227,119.4
"3228",3228,119.4
"3229",3229,119.39
"3230",3230,119.37
"3231",3231,119.35
"3232",3232,119.34
"3233",3233,119.29
"3234",3234,119.27
"3235",3235,119.25
"3236",3236,119.22
"3237",3237,119.19
"3238",3238,119.16
"3239",3239,119.12
"3240",3240,119.1
"3241",3241,119.08
"3242",3242,119.05
"3243",3243,119.03
"3244",3244,119
"3245",3245,118.98
"3246",3246,118.97
"3247",3247,118.98
"3248",3248,118.99
"3249",3249,119.02
"3250",3250,119.04
"3251",3251,119.05
"3252",3252,119.05
"3253",3253,119.06
"3254",3254,119.05
"3255",3255,119.05
"3256",3256,119.05
"3257",3257,119.05
"3258",3258,119.05
"3259",3259,119.06
"3260",3260,119.06
"3261",3261,119.07
"3262",3262,119.1
"3263",3263,119.11
"3264",3264,119.13
"3265",3265,119.14
"3266",3266,119.17
"3267",3267,119.18
"3268",3268,119.18
"3269",3269,119.2
"3270",3270,119.21
"3271",3271,119.21
"3272",3272,119.21
"3273",3273,119.21
"3274",3274,119.2
"3275",3275,119.2
"3276",3276,119.19
"3277",3277,119.19
"3278",3278,119.19
"3279",3279,119.21
"3280",3280,119.23
"3281",3281,119.26
"3282",3282,119.27
"3283",3283,119.24
"3284",3284,119.24
"3285",3285,119.23
"3286",3286,119.22
"3287",3287,119.22
"3288",3288,119.22
"3289",3289,119.21
"3290",3290,119.2
"3291",3291,119.18
"3292",3292,119.16
"3293",3293,119.13
"3294",3294,119.1
"3295",3295,119.07
"3296",3296,119.04
"3297",3297,119.01
"3298",3298,118.97
"3299",3299,118.95
"3300",3300,119.03
"3301",3301,119.14
"3302",3302,119.17
"3303",3303,119.17
"3304",3304,119.16
"3305",3305,119.17
"3306",3306,119.15
"3307",3307,119.11
"3308",3308,119.07
"3309",3309,119.04
"3310",3310,119.01
"3311",3311,119.02
"3312",3312,119.02
"3313",3313,118.98
"3314",3314,118.95
"3315",3315,118.93
"3316",3316,118.91
"3317",3317,118.88
"3318",3318,118.85
"3319",3319,118.8
"3320",3320,118.78
"3321",3321,118.73
"3322",3322,118.69
"3323",3323,118.68
"3324",3324,118.66
"3325",3325,118.63
"3326",3326,118.64
"3327",3327,118.63
"3328",3328,118.62
"3329",3329,118.65
"3330",3330,118.74
"3331",3331,118.82
"3332",3332,118.86
"3333",3333,118.87
"3334",3334,118.88
"3335",3335,118.89
"3336",3336,118.91
"3337",3337,118.92
"3338",3338,118.94
"3339",3339,118.97
"3340",3340,118.99
"3341",3341,119.01
"3342",3342,119.01
"3343",3343,119.02
"3344",3344,119.03
"3345",3345,119.05
"3346",3346,119.05
"3347",3347,119.04
"3348",3348,119.03
"3349",3349,119.15
"3350",3350,119.21
"3351",3351,119.23
"3352",3352,119.22
"3353",3353,119.2
"3354",3354,119.23
"3355",3355,119.23
"3356",3356,119.21
"3357",3357,119.19
"3358",3358,119.17
"3359",3359,119.16
"3360",3360,119.17
"3361",3361,119.16
"3362",3362,119.14
"3363",3363,119.12
"3364",3364,119.1
"3365",3365,119.08
"3366",3366,119.06
"3367",3367,119.05
"3368",3368,119.04
"3369",3369,119.03
"3370",3370,119.02
"3371",3371,119.02
"3372",3372,119.02
"3373",3373,119.01
"3374",3374,119
"3375",3375,119
"3376",3376,119.02
"3377",3377,119.04
"3378",3378,119.05
"3379",3379,119.06
"3380",3380,119.06
"3381",3381,119.1
"3382",3382,119.13
"3383",3383,119.15
"3384",3384,119.2
"3385",3385,119.22
"3386",3386,119.22
"3387",3387,119.22
"3388",3388,119.22
"3389",3389,119.21
"3390",3390,119.2
"3391",3391,119.17
"3392",3392,119.16
"3393",3393,119.2
"3394",3394,119.31
"3395",3395,119.43
"3396",3396,119.37
"3397",3397,119.38
"3398",3398,119.35
"3399",3399,119.32
"3400",3400,119.29
"3401",3401,119.24
"3402",3402,119.21
"3403",3403,119.21
"3404",3404,119.21
"3405",3405,119.21
"3406",3406,119.19
"3407",3407,119.18
"3408",3408,119.16
"3409",3409,119.16
"3410",3410,119.13
"3411",3411,119.11
"3412",3412,119.1
"3413",3413,119.09
"3414",3414,119.1
"3415",3415,119.1
"3416",3416,119.09
"3417",3417,119.07
"3418",3418,119.05
"3419",3419,119.03
"3420",3420,119.02
"3421",3421,119
"3422",3422,118.98
"3423",3423,118.98
"3424",3424,119.01
"3425",3425,119.02
"3426",3426,119.03
"3427",3427,119.05
"3428",3428,119.06
"3429",3429,119.05
"3430",3430,119.05
"3431",3431,119.04
"3432",3432,119.02
"3433",3433,119.02
"3434",3434,119.04
"3435",3435,119.05
"3436",3436,119.06
"3437",3437,119.05
"3438",3438,119.04
"3439",3439,119.02
"3440",3440,119.02
"3441",3441,119.02
"3442",3442,119.03
"3443",3443,119.05
"3444",3444,119.03
"3445",3445,119.05
"3446",3446,119.03
"3447",3447,119.03
"3448",3448,119.04
"3449",3449,119.05
"3450",3450,119.04
"3451",3451,119.02
"3452",3452,119
"3453",3453,118.99
"3454",3454,118.99
"3455",3455,118.99
"3456",3456,118.98
"3457",3457,118.98
"3458",3458,118.98
"3459",3459,118.95
"3460",3460,118.92
"3461",3461,118.93
"3462",3462,118.96
"3463",3463,119.01
"3464",3464,119.05
"3465",3465,119.02
"3466",3466,119.04
"3467",3467,119.11
"3468",3468,119.12
"3469",3469,119.12
"3470",3470,119.12
"3471",3471,119.11
"3472",3472,119.09
"3473",3473,119.05
"3474",3474,119.04
"3475",3475,119.05
"3476",3476,119.04
"3477",3477,119.03
"3478",3478,119.01
"3479",3479,119
"3480",3480,118.99
"3481",3481,119
"3482",3482,119.01
"3483",3483,119.03
"3484",3484,119.03
"3485",3485,119.02
"3486",3486,119.1
"3487",3487,119.12
"3488",3488,119.11
"3489",3489,119.1
"3490",3490,119.1
"3491",3491,119.1
"3492",3492,119.09
"3493",3493,119.08
"3494",3494,119.08
"3495",3495,119.08
"3496",3496,119.07
"3497",3497,119.06
"3498",3498,119.05
"3499",3499,119.04
"3500",3500,119.06
"3501",3501,119.07
"3502",3502,119.05
"3503",3503,119.05
"3504",3504,119.09
"3505",3505,119.11
"3506",3506,119.1
"3507",3507,119.05
"3508",3508,119.07
"3509",3509,119.09
"3510",3510,119.12
"3511",3511,119.21
"3512",3512,119.24
"3513",3513,119.27
"3514",3514,119.34
"3515",3515,119.31
"3516",3516,119.28
"3517",3517,119.25
"3518",3518,119.24
"3519",3519,119.21
"3520",3520,119.19
"3521",3521,119.15
"3522",3522,119.13
"3523",3523,119.14
"3524",3524,119.13
"3525",3525,119.12
"3526",3526,119.11
"3527",3527,119.1
"3528",3528,119.09
"3529",3529,119.09
"3530",3530,119.09
"3531",3531,119.09
"3532",3532,119.08
"3533",3533,119.08
"3534",3534,119.07
"3535",3535,119.06
"3536",3536,119.05
"3537",3537,119.06
"3538",3538,119.07
"3539",3539,119.08
"3540",3540,119.08
"3541",3541,119.09
"3542",3542,119.08
"3543",3543,119.09
"3544",3544,119.09
"3545",3545,119.08
"3546",3546,119.07
"3547",3547,119.05
"3548",3548,119.05
"3549",3549,119.13
"3550",3550,119.15
"3551",3551,119.15
"3552",3552,119.16
"3553",3553,119.16
"3554",3554,119.13
"3555",3555,119.12
"3556",3556,119.17
"3557",3557,119.22
"3558",3558,119.26
"3559",3559,119.25
"3560",3560,119.22
"3561",3561,119.17
"3562",3562,119.1
"3563",3563,119.1
"3564",3564,119.12
"3565",3565,119.1
"3566",3566,119.1
"3567",3567,119.1
"3568",3568,119.11
"3569",3569,119.08
"3570",3570,119.07
"3571",3571,119.05
"3572",3572,119.12
"3573",3573,119.19
"3574",3574,119.22
"3575",3575,119.23
"3576",3576,119.22
"3577",3577,119.22
"3578",3578,119.19
"3579",3579,119.18
"3580",3580,119.18
"3581",3581,119.17
"3582",3582,119.17
"3583",3583,119.17
"3584",3584,119.18
"3585",3585,119.18
"3586",3586,119.17
"3587",3587,119.2
"3588",3588,119.23
"3589",3589,119.23
"3590",3590,119.21
"3591",3591,119.19
"3592",3592,119.16
"3593",3593,119.15
"3594",3594,119.28
"3595",3595,119.45
"3596",3596,119.51
"3597",3597,119.53
"3598",3598,119.58
"3599",3599,119.59
"3600",3600,119.58
"3601",3601,119.68
"3602",3602,119.74
"3603",3603,119.75
"3604",3604,119.76
"3605",3605,119.88
"3606",3606,119.91
"3607",3607,119.98
"3608",3608,120.02
"3609",3609,120.01
"3610",3610,120
"3611",3611,120.02
"3612",3612,120.02
"3613",3613,120.01
"3614",3614,119.98
"3615",3615,119.94
"3616",3616,119.93
"3617",3617,119.93
"3618",3618,120.03
"3619",3619,120.16
"3620",3620,120.2
"3621",3621,120.19
"3622",3622,120.17
"3623",3623,120.21
"3624",3624,120.29
"3625",3625,120.33
"3626",3626,120.34
"3627",3627,120.32
"3628",3628,120.29
"3629",3629,120.25
"3630",3630,120.2
"3631",3631,120.17
"3632",3632,120.11
"3633",3633,120.05
"3634",3634,119.99
"3635",3635,119.94
"3636",3636,119.89
"3637",3637,119.82
"3638",3638,119.77
"3639",3639,119.7
"3640",3640,119.63
"3641",3641,119.57
"3642",3642,119.58
"3643",3643,119.69
"3644",3644,119.73
"3645",3645,119.73
"3646",3646,119.69
"3647",3647,119.66
"3648",3648,119.61
"3649",3649,119.55
"3650",3650,119.55
"3651",3651,119.52
"3652",3652,119.47
