JDAY	WSE
1	120.06
2	120.05
3	120.04
4	120.02
5	120.01
6	119.99
7	119.98
8	120.01
9	120.00
10	119.98
11	119.97
12	119.96
13	119.93
14	119.90
15	119.87
16	119.84
17	119.79
18	119.76
19	119.74
20	119.72
21	119.68
22	119.64
23	119.60
24	119.55
25	119.51
26	119.48
27	119.44
28	119.40
29	119.39
30	119.36
31	119.31
32	119.27
33	119.24
34	119.19
35	119.16
36	119.11
37	119.07
38	119.01
39	118.96
40	118.94
41	118.90
42	118.84
43	118.82
44	118.80
45	118.78
46	118.75
47	118.72
48	118.70
49	118.66
50	118.63
51	118.60
52	118.55
53	118.52
54	118.50
55	118.48
56	118.44
57	118.41
58	118.40
59	118.42
60	118.47
61	118.49
62	118.52
63	118.52
64	118.52
65	118.51
66	118.50
67	118.52
68	118.57
69	118.61
70	118.65
71	118.70
72	118.74
73	118.77
74	118.79
75	118.80
76	118.81
77	118.83
78	118.83
79	118.84
80	118.86
81	118.86
82	118.86
83	118.85
84	118.85
85	118.83
86	118.83
87	118.82
88	118.83
89	118.84
90	118.87
91	118.88
92	118.88
93	118.88
94	118.91
95	118.94
96	118.94
97	118.98
98	119.03
99	119.05
100	119.05
101	119.08
102	119.10
103	119.11
104	119.11
105	119.11
106	119.10
107	119.09
108	119.08
109	119.06
110	119.05
111	119.06
112	119.10
113	119.15
114	119.18
115	119.19
116	119.18
117	119.17
118	119.17
119	119.16
120	119.13
121	119.11
122	119.09
123	119.07
124	119.06
125	119.03
126	119.10
127	119.05
128	119.09
129	119.12
130	119.14
131	119.13
132	119.14
133	119.16
134	119.16
135	119.16
136	119.16
137	119.15
138	119.15
139	119.15
140	119.14
141	119.11
142	119.09
143	119.05
144	119.03
145	119.01
146	118.98
147	118.96
148	118.95
149	118.94
150	118.93
151	118.91
152	118.89
153	118.86
154	118.85
155	118.85
156	118.85
157	118.83
158	118.82
159	118.81
160	118.80
161	118.80
162	118.80
163	118.84
164	118.87
165	118.89
166	118.91
167	118.91
168	118.89
169	118.88
170	118.91
171	118.94
172	118.96
173	118.98
174	119.00
175	119.01
176	119.02
177	119.02
178	119.02
179	118.99
180	118.97
181	118.97
182	118.98
183	119.11
184	119.26
185	119.34
186	119.37
187	119.39
188	119.41
189	119.44
190	119.49
191	119.52
192	119.52
193	119.53
194	119.52
195	119.51
196	119.50
197	119.48
198	119.45
199	119.46
200	119.45
201	119.44
202	119.42
203	119.43
204	119.43
205	119.47
206	119.68
207	119.70
208	119.69
209	119.67
210	119.63
211	119.62
212	119.60
213	119.66
214	119.66
215	119.65
216	119.63
217	119.60
218	119.58
219	119.53
220	119.48
221	119.44
222	119.41
223	119.38
224	119.36
225	119.33
226	119.32
227	119.30
228	119.27
229	119.24
230	119.22
231	119.15
232	119.10
233	119.06
234	119.05
235	119.01
236	119.00
237	118.98
238	118.98
239	118.98
240	118.98
241	119.04
242	119.09
243	119.11
244	119.11
245	119.08
246	119.06
247	119.03
248	119.03
249	119.02
250	119.02
251	119.01
252	119.00
253	118.99
254	118.98
255	119.00
256	119.00
257	119.00
258	119.00
259	119.00
260	118.99
261	118.98
262	118.97
263	118.97
264	118.97
265	118.96
266	118.97
267	118.97
268	118.97
269	118.97
270	118.99
271	119.00
272	119.02
273	119.03
274	119.02
275	119.02
276	119.00
277	118.99
278	118.96
279	118.95
280	118.97
281	118.98
282	118.98
283	118.99
284	118.99
285	118.99
286	118.99
287	118.99
288	118.99
289	118.99
290	118.98
291	118.97
292	118.98
293	118.98
294	118.97
295	118.95
296	118.95
297	118.95
298	118.98
299	118.99
300	118.99
301	119.00
302	119.04
303	119.05
304	119.05
305	119.04
306	119.03
307	119.01
308	119.00
309	118.97
310	118.95
311	118.92
312	118.90
313	118.89
314	118.88
315	118.88
316	118.88
317	118.88
318	118.91
319	118.98
320	119.01
321	119.03
322	119.05
323	119.06
324	119.05
325	119.07
326	119.06
327	119.06
328	119.05
329	119.02
330	118.99
331	118.96
332	118.93
333	118.89
334	118.86
335	118.85
336	118.82
337	118.81
338	118.84
339	118.87
340	118.91
341	118.92
342	118.94
343	118.95
344	119.02
345	119.06
346	119.10
347	119.12
348	119.16
349	119.18
350	119.19
351	119.20
352	119.19
353	119.17
354	119.17
355	119.16
356	119.15
357	119.13
358	119.11
359	119.09
360	119.08
361	119.09
362	119.15
363	119.17
364	119.17
365	119.17
366	119.16
367	119.17
368	119.16
369	119.15
370	119.14
371	119.13
372	119.11
373	119.09
374	119.07
375	119.05
376	119.02
377	119.01
378	118.99
379	118.97
380	118.96
381	118.98
382	118.99
383	119.04
384	119.05
385	119.06
386	119.08
387	119.09
388	119.06
389	119.04
390	119.02
391	119.10
392	119.20
393	119.24
394	119.27
395	119.27
396	119.26
397	119.26
398	119.24
399	119.23
400	119.22
401	119.19
402	119.15
403	119.12
404	119.09
405	119.07
406	119.05
407	119.04
408	119.02
409	118.99
410	118.97
411	118.95
412	118.93
413	118.93
414	118.91
415	118.88
416	118.89
417	118.90
418	118.91
419	118.91
420	118.94
421	119.02
422	119.30
423	119.62
424	119.73
425	119.77
426	119.81
427	119.82
428	119.87
429	119.87
430	119.87
431	119.88
432	119.88
433	119.88
434	119.88
435	119.88
436	119.88
437	119.89
438	120.17
439	120.60
440	120.81
441	120.69
442	120.61
443	120.55
444	120.49
445	120.45
446	120.43
447	120.48
448	120.55
449	120.56
450	120.52
451	120.49
452	120.46
453	120.44
454	120.52
455	120.76
456	120.72
457	120.64
458	120.56
459	120.51
460	120.48
461	120.44
462	120.41
463	120.38
464	120.33
465	120.30
466	120.27
467	120.24
468	120.17
469	120.10
470	120.01
471	119.94
472	119.89
473	119.83
474	119.77
475	119.71
476	119.65
477	119.59
478	119.51
479	119.43
480	119.34
481	119.28
482	119.22
483	119.15
484	119.08
485	119.03
486	118.96
487	118.91
488	118.88
489	118.87
490	118.83
491	118.80
492	118.85
493	118.91
494	118.98
495	119.03
496	119.05
497	119.05
498	119.03
499	119.01
500	118.97
501	118.95
502	118.91
503	118.88
504	118.88
505	118.88
506	118.90
507	118.91
508	118.91
509	118.90
510	118.89
511	118.89
512	118.89
513	118.89
514	118.88
515	118.89
516	118.88
517	118.88
518	118.89
519	118.89
520	118.88
521	118.89
522	118.91
523	118.91
524	118.91
525	118.91
526	118.92
527	118.94
528	118.93
529	118.94
530	118.94
531	118.94
532	118.93
533	118.91
534	118.89
535	118.87
536	118.86
537	118.86
538	118.87
539	118.88
540	118.88
541	118.91
542	118.90
543	118.88
544	118.88
545	118.87
546	118.87
547	118.88
548	118.89
549	118.91
550	118.92
551	118.94
552	118.95
553	118.95
554	118.95
555	118.95
556	118.97
557	119.02
558	119.03
559	119.04
560	119.03
561	119.01
562	119.01
563	119.02
564	119.02
565	119.01
566	119.00
567	118.98
568	118.97
569	118.95
570	118.97
571	118.97
572	118.96
573	118.95
574	118.94
575	118.94
576	118.94
577	118.94
578	118.94
579	118.95
580	118.94
581	118.94
582	118.94
583	118.95
584	118.95
585	118.95
586	118.95
587	118.95
588	118.95
589	118.95
590	118.95
591	118.95
592	118.95
593	118.96
594	118.97
595	118.97
596	118.97
597	118.97
598	118.96
599	118.97
600	118.99
601	119.00
602	119.01
603	119.02
604	119.01
605	119.00
606	118.98
607	118.97
608	118.95
609	118.94
610	118.88
611	118.78
612	118.72
613	118.70
614	118.73
615	118.74
616	118.74
617	118.77
618	118.79
619	118.81
620	118.83
621	118.84
622	118.87
623	118.89
624	118.89
625	118.90
626	118.91
627	118.92
628	118.93
629	118.94
630	118.94
631	118.94
632	118.93
633	118.93
634	118.94
635	118.94
636	118.95
637	118.98
638	118.95
639	118.91
640	118.93
641	118.90
642	118.87
643	118.88
644	118.94
645	118.99
646	119.02
647	119.05
648	119.09
649	119.11
650	119.13
651	119.09
652	119.05
653	119.05
654	119.03
655	119.00
656	118.97
657	118.92
658	118.89
659	118.91
660	118.93
661	118.95
662	118.97
663	118.98
664	119.00
665	118.95
666	118.96
667	118.98
668	119.00
669	119.01
670	119.02
671	119.02
672	119.02
673	119.01
674	119.06
675	119.08
676	119.08
677	119.09
678	119.08
679	119.06
680	119.03
681	119.00
682	118.97
683	118.94
684	118.91
685	118.88
686	118.91
687	118.96
688	118.99
689	119.00
690	119.01
691	119.02
692	119.02
693	119.02
694	119.01
695	119.02
696	119.02
697	119.02
698	119.02
699	119.02
700	119.02
701	119.05
702	119.08
703	119.08
704	119.08
705	119.07
706	119.06
707	119.03
708	119.00
709	118.97
710	118.94
711	118.92
712	118.99
713	119.06
714	119.08
715	119.07
716	119.05
717	119.02
718	118.99
719	118.97
720	118.94
721	118.96
722	119.00
723	119.05
724	119.09
725	119.12
726	119.18
727	119.21
728	119.21
729	119.19
730	119.16
731	119.14
732	119.13
733	119.11
734	119.10
735	119.09
736	119.04
737	119.01
738	119.01
739	119.00
740	119.00
741	118.99
742	119.00
743	119.00
744	118.98
745	118.95
746	118.91
747	118.89
748	118.87
749	118.89
750	118.89
751	118.88
752	118.85
753	118.82
754	118.79
755	118.77
756	118.74
757	118.73
758	118.70
759	118.66
760	118.64
761	118.61
762	118.59
763	118.58
764	118.55
765	118.50
766	118.45
767	118.42
768	118.40
769	118.38
770	118.35
771	118.32
772	118.29
773	118.25
774	118.22
775	118.19
776	118.16
777	118.13
778	118.09
779	118.07
780	118.04
781	118.03
782	118.02
783	118.01
784	118.01
785	118.01
786	118.01
787	118.04
788	118.04
789	118.04
790	118.07
791	118.07
792	118.08
793	118.07
794	118.07
795	118.08
796	118.24
797	118.61
798	118.77
799	118.86
800	118.92
801	119.12
802	119.25
803	119.32
804	119.36
805	119.36
806	119.44
807	119.47
808	119.49
809	119.50
810	119.48
811	119.45
812	119.42
813	119.38
814	119.32
815	119.26
816	119.20
817	119.14
818	119.11
819	119.06
820	119.03
821	119.03
822	119.01
823	119.00
824	118.99
825	119.00
826	119.01
827	119.02
828	119.00
829	118.98
830	118.95
831	118.93
832	118.90
833	118.87
834	118.88
835	118.87
836	118.84
837	118.94
838	119.08
839	119.15
840	119.19
841	119.21
842	119.21
843	119.20
844	119.22
845	119.23
846	119.22
847	119.20
848	119.17
849	119.16
850	119.12
851	119.09
852	119.05
853	119.01
854	118.97
855	118.95
856	118.91
857	118.87
858	118.83
859	118.80
860	118.76
861	118.72
862	118.69
863	118.67
864	118.64
865	118.64
866	118.67
867	118.69
868	118.73
869	118.76
870	118.79
871	118.81
872	118.82
873	118.82
874	118.83
875	118.81
876	118.78
877	118.78
878	118.80
879	118.81
880	118.82
881	118.82
882	118.82
883	118.87
884	118.88
885	118.88
886	118.87
887	118.86
888	118.86
889	118.85
890	118.86
891	118.85
892	118.88
893	118.93
894	118.95
895	118.95
896	118.95
897	118.93
898	118.91
899	118.92
900	118.92
901	118.92
902	118.91
903	118.89
904	118.95
905	118.98
906	119.02
907	119.07
908	119.10
909	119.10
910	119.10
911	119.10
912	119.09
913	119.07
914	119.05
915	119.04
916	119.02
917	118.99
918	118.97
919	118.95
920	118.94
921	118.92
922	118.91
923	118.87
924	118.83
925	118.80
926	118.77
927	118.74
928	118.71
929	118.69
930	118.64
931	118.59
932	118.52
933	118.42
934	118.35
935	118.31
936	118.27
937	118.28
938	118.28
939	118.27
940	118.27
941	118.30
942	118.32
943	118.34
944	118.34
945	118.37
946	118.39
947	118.41
948	118.42
949	118.45
950	118.48
951	118.50
952	118.58
953	118.62
954	118.65
955	118.67
956	118.70
957	118.75
958	118.84
959	118.89
960	118.92
961	118.92
962	118.94
963	118.94
964	118.95
965	118.95
966	118.94
967	118.85
968	118.77
969	118.71
970	118.77
971	118.90
972	118.93
973	118.92
974	118.88
975	118.89
976	118.90
977	118.91
978	118.91
979	118.93
980	118.92
981	118.98
982	119.23
983	119.31
984	119.31
985	119.30
986	119.27
987	119.22
988	119.16
989	119.11
990	119.04
991	118.99
992	118.95
993	118.91
994	118.92
995	118.92
996	118.94
997	118.99
998	119.02
999	119.02
1000	119.00
1001	118.98
1002	119.00
1003	119.02
1004	119.03
1005	119.03
1006	119.02
1007	119.04
1008	119.04
1009	119.05
1010	119.03
1011	119.01
1012	118.99
1013	118.97
1014	118.95
1015	118.93
1016	118.92
1017	118.93
1018	118.96
1019	118.96
1020	118.95
1021	118.93
1022	118.92
1023	118.97
1024	119.02
1025	119.05
1026	119.07
1027	119.08
1028	119.07
1029	119.06
1030	119.06
1031	119.09
1032	119.11
1033	119.15
1034	119.15
1035	119.14
1036	119.12
1037	119.12
1038	119.11
1039	119.10
1040	119.09
1041	119.07
1042	119.05
1043	119.02
1044	118.99
1045	119.00
1046	119.00
1047	118.99
1048	118.98
1049	118.95
1050	118.92
1051	118.92
1052	118.92
1053	118.92
1054	118.91
1055	118.91
1056	118.90
1057	118.93
1058	118.96
1059	118.98
1060	118.98
1061	118.97
1062	118.95
1063	118.94
1064	118.97
1065	119.02
1066	119.04
1067	119.05
1068	119.04
1069	119.03
1070	119.01
1071	118.99
1072	119.09
1073	119.20
1074	119.27
1075	119.29
1076	119.29
1077	119.29
1078	119.27
1079	119.24
1080	119.22
1081	119.18
1082	119.15
1083	119.12
1084	119.08
1085	119.04
1086	119.03
1087	119.04
1088	119.05
1089	119.05
1090	119.04
1091	119.02
1092	119.04
1093	119.06
1094	119.05
1095	119.04
1096	119.02
1097	119.01
1098	118.99
1099	118.97
1100	118.95
1101	118.92
1102	118.89
1103	118.87
1104	118.86
1105	118.88
1106	118.89
1107	118.89
1108	118.92
1109	118.94
1110	118.94
1111	118.94
1112	118.95
1113	118.96
1114	118.98
1115	119.00
1116	119.02
1117	119.04
1118	119.05
1119	119.05
1120	119.05
1121	119.05
1122	119.05
1123	119.12
1124	119.16
1125	119.18
1126	119.18
1127	119.16
1128	119.14
1129	119.11
1130	119.08
1131	119.05
1132	119.05
1133	119.05
1134	119.06
1135	119.06
1136	119.05
1137	119.06
1138	119.06
1139	119.06
1140	119.05
1141	119.04
1142	119.03
1143	119.04
1144	119.05
1145	119.05
1146	119.06
1147	119.06
1148	119.05
1149	119.04
1150	119.03
1151	119.05
1152	119.06
1153	119.07
1154	119.06
1155	119.05
1156	119.07
1157	119.07
1158	119.09
1159	119.09
1160	119.10
1161	119.11
1162	119.12
1163	119.16
1164	119.23
1165	119.27
1166	119.28
1167	119.28
1168	119.26
1169	119.23
1170	119.21
1171	119.19
1172	119.18
1173	119.16
1174	119.15
1175	119.14
1176	119.13
1177	119.12
1178	119.11
1179	119.09
1180	119.09
1181	119.09
1182	119.08
1183	119.05
1184	119.05
1185	119.08
1186	119.06
1187	119.06
1188	119.06
1189	119.05
1190	119.05
1191	119.04
1192	119.05
1193	119.04
1194	119.05
1195	119.06
1196	119.08
1197	119.07
1198	119.07
1199	119.08
1200	119.08
1201	119.09
1202	119.08
1203	119.08
1204	119.08
1205	119.08
1206	119.07
1207	119.03
1208	119.00
1209	119.05
1210	119.10
1211	119.10
1212	119.09
1213	119.08
1214	119.08
1215	119.08
1216	119.07
1217	119.06
1218	119.09
1219	119.09
1220	119.09
1221	119.09
1222	119.09
1223	119.08
1224	119.06
1225	119.06
1226	119.06
1227	119.06
1228	119.05
1229	119.03
1230	119.01
1231	119.02
1232	119.03
1233	119.03
1234	119.02
1235	119.01
1236	119.00
1237	118.98
1238	118.99
1239	119.02
1240	119.04
1241	119.04
1242	119.03
1243	119.02
1244	119.01
1245	119.00
1246	119.00
1247	119.01
1248	119.00
1249	119.03
1250	119.11
1251	119.14
1252	119.16
1253	119.16
1254	119.14
1255	119.12
1256	119.09
1257	119.08
1258	119.06
1259	119.05
1260	119.04
1261	119.04
1262	119.03
1263	119.02
1264	119.00
1265	118.98
1266	118.98
1267	118.97
1268	118.96
1269	118.95
1270	118.96
1271	118.98
1272	118.98
1273	119.02
1274	119.03
1275	119.03
1276	119.02
1277	119.01
1278	119.00
1279	118.99
1280	119.00
1281	118.99
1282	118.99
1283	118.99
1284	118.98
1285	118.98
1286	118.98
1287	118.98
1288	118.99
1289	118.98
1290	118.98
1291	118.97
1292	118.97
1293	118.97
1294	118.95
1295	118.95
1296	118.95
1297	118.97
1298	118.98
1299	118.97
1300	118.96
1301	118.97
1302	118.97
1303	118.96
1304	118.95
1305	118.97
1306	119.00
1307	119.00
1308	119.00
1309	119.01
1310	119.01
1311	119.01
1312	119.01
1313	119.01
1314	119.03
1315	119.02
1316	119.00
1317	118.99
1318	118.98
1319	119.02
1320	119.03
1321	119.03
1322	119.03
1323	119.03
1324	119.07
1325	119.08
1326	119.09
1327	119.10
1328	119.10
1329	119.09
1330	119.08
1331	119.06
1332	119.05
1333	119.02
1334	119.00
1335	118.99
1336	118.97
1337	118.95
1338	118.93
1339	118.92
1340	118.92
1341	118.93
1342	118.94
1343	118.95
1344	118.98
1345	118.99
1346	118.98
1347	118.97
1348	118.97
1349	118.95
1350	118.94
1351	118.94
1352	118.93
1353	118.92
1354	118.93
1355	118.93
1356	118.94
1357	118.94
1358	118.97
1359	118.97
1360	118.96
1361	118.95
1362	118.94
1363	118.94
1364	118.93
1365	118.95
1366	118.98
1367	119.00
1368	119.06
1369	119.09
1370	119.12
1371	119.14
1372	119.17
1373	119.20
1374	119.22
1375	119.23
1376	119.24
1377	119.26
1378	119.27
1379	119.27
1380	119.29
1381	119.30
1382	119.30
1383	119.31
1384	119.32
1385	119.27
1386	119.23
1387	119.19
1388	119.14
1389	119.12
1390	119.09
1391	119.05
1392	119.02
1393	118.98
1394	118.95
1395	118.93
1396	118.87
1397	118.81
1398	118.78
1399	118.84
1400	118.88
1401	118.87
1402	118.91
1403	118.96
1404	118.99
1405	119.02
1406	119.05
1407	119.07
1408	119.11
1409	119.14
1410	119.18
1411	119.21
1412	119.23
1413	119.28
1414	119.30
1415	119.28
1416	119.25
1417	119.21
1418	119.17
1419	119.14
1420	119.11
1421	119.08
1422	119.04
1423	119.02
1424	118.98
1425	118.95
1426	118.92
1427	118.94
1428	118.98
1429	119.01
1430	119.03
1431	119.07
1432	119.10
1433	119.12
1434	119.15
1435	119.18
1436	119.21
1437	119.23
1438	119.27
1439	119.30
1440	119.34
1441	119.31
1442	119.28
1443	119.25
1444	119.21
1445	119.17
1446	119.14
1447	119.11
1448	119.10
1449	119.09
1450	119.07
1451	119.05
1452	119.08
1453	119.07
1454	119.05
1455	119.04
1456	119.02
1457	119.03
1458	119.02
1459	118.99
1460	118.98
1461	118.97
1462	119.00
1463	119.03
1464	119.06
1465	119.03
1466	119.06
1467	119.09
1468	119.11
1469	119.14
1470	119.17
1471	119.20
1472	119.24
1473	119.21
1474	119.18
1475	119.17
1476	119.16
1477	119.16
1478	119.16
1479	119.14
1480	119.12
1481	119.09
1482	119.08
1483	119.06
1484	119.03
1485	119.01
1486	118.98
1487	119.01
1488	119.04
1489	119.07
1490	119.11
1491	119.14
1492	119.21
1493	119.29
1494	119.30
1495	119.30
1496	119.28
1497	119.27
1498	119.25
1499	119.22
1500	119.20
1501	119.22
1502	119.20
1503	119.18
1504	119.16
1505	119.13
1506	119.09
1507	119.06
1508	119.04
1509	119.02
1510	118.99
1511	118.97
1512	118.95
1513	118.94
1514	118.91
1515	118.89
1516	118.88
1517	118.88
1518	118.86
1519	118.85
1520	118.89
1521	118.92
1522	118.93
1523	118.94
1524	118.94
1525	118.93
1526	118.91
1527	118.90
1528	118.90
1529	118.89
1530	118.87
1531	118.86
1532	118.82
1533	118.84
1534	118.89
1535	118.92
1536	118.93
1537	118.93
1538	118.91
1539	118.91
1540	118.92
1541	118.90
1542	118.88
1543	118.84
1544	118.79
1545	118.76
1546	118.73
1547	118.72
1548	118.71
1549	118.72
1550	118.73
1551	118.75
1552	118.78
1553	118.83
1554	118.88
1555	118.90
1556	118.91
1557	118.92
1558	118.93
1559	118.94
1560	118.94
1561	118.94
1562	118.96
1563	118.97
1564	119.00
1565	119.02
1566	119.03
1567	119.04
1568	119.04
1569	119.04
1570	119.03
1571	119.04
1572	119.05
1573	119.04
1574	119.03
1575	119.02
1576	119.01
1577	119.00
1578	118.98
1579	118.96
1580	118.94
1581	118.91
1582	118.95
1583	118.98
1584	119.01
1585	119.05
1586	119.08
1587	119.11
1588	119.14
1589	119.16
1590	119.21
1591	119.20
1592	119.18
1593	119.17
1594	119.14
1595	119.12
1596	119.09
1597	119.06
1598	119.02
1599	119.05
1600	119.09
1601	119.11
1602	119.14
1603	119.19
1604	119.16
1605	119.19
1606	119.30
1607	119.36
1608	119.37
1609	119.37
1610	119.37
1611	119.38
1612	119.39
1613	119.37
1614	119.34
1615	119.32
1616	119.29
1617	119.25
1618	119.18
1619	119.12
1620	119.21
1621	119.26
1622	119.27
1623	119.33
1624	119.45
1625	119.48
1626	119.60
1627	119.80
1628	119.84
1629	119.83
1630	119.80
1631	119.78
1632	119.73
1633	119.64
1634	119.56
1635	119.48
1636	119.41
1637	119.33
1638	119.24
1639	119.20
1640	119.16
1641	119.10
1642	119.06
1643	119.03
1644	119.02
1645	119.01
1646	119.00
1647	118.99
1648	118.97
1649	118.95
1650	118.94
1651	118.94
1652	118.95
1653	118.95
1654	118.95
1655	118.97
1656	118.99
1657	118.98
1658	118.98
1659	118.98
1660	118.95
1661	118.95
1662	118.96
1663	118.98
1664	118.99
1665	119.02
1666	119.08
1667	119.09
1668	119.11
1669	119.12
1670	119.11
1671	119.11
1672	119.10
1673	119.09
1674	119.07
1675	119.07
1676	119.04
1677	119.03
1678	119.01
1679	118.99
1680	118.98
1681	118.98
1682	118.98
1683	119.03
1684	119.04
1685	119.05
1686	119.03
1687	119.03
1688	119.01
1689	119.01
1690	119.00
1691	119.00
1692	119.00
1693	119.00
1694	119.00
1695	118.99
1696	118.98
1697	118.97
1698	118.97
1699	118.97
1700	118.97
1701	118.96
1702	118.95
1703	118.95
1704	118.95
1705	118.97
1706	119.00
1707	119.02
1708	119.02
1709	119.02
1710	119.01
1711	119.01
1712	119.01
1713	119.01
1714	119.01
1715	119.01
1716	118.98
1717	118.99
1718	119.00
1719	119.00
1720	119.00
1721	119.00
1722	119.00
1723	118.99
1724	118.99
1725	118.97
1726	118.96
1727	118.96
1728	118.95
1729	118.95
1730	118.95
1731	118.94
1732	118.95
1733	118.96
1734	118.97
1735	118.97
1736	118.98
1737	118.98
1738	118.98
1739	118.99
1740	119.01
1741	119.02
1742	119.03
1743	119.02
1744	119.02
1745	119.01
1746	118.99
1747	118.98
1748	118.97
1749	118.96
1750	118.95
1751	118.96
1752	118.95
1753	118.96
1754	118.95
1755	118.95
1756	118.95
1757	118.95
1758	118.95
1759	118.94
1760	118.95
1761	118.96
1762	118.97
1763	118.97
1764	118.99
1765	118.99
1766	119.02
1767	119.03
1768	119.03
1769	119.03
1770	119.03
1771	119.03
1772	119.05
1773	119.05
1774	119.04
1775	119.04
1776	119.03
1777	119.02
1778	119.02
1779	119.00
1780	119.00
1781	118.98
1782	118.98
1783	118.98
1784	118.98
1785	118.97
1786	118.97
1787	118.96
1788	118.96
1789	118.96
1790	118.95
1791	118.95
1792	118.98
1793	119.04
1794	119.05
1795	119.05
1796	119.06
1797	119.06
1798	119.07
1799	119.08
1800	119.08
1801	119.08
1802	119.09
1803	119.10
1804	119.10
1805	119.12
1806	119.11
1807	119.10
1808	119.09
1809	119.07
1810	119.09
1811	119.08
1812	119.05
1813	119.05
1814	119.04
1815	119.01
1816	119.01
1817	119.00
1818	119.00
1819	119.02
1820	119.02
1821	119.02
1822	119.02
1823	119.02
1824	119.02
1825	119.05
1826	119.06
1827	119.06
1828	119.06
1829	119.05
1830	119.01
1831	118.98
1832	118.96
1833	118.94
1834	118.91
1835	118.94
1836	118.97
1837	119.00
1838	119.03
1839	119.05
1840	119.04
1841	119.06
1842	119.06
1843	119.05
1844	119.04
1845	119.03
1846	119.01
1847	118.99
1848	118.97
1849	118.94
1850	118.91
1851	118.91
1852	118.93
1853	118.94
1854	118.95
1855	118.96
1856	118.96
1857	118.92
1858	118.88
1859	118.85
1860	118.83
1861	118.80
1862	118.78
1863	118.77
1864	118.74
1865	118.70
1866	118.67
1867	118.65
1868	118.61
1869	118.58
1870	118.54
1871	118.55
1872	118.51
1873	118.48
1874	118.45
1875	118.43
1876	118.41
1877	118.38
1878	118.35
1879	118.32
1880	118.30
1881	118.28
1882	118.30
1883	118.34
1884	118.38
1885	118.41
1886	118.45
1887	118.48
1888	118.52
1889	118.49
1890	118.45
1891	118.42
1892	118.39
1893	118.35
1894	118.32
1895	118.29
1896	118.32
1897	118.37
1898	118.41
1899	118.41
1900	118.39
1901	118.38
1902	118.37
1903	118.35
1904	118.36
1905	118.36
1906	118.40
1907	118.41
1908	118.41
1909	118.41
1910	118.41
1911	118.39
1912	118.38
1913	118.35
1914	118.34
1915	118.47
1916	118.77
1917	118.97
1918	119.09
1919	119.13
1920	119.16
1921	119.18
1922	119.17
1923	119.15
1924	119.16
1925	119.16
1926	119.14
1927	119.12
1928	119.08
1929	119.05
1930	119.02
1931	119.00
1932	119.03
1933	119.03
1934	119.02
1935	119.01
1936	118.98
1937	118.95
1938	118.94
1939	118.94
1940	118.95
1941	118.98
1942	119.00
1943	119.04
1944	119.06
1945	119.07
1946	119.06
1947	119.11
1948	119.18
1949	119.20
1950	119.19
1951	119.17
1952	119.14
1953	119.11
1954	119.08
1955	119.06
1956	119.05
1957	119.06
1958	119.05
1959	119.04
1960	119.02
1961	118.98
1962	118.95
1963	118.92
1964	118.92
1965	118.91
1966	118.92
1967	118.94
1968	118.94
1969	118.92
1970	118.93
1971	118.93
1972	118.92
1973	118.90
1974	118.94
1975	118.97
1976	118.98
1977	119.02
1978	119.04
1979	119.04
1980	119.03
1981	119.03
1982	119.03
1983	119.05
1984	119.02
1985	119.00
1986	118.98
1987	118.99
1988	118.99
1989	118.99
1990	118.98
1991	118.98
1992	119.00
1993	119.01
1994	119.01
1995	119.01
1996	119.01
1997	119.00
1998	119.00
1999	118.99
2000	118.99
2001	118.98
2002	118.98
2003	119.00
2004	119.01
2005	119.01
2006	119.01
2007	119.01
2008	119.00
2009	119.00
2010	118.99
2011	119.02
2012	119.06
2013	119.07
2014	119.08
2015	119.08
2016	119.09
2017	119.09
2018	119.09
2019	119.08
2020	119.08
2021	119.08
2022	119.05
2023	119.10
2024	119.08
2025	119.06
2026	119.03
2027	119.01
2028	118.98
2029	118.95
2030	118.95
2031	118.93
2032	118.93
2033	118.95
2034	118.97
2035	119.00
2036	119.02
2037	119.02
2038	119.02
2039	119.01
2040	119.01
2041	119.02
2042	119.02
2043	119.01
2044	119.01
2045	119.00
2046	119.00
2047	118.99
2048	118.99
2049	118.98
2050	118.98
2051	118.98
2052	119.04
2053	119.04
2054	119.02
2055	119.00
2056	118.98
2057	118.97
2058	118.95
2059	118.95
2060	118.98
2061	119.00
2062	119.02
2063	119.04
2064	119.03
2065	119.02
2066	119.04
2067	119.03
2068	119.01
2069	119.00
2070	119.01
2071	118.99
2072	118.98
2073	118.97
2074	118.97
2075	118.96
2076	118.97
2077	118.97
2078	118.97
2079	118.98
2080	118.98
2081	118.99
2082	119.00
2083	119.01
2084	119.02
2085	119.03
2086	119.03
2087	119.04
2088	119.05
2089	119.05
2090	119.08
2091	119.09
2092	119.09
2093	119.09
2094	119.08
2095	119.08
2096	119.07
2097	119.06
2098	119.05
2099	119.05
2100	119.05
2101	119.09
2102	119.09
2103	119.09
2104	119.11
2105	119.11
2106	119.11
2107	119.11
2108	119.11
2109	119.06
2110	119.05
2111	119.05
2112	119.05
2113	119.05
2114	119.05
2115	119.01
2116	119.00
2117	119.02
2118	119.03
2119	119.03
2120	119.04
2121	119.05
2122	119.09
2123	119.13
2124	119.13
2125	119.11
2126	119.08
2127	119.05
2128	119.02
2129	118.99
2130	119.00
2131	119.02
2132	119.04
2133	119.05
2134	119.05
2135	119.05
2136	119.05
2137	119.06
2138	119.06
2139	119.06
2140	119.06
2141	119.05
2142	119.05
2143	119.05
2144	119.05
2145	119.05
2146	119.05
2147	119.05
2148	119.10
2149	119.08
2150	119.05
2151	119.02
2152	119.00
2153	119.01
2154	119.02
2155	119.04
2156	119.02
2157	119.04
2158	119.02
2159	118.99
2160	118.97
2161	118.95
2162	118.92
2163	118.96
2164	119.00
2165	119.03
2166	119.09
2167	119.14
2168	119.16
2169	119.16
2170	119.27
2171	119.38
2172	119.42
2173	119.41
2174	119.37
2175	119.33
2176	119.29
2177	119.26
2178	119.20
2179	119.16
2180	119.11
2181	119.07
2182	119.04
2183	119.00
2184	118.98
2185	118.98
2186	118.99
2187	118.98
2188	118.99
2189	118.99
2190	118.99
2191	118.98
2192	118.97
2193	118.95
2194	118.94
2195	118.96
2196	118.97
2197	118.97
2198	118.97
2199	118.95
2200	118.96
2201	118.97
2202	118.98
2203	118.99
2204	119.01
2205	119.01
2206	119.02
2207	119.03
2208	119.04
2209	119.02
2210	119.06
2211	119.09
2212	119.09
2213	119.07
2214	119.04
2215	119.01
2216	118.98
2217	118.95
2218	118.93
2219	118.91
2220	118.87
2221	118.83
2222	118.78
2223	118.74
2224	118.72
2225	118.69
2226	118.66
2227	118.61
2228	118.56
2229	118.51
2230	118.47
2231	118.45
2232	118.41
2233	118.37
2234	118.34
2235	118.32
2236	118.29
2237	118.28
2238	118.26
2239	118.23
2240	118.20
2241	118.18
2242	118.15
2243	118.12
2244	118.10
2245	118.07
2246	118.04
2247	118.02
2248	117.99
2249	117.98
2250	117.99
2251	118.00
2252	118.00
2253	118.00
2254	118.02
2255	118.02
2256	118.04
2257	118.04
2258	118.03
2259	118.03
2260	118.02
2261	118.02
2262	118.02
2263	118.03
2264	118.05
2265	118.07
2266	118.09
2267	118.09
2268	118.10
2269	118.10
2270	118.10
2271	118.09
2272	118.09
2273	118.07
2274	118.06
2275	118.03
2276	117.99
2277	118.00
2278	118.05
2279	118.08
2280	118.09
2281	118.10
2282	118.10
2283	118.11
2284	118.13
2285	118.23
2286	118.35
2287	118.41
2288	118.46
2289	118.50
2290	118.57
2291	118.60
2292	118.66
2293	118.72
2294	118.75
2295	118.79
2296	118.82
2297	118.83
2298	118.84
2299	118.85
2300	118.86
2301	118.86
2302	118.92
2303	118.96
2304	118.97
2305	118.96
2306	118.95
2307	118.92
2308	118.90
2309	118.88
2310	118.89
2311	118.91
2312	118.92
2313	118.93
2314	118.94
2315	118.94
2316	118.95
2317	118.96
2318	118.96
2319	118.97
2320	118.99
2321	119.01
2322	119.02
2323	119.02
2324	119.01
2325	119.01
2326	119.00
2327	118.99
2328	118.98
2329	118.97
2330	118.98
2331	119.00
2332	119.01
2333	119.02
2334	119.02
2335	119.03
2336	119.03
2337	119.03
2338	119.04
2339	119.03
2340	119.03
2341	119.02
2342	119.02
2343	119.06
2344	119.10
2345	119.12
2346	119.12
2347	119.11
2348	119.09
2349	119.06
2350	119.04
2351	119.04
2352	119.06
2353	119.06
2354	119.06
2355	119.04
2356	119.03
2357	119.04
2358	119.06
2359	119.08
2360	119.08
2361	119.06
2362	119.06
2363	119.10
2364	119.12
2365	119.14
2366	119.12
2367	119.10
2368	119.07
2369	119.05
2370	119.07
2371	119.09
2372	119.11
2373	119.09
2374	119.09
2375	119.09
2376	119.09
2377	119.09
2378	119.09
2379	119.08
2380	119.06
2381	119.05
2382	119.09
2383	119.10
2384	119.09
2385	119.09
2386	119.07
2387	119.03
2388	119.02
2389	119.02
2390	119.03
2391	119.04
2392	119.05
2393	119.04
2394	119.02
2395	119.01
2396	119.01
2397	119.01
2398	119.01
2399	119.02
2400	119.02
2401	119.02
2402	119.02
2403	119.02
2404	119.02
2405	119.02
2406	119.02
2407	119.02
2408	119.03
2409	119.03
2410	119.03
2411	119.03
2412	119.02
2413	119.02
2414	119.01
2415	119.05
2416	119.05
2417	119.05
2418	119.03
2419	119.04
2420	119.04
2421	119.03
2422	119.03
2423	119.03
2424	119.02
2425	119.02
2426	119.03
2427	119.04
2428	119.04
2429	119.04
2430	119.04
2431	119.03
2432	119.03
2433	119.03
2434	119.03
2435	119.03
2436	119.02
2437	119.01
2438	119.00
2439	119.00
2440	119.00
2441	119.00
2442	118.99
2443	118.98
2444	118.98
2445	119.02
2446	119.03
2447	119.03
2448	119.04
2449	119.04
2450	119.04
2451	119.04
2452	119.03
2453	119.03
2454	119.03
2455	119.03
2456	119.02
2457	119.02
2458	119.02
2459	119.02
2460	119.02
2461	119.02
2462	119.01
2463	118.98
2464	118.95
2465	118.97
2466	118.93
2467	118.94
2468	118.94
2469	118.94
2470	118.94
2471	118.94
2472	118.94
2473	118.94
2474	118.95
2475	118.95
2476	118.95
2477	118.95
2478	118.97
2479	118.97
2480	118.94
2481	118.93
2482	118.93
2483	118.92
2484	118.92
2485	118.93
2486	118.94
2487	118.95
2488	118.95
2489	118.97
2490	118.98
2491	118.98
2492	118.98
2493	119.02
2494	118.99
2495	118.99
2496	119.00
2497	119.01
2498	119.02
2499	119.03
2500	119.03
2501	119.02
2502	119.01
2503	119.01
2504	119.02
2505	119.03
2506	119.03
2507	119.04
2508	119.04
2509	119.04
2510	119.04
2511	119.04
2512	119.03
2513	119.04
2514	119.03
2515	119.05
2516	119.06
2517	119.06
2518	119.06
2519	119.05
2520	119.05
2521	119.03
2522	119.03
2523	119.02
2524	119.01
2525	118.98
2526	118.98
2527	118.98
2528	118.99
2529	118.96
2530	119.00
2531	119.02
2532	119.05
2533	119.08
2534	119.10
2535	119.14
2536	119.16
2537	119.19
2538	119.22
2539	119.23
2540	119.23
2541	119.19
2542	119.16
2543	119.14
2544	119.10
2545	119.07
2546	119.05
2547	119.00
2548	118.98
2549	118.99
2550	119.03
2551	119.03
2552	119.13
2553	119.16
2554	119.16
2555	119.16
2556	119.14
2557	119.11
2558	119.09
2559	119.06
2560	119.03
2561	119.01
2562	118.97
2563	118.95
2564	118.97
2565	119.02
2566	119.06
2567	119.12
2568	119.18
2569	119.24
2570	119.29
2571	119.28
2572	119.27
2573	119.26
2574	119.24
2575	119.23
2576	119.20
2577	119.17
2578	119.14
2579	119.15
2580	119.18
2581	119.20
2582	119.17
2583	119.14
2584	119.16
2585	119.19
2586	119.23
2587	119.26
2588	119.28
2589	119.26
2590	119.23
2591	119.22
2592	119.22
2593	119.26
2594	119.30
2595	119.33
2596	119.32
2597	119.29
2598	119.27
2599	119.23
2600	119.20
2601	119.17
2602	119.14
2603	119.11
2604	119.09
2605	119.09
2606	119.06
2607	119.04
2608	119.02
2609	119.01
2610	118.98
2611	118.98
2612	119.04
2613	119.11
2614	119.14
2615	119.16
2616	119.16
2617	119.15
2618	119.16
2619	119.16
2620	119.16
2621	119.15
2622	119.14
2623	119.12
2624	119.11
2625	119.10
2626	119.09
2627	119.12
2628	119.15
2629	119.17
2630	119.19
2631	119.23
2632	119.27
2633	119.30
2634	119.31
2635	119.31
2636	119.30
2637	119.31
2638	119.30
2639	119.28
2640	119.25
2641	119.22
2642	119.19
2643	119.16
2644	119.12
2645	119.14
2646	119.12
2647	119.10
2648	119.08
2649	119.05
2650	119.03
2651	119.01
2652	119.00
2653	118.99
2654	118.99
2655	119.02
2656	119.05
2657	119.06
2658	119.06
2659	119.05
2660	119.05
2661	119.05
2662	119.04
2663	119.02
2664	119.01
2665	118.99
2666	118.98
2667	118.96
2668	118.97
2669	118.96
2670	119.00
2671	119.03
2672	119.04
2673	119.01
2674	119.00
2675	118.98
2676	118.95
2677	118.89
2678	118.85
2679	118.80
2680	118.77
2681	118.73
2682	118.70
2683	118.67
2684	118.63
2685	118.60
2686	118.56
2687	118.52
2688	118.49
2689	118.45
2690	118.42
2691	118.39
2692	118.35
2693	118.33
2694	118.33
2695	118.34
2696	118.35
2697	118.38
2698	118.42
2699	118.45
2700	118.48
2701	118.52
2702	118.55
2703	118.56
2704	118.59
2705	118.62
2706	118.64
2707	118.68
2708	118.71
2709	118.73
2710	118.75
2711	118.77
2712	118.79
2713	118.81
2714	118.87
2715	118.90
2716	118.92
2717	118.94
2718	118.93
2719	118.93
2720	118.95
2721	118.97
2722	118.95
2723	118.95
2724	118.95
2725	118.95
2726	118.95
2727	118.96
2728	118.96
2729	118.96
2730	118.96
2731	118.96
2732	118.96
2733	118.96
2734	118.96
2735	118.95
2736	118.95
2737	118.97
2738	118.97
2739	118.97
2740	118.96
2741	118.95
2742	118.95
2743	118.95
2744	118.96
2745	118.95
2746	118.95
2747	118.96
2748	118.97
2749	118.98
2750	118.98
2751	118.98
2752	118.97
2753	118.98
2754	118.97
2755	118.97
2756	118.97
2757	118.96
2758	118.95
2759	118.95
2760	118.94
2761	118.94
2762	118.95
2763	118.95
2764	118.95
2765	118.95
2766	118.95
2767	118.97
2768	119.00
2769	119.01
2770	119.03
2771	119.05
2772	119.07
2773	119.06
2774	119.05
2775	119.05
2776	119.05
2777	119.05
2778	119.04
2779	119.03
2780	119.05
2781	119.04
2782	119.04
2783	119.06
2784	119.07
2785	119.06
2786	119.08
2787	119.08
2788	119.07
2789	119.06
2790	119.05
2791	119.08
2792	119.08
2793	119.07
2794	119.06
2795	119.05
2796	119.05
2797	119.05
2798	119.04
2799	119.03
2800	119.02
2801	119.02
2802	119.02
2803	119.01
2804	119.01
2805	119.01
2806	119.01
2807	119.02
2808	119.02
2809	119.03
2810	119.02
2811	119.02
2812	119.02
2813	119.02
2814	119.01
2815	119.01
2816	119.01
2817	119.01
2818	119.01
2819	119.02
2820	119.03
2821	119.04
2822	119.05
2823	119.05
2824	119.06
2825	119.06
2826	119.06
2827	119.06
2828	119.06
2829	119.05
2830	119.05
2831	119.06
2832	119.07
2833	119.08
2834	119.03
2835	118.98
2836	118.94
2837	118.93
2838	118.93
2839	118.95
2840	118.96
2841	118.96
2842	118.96
2843	118.96
2844	118.96
2845	118.96
2846	118.96
2847	118.96
2848	118.97
2849	118.97
2850	118.97
2851	118.97
2852	119.09
2853	119.07
2854	119.04
2855	119.03
2856	119.02
2857	119.01
2858	119.03
2859	119.04
2860	119.04
2861	119.04
2862	119.04
2863	119.04
2864	119.03
2865	119.03
2866	119.04
2867	119.04
2868	119.04
2869	119.04
2870	119.03
2871	119.03
2872	119.03
2873	119.02
2874	119.02
2875	119.02
2876	119.02
2877	119.05
2878	119.05
2879	119.06
2880	119.06
2881	119.07
2882	119.07
2883	119.07
2884	119.06
2885	119.06
2886	119.08
2887	119.08
2888	119.09
2889	119.09
2890	119.08
2891	119.10
2892	119.16
2893	119.17
2894	119.15
2895	119.12
2896	119.08
2897	119.08
2898	119.06
2899	119.04
2900	119.04
2901	119.04
2902	119.04
2903	119.05
2904	119.05
2905	119.05
2906	119.02
2907	119.00
2908	119.01
2909	119.02
2910	119.02
2911	119.02
2912	119.02
2913	119.03
2914	119.03
2915	119.04
2916	119.06
2917	119.07
2918	119.08
2919	119.09
2920	119.08
2921	119.09
2922	119.06
2923	119.04
2924	119.03
2925	119.04
2926	119.09
2927	119.14
2928	119.14
2929	119.13
2930	119.12
2931	119.11
2932	119.09
2933	119.08
2934	119.08
2935	119.08
2936	119.09
2937	119.08
2938	119.07
2939	119.05
2940	119.05
2941	119.04
2942	119.03
2943	119.01
2944	119.00
2945	118.99
2946	119.01
2947	119.00
2948	118.99
2949	119.01
2950	119.03
2951	119.04
2952	119.05
2953	119.06
2954	119.06
2955	119.07
2956	119.08
2957	119.09
2958	119.09
2959	119.09
2960	119.08
2961	119.07
2962	119.05
2963	119.06
2964	119.03
2965	119.02
2966	119.02
2967	119.00
2968	118.98
2969	118.95
2970	118.94
2971	118.91
2972	118.89
2973	118.88
2974	118.86
2975	118.86
2976	118.84
2977	118.84
2978	118.87
2979	118.93
2980	118.97
2981	118.99
2982	119.00
2983	119.02
2984	119.02
2985	119.01
2986	119.00
2987	118.99
2988	119.01
2989	119.05
2990	119.08
2991	119.10
2992	119.09
2993	119.07
2994	119.05
2995	119.04
2996	119.06
2997	119.05
2998	119.03
2999	119.05
3000	119.08
3001	119.10
3002	119.12
3003	119.15
3004	119.17
3005	119.19
3006	119.21
3007	119.22
3008	119.23
3009	119.29
3010	119.33
3011	119.37
3012	119.40
3013	119.48
3014	119.52
3015	119.53
3016	119.54
3017	119.69
3018	119.76
3019	119.88
3020	120.03
3021	120.08
3022	120.11
3023	120.08
3024	120.05
3025	120.05
3026	120.05
3027	120.04
3028	120.02
3029	120.02
3030	120.00
3031	119.99
3032	119.99
3033	119.99
3034	120.01
3035	120.02
3036	120.01
3037	119.91
3038	119.91
3039	119.91
3040	119.89
3041	119.87
3042	119.86
3043	119.85
3044	119.84
3045	119.84
3046	119.81
3047	119.78
3048	119.79
3049	119.80
3050	119.78
3051	119.75
3052	119.73
3053	119.69
3054	119.66
3055	119.65
3056	119.68
3057	119.71
3058	119.73
3059	119.69
3060	119.69
3061	119.67
3062	119.62
3063	119.59
3064	119.58
3065	119.56
3066	119.54
3067	119.52
3068	119.56
3069	119.66
3070	119.68
3071	119.67
3072	119.66
3073	119.64
3074	119.62
3075	119.62
3076	119.60
3077	119.59
3078	119.59
3079	119.60
3080	119.66
3081	119.67
3082	119.66
3083	119.62
3084	119.60
3085	119.58
3086	119.54
3087	119.51
3088	119.47
3089	119.43
3090	119.42
3091	119.40
3092	119.37
3093	119.36
3094	119.34
3095	119.31
3096	119.27
3097	119.22
3098	119.19
3099	119.16
3100	119.12
3101	119.14
3102	119.15
3103	119.15
3104	119.16
3105	119.17
3106	119.17
3107	119.16
3108	119.15
3109	119.14
3110	119.12
3111	119.13
3112	119.13
3113	119.12
3114	119.11
3115	119.10
3116	119.09
3117	119.10
3118	119.10
3119	119.10
3120	119.09
3121	119.08
3122	119.08
3123	119.07
3124	119.05
3125	119.07
3126	119.07
3127	119.05
3128	119.09
3129	119.10
3130	119.09
3131	119.10
3132	119.09
3133	119.07
3134	119.05
3135	119.03
3136	119.03
3137	119.04
3138	119.03
3139	119.02
3140	119.04
3141	119.05
3142	119.03
3143	119.04
3144	119.02
3145	119.01
3146	118.99
3147	118.99
3148	119.00
3149	119.05
3150	119.11
3151	119.12
3152	119.09
3153	119.08
3154	119.08
3155	119.08
3156	119.06
3157	119.03
3158	119.03
3159	119.03
3160	119.02
3161	119.01
3162	118.99
3163	118.99
3164	118.98
3165	118.97
3166	118.97
3167	118.98
3168	118.98
3169	118.99
3170	118.98
3171	118.99
3172	118.99
3173	119.02
3174	119.15
3175	119.16
3176	119.16
3177	119.14
3178	119.14
3179	119.13
3180	119.12
3181	119.12
3182	119.12
3183	119.12
3184	119.11
3185	119.11
3186	119.11
3187	119.10
3188	119.09
3189	119.08
3190	119.07
3191	119.06
3192	119.05
3193	119.04
3194	119.02
3195	119.01
3196	119.00
3197	119.00
3198	118.99
3199	118.98
3200	118.98
3201	118.97
3202	118.97
3203	118.98
3204	118.99
3205	119.01
3206	119.01
3207	119.01
3208	119.02
3209	119.01
3210	119.01
3211	119.01
3212	119.01
3213	119.00
3214	118.99
3215	118.98
3216	118.98
3217	118.98
3218	118.98
3219	118.98
3220	119.04
3221	119.08
3222	119.14
3223	119.13
3224	119.12
3225	119.23
3226	119.36
3227	119.40
3228	119.40
3229	119.39
3230	119.37
3231	119.35
3232	119.34
3233	119.29
3234	119.27
3235	119.25
3236	119.22
3237	119.19
3238	119.16
3239	119.12
3240	119.10
3241	119.08
3242	119.05
3243	119.03
3244	119.00
3245	118.98
3246	118.97
3247	118.98
3248	118.99
3249	119.02
3250	119.04
3251	119.05
3252	119.05
3253	119.06
3254	119.05
3255	119.05
3256	119.05
3257	119.05
3258	119.05
3259	119.06
3260	119.06
3261	119.07
3262	119.10
3263	119.11
3264	119.13
3265	119.14
3266	119.17
3267	119.18
3268	119.18
3269	119.20
3270	119.21
3271	119.21
3272	119.21
3273	119.21
3274	119.20
3275	119.20
3276	119.19
3277	119.19
3278	119.19
3279	119.21
3280	119.23
3281	119.26
3282	119.27
3283	119.24
3284	119.24
3285	119.23
3286	119.22
3287	119.22
3288	119.22
3289	119.21
3290	119.20
3291	119.18
3292	119.16
3293	119.13
3294	119.10
3295	119.07
3296	119.04
3297	119.01
3298	118.97
3299	118.95
3300	119.03
3301	119.14
3302	119.17
3303	119.17
3304	119.16
3305	119.17
3306	119.15
3307	119.11
3308	119.07
3309	119.04
3310	119.01
3311	119.02
3312	119.02
3313	118.98
3314	118.95
3315	118.93
3316	118.91
3317	118.88
3318	118.85
3319	118.80
3320	118.78
3321	118.73
3322	118.69
3323	118.68
3324	118.66
3325	118.63
3326	118.64
3327	118.63
3328	118.62
3329	118.65
3330	118.74
3331	118.82
3332	118.86
3333	118.87
3334	118.88
3335	118.89
3336	118.91
3337	118.92
3338	118.94
3339	118.97
3340	118.99
3341	119.01
3342	119.01
3343	119.02
3344	119.03
3345	119.05
3346	119.05
3347	119.04
3348	119.03
3349	119.15
3350	119.21
3351	119.23
3352	119.22
3353	119.20
3354	119.23
3355	119.23
3356	119.21
3357	119.19
3358	119.17
3359	119.16
3360	119.17
3361	119.16
3362	119.14
3363	119.12
3364	119.10
3365	119.08
3366	119.06
3367	119.05
3368	119.04
3369	119.03
3370	119.02
3371	119.02
3372	119.02
3373	119.01
3374	119.00
3375	119.00
3376	119.02
3377	119.04
3378	119.05
3379	119.06
3380	119.06
3381	119.10
3382	119.13
3383	119.15
3384	119.20
3385	119.22
3386	119.22
3387	119.22
3388	119.22
3389	119.21
3390	119.20
3391	119.17
3392	119.16
3393	119.20
3394	119.31
3395	119.43
3396	119.37
3397	119.38
3398	119.35
3399	119.32
3400	119.29
3401	119.24
3402	119.21
3403	119.21
3404	119.21
3405	119.21
3406	119.19
3407	119.18
3408	119.16
3409	119.16
3410	119.13
3411	119.11
3412	119.10
3413	119.09
3414	119.10
3415	119.10
3416	119.09
3417	119.07
3418	119.05
3419	119.03
3420	119.02
3421	119.00
3422	118.98
3423	118.98
3424	119.01
3425	119.02
3426	119.03
3427	119.05
3428	119.06
3429	119.05
3430	119.05
3431	119.04
3432	119.02
3433	119.02
3434	119.04
3435	119.05
3436	119.06
3437	119.05
3438	119.04
3439	119.02
3440	119.02
3441	119.02
3442	119.03
3443	119.05
3444	119.03
3445	119.05
3446	119.03
3447	119.03
3448	119.04
3449	119.05
3450	119.04
3451	119.02
3452	119.00
3453	118.99
3454	118.99
3455	118.99
3456	118.98
3457	118.98
3458	118.98
3459	118.95
3460	118.92
3461	118.93
3462	118.96
3463	119.01
3464	119.05
3465	119.02
3466	119.04
3467	119.11
3468	119.12
3469	119.12
3470	119.12
3471	119.11
3472	119.09
3473	119.05
3474	119.04
3475	119.05
3476	119.04
3477	119.03
3478	119.01
3479	119.00
3480	118.99
3481	119.00
3482	119.01
3483	119.03
3484	119.03
3485	119.02
3486	119.10
3487	119.12
3488	119.11
3489	119.10
3490	119.10
3491	119.10
3492	119.09
3493	119.08
3494	119.08
3495	119.08
3496	119.07
3497	119.06
3498	119.05
3499	119.04
3500	119.06
3501	119.07
3502	119.05
3503	119.05
3504	119.09
3505	119.11
3506	119.10
3507	119.05
3508	119.07
3509	119.09
3510	119.12
3511	119.21
3512	119.24
3513	119.27
3514	119.34
3515	119.31
3516	119.28
3517	119.25
3518	119.24
3519	119.21
3520	119.19
3521	119.15
3522	119.13
3523	119.14
3524	119.13
3525	119.12
3526	119.11
3527	119.10
3528	119.09
3529	119.09
3530	119.09
3531	119.09
3532	119.08
3533	119.08
3534	119.07
3535	119.06
3536	119.05
3537	119.06
3538	119.07
3539	119.08
3540	119.08
3541	119.09
3542	119.08
3543	119.09
3544	119.09
3545	119.08
3546	119.07
3547	119.05
3548	119.05
3549	119.13
3550	119.15
3551	119.15
3552	119.16
3553	119.16
3554	119.13
3555	119.12
3556	119.17
3557	119.22
3558	119.26
3559	119.25
3560	119.22
3561	119.17
3562	119.10
3563	119.10
3564	119.12
3565	119.10
3566	119.10
3567	119.10
3568	119.11
3569	119.08
3570	119.07
3571	119.05
3572	119.12
3573	119.19
3574	119.22
3575	119.23
3576	119.22
3577	119.22
3578	119.19
3579	119.18
3580	119.18
3581	119.17
3582	119.17
3583	119.17
3584	119.18
3585	119.18
3586	119.17
3587	119.20
3588	119.23
3589	119.23
3590	119.21
3591	119.19
3592	119.16
3593	119.15
3594	119.28
3595	119.45
3596	119.51
3597	119.53
3598	119.58
3599	119.59
3600	119.58
3601	119.68
3602	119.74
3603	119.75
3604	119.76
3605	119.88
3606	119.91
3607	119.98
3608	120.02
3609	120.01
3610	120.00
3611	120.02
3612	120.02
3613	120.01
3614	119.98
3615	119.94
3616	119.93
3617	119.93
3618	120.03
3619	120.16
3620	120.20
3621	120.19
3622	120.17
3623	120.21
3624	120.29
3625	120.33
3626	120.34
3627	120.32
3628	120.29
3629	120.25
3630	120.20
3631	120.17
3632	120.11
3633	120.05
3634	119.99
3635	119.94
3636	119.89
3637	119.82
3638	119.77
3639	119.70
3640	119.63
3641	119.57
3642	119.58
3643	119.69
3644	119.73
3645	119.73
3646	119.69
3647	119.66
3648	119.61
3649	119.55
3650	119.55
3651	119.52
3652	119.47
