$Direct Runoff Daily Discharge,
Auto-Generated,
JDAY,Flow
1,0
2,0
3,0.98
4,2.18
5,2.37
6,3.793333333
7,3.603333333
8,2.21
9,0.756666667
10,1.073333333
11,2.59
12,1.956666667
13,1.136666667
14,1.076666667
15,1.393333333
16,0.696666667
17,0.566666667
18,1.64
19,3.283333333
20,1.64
21,0.693333333
22,-1.076666667
23,-0.443333333
24,-0.063333333
25,1.326666667
26,2.086666667
27,2.006666667
28,1.596666667
29,1.09
30,0.996666667
31,0.683333333
32,0.683333333
33,1.463333333
34,2.093333333
35,2.146666667
36,0.973333333
37,-0.376666667
38,-0.43
39,1.343333333
40,1.713333333
41,1.713333333
42,2.96E-16
43,0.98
44,1.103333333
45,1.226666667
46,1.103333333
47,2.326666667
48,2.39
49,2.02
50,0.613333333
51,0.426666667
52,0.613333333
53,0.98
54,0.98
55,0.306666667
56,0.796666667
57,1.47
58,1.53
59,1.653333333
60,1.103333333
61,2.206666667
62,1.9
63,2.633333333
64,0.86
65,0.43
66,1.163333333
67,1.773333333
68,1.59
69,-1.466666667
70,-1.71
71,-1.28
72,2.33
73,3.37
74,3
75,1.53
76,0.733333333
77,1.223333333
78,0.916666667
79,2.263333333
80,2.326666667
81,2.816666667
82,2.263333333
83,1.65
84,1.65
85,1.103333333
86,1.41
87,0.553333333
88,2.326666667
89,3.123333333
90,3.553333333
91,1.166666667
92,0.37
93,0.37
94,0.736666667
95,0.43
96,-8.88E-16
97,0.426666667
98,0.856666667
99,0.98
100,2.086666667
101,1.963333333
102,2.27
103,1.406666667
104,1.773333333
105,1.65
106,1.593333333
107,1.533333333
108,1.286666667
109,1.656666667
110,1.043333333
111,0.676666667
112,1.836666667
113,3.306666667
114,4.35
115,1.716666667
116,0.613333333
117,1.65
118,3.056666667
119,2.873333333
120,0.61
121,-1.48E-15
122,0.92
123,1.41
124,2.513333333
125,1.41
126,1.41
127,2.02
128,4.1
129,4.1
130,2.51
131,1.043333333
132,1.286666667
133,0.976666667
134,1.343333333
135,2.693333333
136,3.246666667
137,3.123333333
138,2.693333333
139,2.873333333
140,2.016666667
141,0.606666667
142,0.06
143,0.793333333
144,1.59
145,1.65
146,1.59
147,1.346666667
148,1.406666667
149,1.1
150,1.036666667
151,0.486666667
152,0.283333333
153,0.55
154,1.37
155,1.206666667
156,0.743333333
157,0.33
158,0.84
159,1.26
160,0.486666667
161,-0.023333333
162,-0.49
163,0.596666667
164,0.596666667
165,0.696666667
166,-0.263333333
167,-0.693333333
168,-0.316666667
169,0.556666667
170,1.313333333
171,1.043333333
172,0.41
173,1.126666667
174,2.266666667
175,3.49
176,3.24
177,1.893333333
178,0.793333333
179,0.376666667
180,-0.896666667
181,-0.843333333
182,-1.22
183,0.053333333
184,-1.43E-15
185,1.01
186,2.793333333
187,4.546666667
188,3.656666667
189,5.306666667
190,5.51
191,6.25
192,2.123333333
193,0.596666667
194,0.193333333
195,1.786666667
196,1.86
197,2.02
198,3.356666667
199,4.63
200,5.586666667
201,3.41
202,3.013333333
203,1.44
204,1.38
205,-2.96E-15
206,-1.706666667
207,-2.34
208,-2.736666667
209,-1.03
210,-0.616666667
211,0.096666667
212,0.096666667
213,0.896666667
214,1.243333333
215,1.753333333
216,1.863333333
217,1.2
218,0.91
219,0.116666667
220,0.47
221,1.49
222,2.776666667
223,2.423333333
224,2.253333333
225,1.596666667
226,0.9
227,-0.17
228,-0.596666667
229,0.1
230,0.496666667
231,0.83
232,1.233333333
233,0.836666667
234,1.386666667
235,0.983333333
236,2.113333333
237,1.576666667
238,1.493333333
239,0.53
240,2.123333333
241,2.353333333
242,2.35
243,0.76
244,0.913333333
245,0.75
246,0.543333333
247,0.243333333
248,0.643333333
249,0.4
250,0.906666667
251,0.386666667
252,0.14
253,-0.36
254,-0.24
255,-0.053333333
256,-0.06
257,0.343333333
258,0.403333333
259,0.403333333
260,-3.03E-15
261,0.073333333
262,1.306666667
263,1.306666667
264,1.233333333
265,-0.673333333
266,-0.973333333
267,-1.14
268,-0.406666667
269,-0.106666667
270,0.406666667
271,0.626666667
272,0.626666667
273,0.453333333
274,1.736666667
275,2.196666667
276,1.29
277,-1.436666667
278,-1.896666667
279,-1.163333333
280,1.76
281,2.403333333
282,2.403333333
283,0.74
284,0.263333333
285,-0.043333333
286,-0.09
287,0.09
288,0.786666667
289,0.74
290,0.676666667
291,1.083333333
292,1.993333333
293,1.283333333
294,0.486666667
295,0.33
296,0.756666667
297,1.363333333
298,1.03
299,1.07
300,0.626666667
301,0.81
302,1.046666667
303,0.883333333
304,0.616666667
305,0.956666667
306,1.076666667
307,0.736666667
308,0.64
309,0.52
310,0.346666667
311,0.586666667
312,1.613333333
313,1.65
314,1.05
315,0.006666667
316,0.256666667
317,1.553333333
318,1.386666667
319,-0.773333333
320,-2.23
321,-1.62
322,0.3
323,0.666666667
324,-0.103333333
325,0.023333333
326,-0.22
327,0.073333333
328,-0.533333333
329,-0.596666667
330,-0.546666667
331,-0.61
332,-0.67
333,-0.67
334,-2.81E-15
335,-0.526666667
336,-1.1
337,-2.086666667
338,-1.376666667
339,-0.803333333
340,-0.51
341,-0.756666667
342,-0.756666667
343,-0.72
344,-0.23
345,-0.23
346,0.426666667
347,-0.16
348,-1.153333333
349,-1.153333333
350,-0.87
351,-0.16
352,-0.1
353,0.68
354,1.273333333
355,2.003333333
356,1.453333333
357,1.316666667
358,0.533333333
359,0.4
360,0.226666667
361,-0.95
362,-2.996666667
363,-2.873333333
364,-1.703333333
365,0.796666667
366,0.673333333
367,1.556666667
368,1.713333333
369,2.22
370,2.143333333
371,1.01
372,0.566666667
373,-0.006666667
374,0.296666667
375,0.233333333
376,0.92
377,0.92
378,0.92
379,-3.85E-15
380,0.456666667
381,0.623333333
382,0.623333333
383,0.166666667
384,0.89
385,1.916666667
386,1.916666667
387,1.2
388,-0.01
389,-1.746666667
390,-4.823333333
391,-6.286666667
392,-4.38
393,0.216666667
394,1.863333333
395,2.2
396,0.506666667
397,0.983333333
398,0.98
399,0.98
400,0.246666667
401,-0.25
402,-0.026666667
403,0.406666667
404,0.796666667
405,0.803333333
406,1.596666667
407,1.076666667
408,0.846666667
409,-0.113333333
410,0.356666667
411,0.7
412,2.16
413,1.813333333
414,1.47
415,0.18
416,0.4
417,0.156666667
418,-0.023333333
419,-0.366666667
420,-0.106666667
421,1.016666667
422,1.14
423,1.123333333
424,-2.37
425,-4.71
426,-4.71
427,-3.14
428,-0.326666667
429,-0.263333333
430,0.753333333
431,-0.77
432,-2.816666667
433,-4.51
434,-4.44
435,-3.186666667
436,-3.73
437,13.71666667
438,32.3
439,34.32
440,2.953333333
441,-18.44333333
442,-20.58
443,-9.256666667
444,-4.196666667
445,2.486666667
446,12.44333333
447,11.24333333
448,5.746666667
449,-4.08
450,-5.57
451,-4.366666667
452,4.67
453,24.36333333
454,24.11
455,18.26666667
456,-5.623333333
457,-10.17333333
458,-10.19666667
459,-3.893333333
460,1.626666667
461,4.076666667
462,4.926666667
463,4.776666667
464,2.22
465,3.596666667
466,5.92
467,7.816666667
468,6.03
469,2.963333333
470,2.74
471,2.533333333
472,2.506666667
473,2.566666667
474,1.336666667
475,0.736666667
476,-0.543333333
477,-0.33
478,0.03
479,-0.04
480,1.423333333
481,1.613333333
482,0.65
483,-0.963333333
484,-0.963333333
485,-5.92E-16
486,-5.92E-16
487,0.06
488,0.06
489,0.06
490,-5.92E-16
491,0.28
492,0.28
493,0.28
494,-0.673333333
495,-0.916666667
496,-0.793333333
497,1.513333333
498,1.756666667
499,3.206666667
500,2.66
501,2.89
502,1.976666667
503,0.83
504,0.05
505,-0.21
506,0.81
507,2.343333333
508,2.446666667
509,2.04
510,2.16
511,1.236666667
512,0.253333333
513,-0.85
514,-0.43
515,0.12
516,0.12
517,0.293333333
518,0.173333333
519,0.173333333
520,0.05
521,-0.07
522,-0.07
523,-0.12
524,-5.18E-16
525,-5.18E-16
526,-5.18E-16
527,-0.69
528,-1.116666667
529,-0.81
530,0.23
531,0.656666667
532,0.35
533,0.06
534,0.243333333
535,0.243333333
536,0.306666667
537,0.44
538,0.44
539,0.316666667
540,1.813333333
541,1.813333333
542,1.813333333
543,-5.92E-16
544,-0.24
545,-0.25
546,-0.42
547,-0.18
548,-0.17
549,0.49
550,1.436666667
551,1.683333333
552,0.703333333
553,-0.646666667
554,-0.893333333
555,0.743333333
556,1.146666667
557,1.22
558,0.786666667
559,0.786666667
560,0.713333333
561,-4.44E-16
562,0.53
563,0.833333333
564,0.973333333
565,0.383333333
566,-1.07
567,-1.976666667
568,-1.916666667
569,-0.766666667
570,-5.92E-16
571,0.426666667
572,0.426666667
573,1.036666667
574,0.85
575,0.79
576,0.24
577,-6.66E-16
578,0.06
579,0.12
580,0.546666667
581,0.72
582,0.843333333
583,0.293333333
584,0.1
585,-0.206666667
586,-0.073333333
587,-0.053333333
588,0.01
589,-0.81
590,-1.123333333
591,-1.123333333
592,-0.313333333
593,-0.08
594,-0.08
595,0.39
596,0.47
597,0.47
598,-4.44E-16
599,-0.366666667
600,-0.356666667
601,0.236666667
602,0.603333333
603,1.173333333
604,0.58
605,0.58
606,-2.96E-16
607,0.353333333
608,1.71
609,1.71
610,0.5
611,-2.113333333
612,-2.053333333
613,-1.196666667
614,0.06
615,0.55
616,1.22
617,1.356666667
618,1.04
619,0.31
620,-0.423333333
621,-0.656666667
622,-0.106666667
623,0.49
624,0.716666667
625,0.043333333
626,0.043333333
627,-0.06
628,0.123333333
629,0.576666667
630,0.453333333
631,-0.056666667
632,-0.51
633,-0.51
634,0.256666667
635,0.37
636,1.6
637,1.343333333
638,0.313333333
639,-0.633333333
640,-0.633333333
641,0.28
642,0.06
643,0.06
644,0.063333333
645,-0.556666667
646,-0.556666667
647,-0.556666667
648,-8.88E-16
649,-8.88E-16
650,0.656666667
651,1.436666667
652,1.436666667
653,-1.066666667
654,-1.846666667
655,-1.846666667
656,-0.856666667
657,-0.856666667
658,-0.96
659,0.813333333
660,1.02
661,0.97
662,0.053333333
663,-0.153333333
664,-9.81E-16
665,-9.81E-16
666,-1.06
667,-1.766666667
668,-2.42
669,-1.436666667
670,-0.486666667
671,0.166666667
672,0.303333333
673,0.06
674,-0.063333333
675,0.01
676,0.01
677,1.25
678,1.3
679,1.4
680,1.216666667
681,1.59
682,2.13
683,1.196666667
684,0.7
685,-0.306666667
686,-0.306666667
687,-1.373333333
688,-1.006666667
689,-0.786666667
690,0.22
691,0.433333333
692,0.09
693,0.09
694,-0.123333333
695,-8.14E-16
696,0.56
697,1.11
698,1.17
699,0.366666667
700,-0.183333333
701,-0.55
702,-0.18
703,-0.363333333
704,-0.056666667
705,-0.183333333
706,0.306666667
707,0.406666667
708,0.47
709,0.24
710,0.14
711,-1.85
712,-3.273333333
713,-4.606666667
714,-3.596666667
715,-2.263333333
716,-1.48
717,-0.376666667
718,-0.593333333
719,-1.206666667
720,-0.596666667
721,0.306666667
722,2.266666667
723,1.47
724,0.796666667
725,0.893333333
726,0.786666667
727,0.706666667
728,-1.143333333
729,-1.036666667
730,-0.223333333
731,0.733333333
732,2.053333333
733,2.056666667
734,2.056666667
735,0.186666667
736,-0.533333333
737,-0.533333333
738,0.266666667
739,0.25
740,0.703333333
741,0.453333333
742,1.42
743,0.846666667
744,0.663333333
745,-0.303333333
746,-0.013333333
747,0.153333333
748,0.313333333
749,0.63
750,0.646666667
751,0.47
752,0.183333333
753,0.383333333
754,0.4
755,1.54
756,1.34
757,0.42
758,-0.92
759,-0.583333333
760,0.886666667
761,1.813333333
762,1.476666667
763,-0.42
764,-2.003333333
765,-2.716666667
766,-0.76
767,1.243333333
768,1.956666667
769,0.643333333
770,-0.786666667
771,-0.786666667
772,-0.083333333
773,-2.96E-16
774,-0.406666667
775,-0.416666667
776,-0.43
777,-0.023333333
778,-0.153333333
779,-0.14
780,-0.016666667
781,0.856666667
782,1.066666667
783,1.543333333
784,2.11
785,2.996666667
786,3.64
787,2.946666667
788,2.536666667
789,2.533333333
790,3.346666667
791,4.186666667
792,3.186666667
793,3.233333333
794,1.463333333
795,-5.79
796,-10.36666667
797,-13.69666667
798,-6.75
799,-1.376666667
800,2.096666667
801,1.113333333
802,0.276666667
803,-0.033333333
804,1.016666667
805,-0.41
806,-1.14
807,-2.316666667
808,-2.653333333
809,-1.196666667
810,0.453333333
811,2.506666667
812,3.13
813,2.756666667
814,2.09
815,2.413333333
816,3.04
817,1.99
818,1.92
819,1.96
820,1.96
821,0.073333333
822,-0.73
823,-0.73
824,-0.036666667
825,0.003333333
826,0.003333333
827,1.023333333
828,1.023333333
829,1.173333333
830,1.13
831,1.126666667
832,0.976666667
833,0.783333333
834,0.48
835,0.48
836,-0.303333333
837,-1.103333333
838,-2.676666667
839,-3.926666667
840,-2.38
841,-0.83
842,0.64
843,0.26
844,0.46
845,0.68
846,0.616666667
847,0.583333333
848,0.143333333
849,0.546666667
850,0.85
851,1.456666667
852,1.503333333
853,1.346666667
854,1.616666667
855,0.826666667
856,0.293333333
857,-0.513333333
858,0.323333333
859,0.75
860,0.116666667
861,-0.806666667
862,-1.273333333
863,-0.71
864,0.11
865,0.27
866,-0.37
867,-1.803333333
868,-2.4
869,-2.216666667
870,-1.106666667
871,-0.593333333
872,-0.136666667
873,-0.283333333
874,-0.623333333
875,-1.526666667
876,-1.206666667
877,0.123333333
878,1.496666667
879,1.253333333
880,0.47
881,-0.413333333
882,-0.75
883,-0.75
884,0.03
885,0.843333333
886,1.126666667
887,0.76
888,0.39
889,0.106666667
890,0.106666667
891,0.46
892,0.46
893,-1.466666667
894,-1.926666667
895,-1.986666667
896,-0.106666667
897,-0.106666667
898,-0.046666667
899,0.61
900,1.663333333
901,1.663333333
902,-0.05
903,-2.403333333
904,-2.403333333
905,-1.476666667
906,-1.353333333
907,-2.033333333
908,-2.843333333
909,-1.27
910,-0.163333333
911,0.77
912,0.06
913,-0.366666667
914,0.12
915,0.413333333
916,0.413333333
917,0.493333333
918,0.513333333
919,0.116666667
920,-0.396666667
921,-0.396666667
922,-1.26E-15
923,0.55
924,0.55
925,0.293333333
926,-0.216666667
927,0.106666667
928,1.703333333
929,3.963333333
930,5.773333333
931,4.433333333
932,2.193333333
933,1.363333333
934,3.56
935,3
936,1.21
937,-1.413333333
938,-1.526666667
939,-0.993333333
940,-0.383333333
941,0.603333333
942,0.556666667
943,0.373333333
944,0.446666667
945,0.87
946,0.87
947,0.423333333
948,-0.06
949,-2.486666667
950,-2.916666667
951,-3.356666667
952,-0.563333333
953,-0.156666667
954,0.953333333
955,1.136666667
956,1.16
957,-0.123333333
958,-0.476666667
959,-0.476666667
960,0.196666667
961,-1.85E-16
962,0.06
963,0.48
964,0.886666667
965,0.826666667
966,0.406666667
967,1.236666667
968,1.953333333
969,1.953333333
970,0.716666667
971,-0.856666667
972,-1.1
973,-1.1
974,-1.08
975,-0.783333333
976,-0.6
977,0.486666667
978,0.433333333
979,0.25
980,0.23
981,0.23
982,0.23
983,1.253333333
984,0.853333333
985,0.776666667
986,-2.006666667
987,-2.113333333
988,-2.526666667
989,-0.996666667
990,0.083333333
991,0.573333333
992,0.88
993,0.306666667
994,0.736666667
995,0.806666667
996,0.806666667
997,-2.176666667
998,-4.23
999,-5.443333333
1000,-2.34
1001,-0.663333333
1002,0.55
1003,-0.496666667
1004,-1.186666667
1005,-0.573333333
1006,-0.076666667
1007,0.613333333
1008,-0.823333333
1009,-1.643333333
1010,-1.58
1011,-0.536666667
1012,0.53
1013,0.683333333
1014,0.853333333
1015,1.16
1016,0.823333333
1017,-0.36
1018,-1.963333333
1019,-2.303333333
1020,-2.31
1021,-1.2
1022,-0.74
1023,-1.033333333
1024,-1.916666667
1025,-1.426666667
1026,-0.333333333
1027,-0.293333333
1028,-0.783333333
1029,-0.5
1030,0.16
1031,0.59
1032,0.846666667
1033,1.106666667
1034,-0.363333333
1035,-2.076666667
1036,-2.14
1037,-1.956666667
1038,-1.293333333
1039,-1.503333333
1040,-0.946666667
1041,-0.3
1042,-0.806666667
1043,-1.57
1044,-2.24
1045,-2.1
1046,-0.73
1047,-0.203333333
1048,-0.473333333
1049,-1.316666667
1050,-1.36
1051,-1
1052,-0.676666667
1053,-0.566666667
1054,-0.26
1055,0.32
1056,0.26
1057,0.306666667
1058,-0.823333333
1059,-1.403333333
1060,-1.723333333
1061,-0.96
1062,0.536666667
1063,0.916666667
1064,0.063333333
1065,-0.853333333
1066,-1.036666667
1067,-0.183333333
1068,-0.183333333
1069,-0.003333333
1070,-0.003333333
1071,-0.45
1072,-0.423333333
1073,0.553333333
1074,0.8
1075,1.56
1076,2.403333333
1077,3.266666667
1078,3.123333333
1079,1.2
1080,1.023333333
1081,1.54
1082,2.646666667
1083,2.313333333
1084,1.723333333
1085,2.126666667
1086,1.973333333
1087,1.34
1088,0.706666667
1089,1.34
1090,1.223333333
1091,0.533333333
1092,-0.163333333
1093,0.15
1094,0.066666667
1095,0.423333333
1096,1.163333333
1097,1.57
1098,2.336666667
1099,2.42
1100,1.523333333
1101,-0.09
1102,-1.25
1103,-0.76
1104,-0.206666667
1105,0.13
1106,0.31
1107,1.266666667
1108,1.136666667
1109,0.943333333
1110,0.086666667
1111,0.086666667
1112,0.1
1113,-0.243333333
1114,-0.243333333
1115,-0.366666667
1116,0.076666667
1117,0.11
1118,0.03
1119,-0.17
1120,0.05
1121,0.253333333
1122,0.253333333
1123,0.826666667
1124,1.26
1125,1.666666667
1126,1.27
1127,0.836666667
1128,0.43
1129,-0.183333333
1130,-0.126666667
1131,-0.126666667
1132,0.156666667
1133,0.306666667
1134,0.063333333
1135,-0.036666667
1136,-0.303333333
1137,-0.303333333
1138,-0.413333333
1139,-0.75
1140,-0.426666667
1141,-0.103333333
1142,1.833333333
1143,2.383333333
1144,2.28
1145,1.503333333
1146,1.346666667
1147,1.503333333
1148,0.763333333
1149,0.813333333
1150,1.206666667
1151,1.716666667
1152,1.856666667
1153,1.21
1154,1.536666667
1155,2.403333333
1156,2.44
1157,1.58
1158,1.426666667
1159,1.856666667
1160,1.306666667
1161,-0.503333333
1162,-0.623333333
1163,1.13
1164,2.21
1165,1.896666667
1166,0.566666667
1167,-1.146666667
1168,-1.193333333
1169,-1.283333333
1170,1.383333333
1171,2.24
1172,2.953333333
1173,2.253333333
1174,2.223333333
1175,2.453333333
1176,2.463333333
1177,2.343333333
1178,1.66
1179,1.863333333
1180,2.86
1181,2.816666667
1182,2.05
1183,0.46
1184,0.46
1185,1.333333333
1186,1.796666667
1187,2.396666667
1188,1.63
1189,1.053333333
1190,1.853333333
1191,1.4
1192,2.253333333
1193,1.146666667
1194,1.453333333
1195,2.026666667
1196,1.683333333
1197,1.573333333
1198,0.086666667
1199,0.136666667
1200,-0.06
1201,0.156666667
1202,0.513333333
1203,0.553333333
1204,0.706666667
1205,0.35
1206,0.34
1207,0.78
1208,0.78
1209,0.75
1210,1.536666667
1211,1.043333333
1212,0.633333333
1213,-0.81
1214,-0.316666667
1215,-0.29
1216,-0.383333333
1217,-0.17
1218,-0.126666667
1219,-0.986666667
1220,-1.443333333
1221,-1.203333333
1222,-0.593333333
1223,-0.35
1224,0.62
1225,0.87
1226,0.563333333
1227,-0.496666667
1228,-0.593333333
1229,-0.286666667
1230,-0.096666667
1231,2.04E-16
1232,2.04E-16
1233,2.04E-16
1234,1.04
1235,1.04
1236,1.04
1237,-0.71
1238,-0.71
1239,-0.71
1240,-0.06
1241,-0.776666667
1242,-0.776666667
1243,-0.286666667
1244,0.43
1245,0.43
1246,7.40E-17
1247,7.40E-17
1248,1.026666667
1249,2.193333333
1250,3.07
1251,3.753333333
1252,2.586666667
1253,1.786666667
1254,-0.596666667
1255,-0.596666667
1256,-0.41
1257,0.663333333
1258,1.443333333
1259,1.12
1260,-0.133333333
1261,-0.913333333
1262,-0.853333333
1263,-0.226666667
1264,-0.226666667
1265,-0.226666667
1266,0.403333333
1267,0.61
1268,0.206666667
1269,-0.973333333
1270,-1.486666667
1271,-1.083333333
1272,0.06
1273,0.753333333
1274,1.033333333
1275,0.666666667
1276,-0.27
1277,-0.8
1278,-0.74
1279,-0.19
1280,0.06
1281,1.71
1282,1.71
1283,1.73
1284,0.366666667
1285,0.183333333
1286,0.653333333
1287,0.183333333
1288,0.366666667
1289,-1.273333333
1290,-1.66
1291,-1.396666667
1292,-0.246666667
1293,0.263333333
1294,-0.523333333
1295,-0.523333333
1296,0.636666667
1297,1.16
1298,0.68
1299,-0.48
1300,-0.48
1301,1.48E-16
1302,1.48E-16
1303,1.48E-16
1304,1.48E-16
1305,-1.56
1306,-1.966666667
1307,-1.966666667
1308,-0.406666667
1309,7.40E-17
1310,0.48
1311,0.58
1312,0.63
1313,1.753333333
1314,1.47
1315,1.42
1316,-0.403333333
1317,-0.036666667
1318,2.693333333
1319,3.323333333
1320,3.296666667
1321,1.473333333
1322,1.416666667
1323,3.766666667
1324,3.426666667
1325,3.753333333
1326,1.48
1327,0.543333333
1328,-0.053333333
1329,-0.416666667
1330,0.076666667
1331,-0.006666667
1332,0.37
1333,0.43
1334,1.48
1335,1.11
1336,1.05
1337,0.02
1338,0.23
1339,0.716666667
1340,1.276666667
1341,1.483333333
1342,1.606666667
1343,1.026666667
1344,-3.70E-17
1345,-0.313333333
1346,-0.863333333
1347,-0.636666667
1348,-1.056666667
1349,-0.08
1350,0.426666667
1351,0.4
1352,0.033333333
1353,0.033333333
1354,0.43
1355,0.37
1356,0.25
1357,-0.12
1358,0.176666667
1359,0.493333333
1360,0.553333333
1361,0.313333333
1362,0.116666667
1363,0.056666667
1364,-4.63E-17
1365,-0.416666667
1366,-0.416666667
1367,-0.416666667
1368,0.163333333
1369,0.103333333
1370,-0.23
1371,-0.393333333
1372,-0.36
1373,-0.423333333
1374,-0.613333333
1375,-0.313333333
1376,1.04
1377,1.23
1378,-0.283333333
1379,-1.24
1380,-1.24
1381,-0.69
1382,-0.69
1383,-0.69
1384,-2.96E-16
1385,-2.96E-16
1386,-1.29
1387,-1.936666667
1388,-1.693333333
1389,0.27
1390,1.37
1391,1.723333333
1392,1.05
1393,0.596666667
1394,-7.40E-17
1395,-0.323333333
1396,-0.706666667
1397,0.526666667
1398,2.876666667
1399,3.2
1400,0.07
1401,-1.956666667
1402,-2.276666667
1403,-0.583333333
1404,-0.713333333
1405,-1.103333333
1406,-0.716666667
1407,-1.31
1408,-0.416666667
1409,0.02
1410,0.573333333
1411,0.45
1412,0.35
1413,0.576666667
1414,1.21
1415,0.69
1416,0.423333333
1417,-0.21
1418,0.683333333
1419,1.573333333
1420,1.573333333
1421,0.713333333
1422,-0.026666667
1423,0.076666667
1424,-0.14
1425,-0.08
1426,-0.183333333
1427,0.12
1428,-0.003333333
1429,-0.003333333
1430,0.266666667
1431,0.083333333
1432,-0.416666667
1433,-1.19
1434,-0.883333333
1435,-0.53
1436,-0.146666667
1437,-0.146666667
1438,-2.78E-16
1439,-2.78E-16
1440,-0.51
1441,-0.406666667
1442,-0.406666667
1443,-0.87
1444,-0.973333333
1445,-0.643333333
1446,0.453333333
1447,0.453333333
1448,-0.056666667
1449,-0.436666667
1450,-0.436666667
1451,-0.316666667
1452,-1.623333333
1453,-1.623333333
1454,-0.953333333
1455,0.853333333
1456,0.853333333
1457,0.243333333
1458,0.5
1459,0.44
1460,0.44
1461,-0.06
1462,-1.30E-16
1463,-1.30E-16
1464,-1.30E-16
1465,0.193333333
1466,-0.446666667
1467,-1.3
1468,-1.88
1469,-1.606666667
1470,-0.693333333
1471,-0.306666667
1472,0.06
1473,1.5
1474,1.5
1475,1.846666667
1476,0.67
1477,0.423333333
1478,-0.123333333
1479,-0.903333333
1480,-0.656666667
1481,-0.456666667
1482,-0.186666667
1483,-0.186666667
1484,-0.186666667
1485,0
1486,-0.516666667
1487,-1.203333333
1488,-1.496666667
1489,-1.013333333
1490,-0.326666667
1491,0.346666667
1492,0.316666667
1493,0.316666667
1494,-1.05
1495,-0.986666667
1496,-0.816666667
1497,0.073333333
1498,0.073333333
1499,-0.096666667
1500,2.04E-16
1501,-0.726666667
1502,-1.073333333
1503,-1.183333333
1504,-1.226666667
1505,-2.133333333
1506,-1.596666667
1507,-0.55
1508,0.703333333
1509,0.276666667
1510,-0.19
1511,-0.006666667
1512,-0.006666667
1513,0.966666667
1514,1.41
1515,1.923333333
1516,1.046666667
1517,0.17
1518,-0.423333333
1519,-0.12
1520,-0.116666667
1521,0.263333333
1522,0.776666667
1523,1.253333333
1524,0.77
1525,0.13
1526,1.116666667
1527,1.3
1528,0.48
1529,-0.59
1530,0.886666667
1531,1.75
1532,2.446666667
1533,1.746666667
1534,2.13
1535,1.533333333
1536,1.29
1537,0.926666667
1538,1.96
1539,1.11
1540,0.973333333
1541,0.356666667
1542,0.673333333
1543,0.723333333
1544,0.06
1545,0.28
1546,0.16
1547,0.276666667
1548,0.056666667
1549,0.243333333
1550,0.006666667
1551,-1.08
1552,-1.206666667
1553,-0.973333333
1554,0.18
1555,-0.183333333
1556,-0.506666667
1557,-0.326666667
1558,0.036666667
1559,-0.22
1560,-0.466666667
1561,-1.09
1562,-1.05
1563,-1.193333333
1564,-1.633333333
1565,-1.206666667
1566,-1.33
1567,-0.206666667
1568,-0.51
1569,-0.243333333
1570,-0.42
1571,-0.213333333
1572,-0.773333333
1573,-0.63
1574,-0.426666667
1575,0.193333333
1576,0.166666667
1577,-0.026666667
1578,-0.086666667
1579,-0.086666667
1580,1.15E-15
1581,-0.85
1582,-1.253333333
1583,-1.233333333
1584,0.046666667
1585,0.223333333
1586,-0.09
1587,-1.243333333
1588,-1.016666667
1589,-0.723333333
1590,-0.433333333
1591,-0.7
1592,-0.86
1593,-0.426666667
1594,0.55
1595,0.9
1596,0.9
1597,0.19
1598,1.30E-15
1599,-1.57
1600,-2.473333333
1601,-1.95
1602,-0.38
1603,0.523333333
1604,1.26E-15
1605,-1.436666667
1606,-2.6
1607,-4.276666667
1608,-1.636666667
1609,-0.473333333
1610,0.163333333
1611,-1.256666667
1612,-2.19
1613,-1.15
1614,-0.95
1615,-0.016666667
1616,-0.03
1617,-0.233333333
1618,-0.156666667
1619,-0.143333333
1620,0.076666667
1621,-0.293333333
1622,0.273333333
1623,0.07
1624,-3.92
1625,-4.486666667
1626,-4.283333333
1627,-0.253333333
1628,-0.743333333
1629,-1.193333333
1630,0.64
1631,1.13
1632,1.58
1633,-0.946666667
1634,0.38
1635,2.31
1636,3.193333333
1637,1.866666667
1638,-0.063333333
1639,-1.24
1640,-3.296666667
1641,-3.296666667
1642,-2.096666667
1643,-0.976666667
1644,-2.81
1645,-3.636666667
1646,-2.193333333
1647,-0.553333333
1648,0.41
1649,0.21
1650,0.57
1651,0.473333333
1652,0.166666667
1653,5.55E-16
1654,5.55E-16
1655,-0.306666667
1656,-0.306666667
1657,-0.306666667
1658,-0.156666667
1659,-1.146666667
1660,-1.146666667
1661,-0.83
1662,0.16
1663,0.29
1664,0.13
1665,-0.053333333
1666,-0.183333333
1667,-0.69
1668,-0.85
1669,-0.85
1670,0.17
1671,0.616666667
1672,1.073333333
1673,1.113333333
1674,1.01
1675,0.553333333
1676,5.18E-16
1677,-0.123333333
1678,-0.186666667
1679,-0.186666667
1680,-0.1
1681,-0.923333333
1682,-1.563333333
1683,-1.526666667
1684,-0.64
1685,0.803333333
1686,0.803333333
1687,0.803333333
1688,-0.17
1689,-0.303333333
1690,-0.303333333
1691,-0.133333333
1692,0.74
1693,0.74
1694,0.616666667
1695,-0.723333333
1696,-0.723333333
1697,-0.293333333
1698,0.76
1699,0.76
1700,-0.58
1701,-1.033333333
1702,-0.85
1703,0.426666667
1704,0.426666667
1705,0.26
1706,0.016666667
1707,0.836666667
1708,0.82
1709,0.23
1710,-0.346666667
1711,-0.12
1712,0.736666667
1713,0.823333333
1714,0.596666667
1715,0.156666667
1716,0.346666667
1717,0.346666667
1718,0.966666667
1719,0.323333333
1720,0.55
1721,0.103333333
1722,0.31
1723,0.083333333
1724,0.643333333
1725,0.436666667
1726,0.19
1727,-0.37
1728,-0.236666667
1729,0.01
1730,0.01
1731,6.38E-16
1732,0.06
1733,0.06
1734,0.173333333
1735,0.6
1736,0.246666667
1737,-0.593333333
1738,-1.08
1739,-0.726666667
1740,0.183333333
1741,0.083333333
1742,0.266666667
1743,0.6
1744,0.7
1745,0.316666667
1746,-0.2
1747,-0.046666667
1748,0.093333333
1749,0.296666667
1750,0.143333333
1751,0.203333333
1752,5.55E-16
1753,5.55E-16
1754,0.173333333
1755,0.413333333
1756,0.566666667
1757,0.393333333
1758,0.153333333
1759,-0.476666667
1760,-0.523333333
1761,-1.06
1762,-0.583333333
1763,-0.68
1764,-0.143333333
1765,0.09
1766,0.11
1767,-0.24
1768,-0.626666667
1769,-0.616666667
1770,-0.266666667
1771,-0.113333333
1772,5.92E-16
1773,0.936666667
1774,0.936666667
1775,0.98
1776,0.173333333
1777,0.173333333
1778,0.13
1779,5.92E-16
1780,5.92E-16
1781,0.436666667
1782,0.436666667
1783,0.436666667
1784,0.146666667
1785,-0.036666667
1786,-1.193333333
1787,-1.34
1788,-0.993333333
1789,0.283333333
1790,1.003333333
1791,0.84
1792,-0.056666667
1793,-1.233333333
1794,-1.233333333
1795,-0.986666667
1796,-0.53
1797,-0.286666667
1798,0.456666667
1799,0.313333333
1800,-0.83
1801,-1.043333333
1802,-1.16
1803,0.043333333
1804,0.043333333
1805,0.303333333
1806,0.733333333
1807,0.733333333
1808,0.733333333
1809,2.96E-16
1810,-0.123333333
1811,-1.196666667
1812,-1.37
1813,-1.456666667
1814,-0.383333333
1815,-1.033333333
1816,-0.823333333
1817,-0.64
1818,0.1
1819,-0.103333333
1820,-0.256666667
1821,0.07
1822,0.73
1823,0.803333333
1824,0.573333333
1825,-0.456666667
1826,-0.56
1827,0.783333333
1828,1.356666667
1829,1.356666667
1830,0.02
1831,0.02
1832,-0.53
1833,-0.55
1834,-1.693333333
1835,-1.143333333
1836,-1.143333333
1837,0.746666667
1838,0.87
1839,0.71
1840,1.17
1841,1.503333333
1842,2.25
1843,1.546666667
1844,1.016666667
1845,0.703333333
1846,0.606666667
1847,1.323333333
1848,0.623333333
1849,-1.08
1850,-1.723333333
1851,-1.296666667
1852,-0.263333333
1853,0.043333333
1854,0.106666667
1855,0.37
1856,0.063333333
1857,0.953333333
1858,1.543333333
1859,2.5
1860,1.636666667
1861,1.9
1862,1.04
1863,0.276666667
1864,-0.57
1865,-0.31
1866,0.363333333
1867,1.38
1868,1.023333333
1869,1.126666667
1870,0.103333333
1871,-1.303333333
1872,-1.82
1873,-1.05
1874,1.54
1875,1.953333333
1876,1.106666667
1877,-0.32
1878,-0.32
1879,-0.243333333
1880,0.066666667
1881,0.44
1882,0.89
1883,0.823333333
1884,0.45
1885,7.40E-16
1886,0.066666667
1887,0.066666667
1888,0.066666667
1889,0.816666667
1890,1.13
1891,1.13
1892,0.313333333
1893,-0.183333333
1894,-0.183333333
1895,-0.183333333
1896,1.41
1897,2.396666667
1898,2.426666667
1899,1.073333333
1900,0.71
1901,0.68
1902,1.44
1903,0.816666667
1904,1.656666667
1905,1.44
1906,1.653333333
1907,1.7
1908,2.046666667
1909,3.296666667
1910,2.68
1911,1.12
1912,-0.313333333
1913,-0.236666667
1914,1
1915,-0.866666667
1916,-1.213333333
1917,-5.11
1918,-3.273333333
1919,-3.273333333
1920,1.153333333
1921,2.586666667
1922,3.596666667
1923,4.22
1924,3.033333333
1925,2.776666667
1926,2.463333333
1927,2.556666667
1928,2.806666667
1929,2.176666667
1930,3.186666667
1931,3.61
1932,3.136666667
1933,2.853333333
1934,3.12
1935,2.783333333
1936,2.166666667
1937,1.79
1938,1.706666667
1939,1.913333333
1940,2.04
1941,2.623333333
1942,2.39
1943,1.12
1944,1.47
1945,1.066666667
1946,1.413333333
1947,0.843333333
1948,1.09
1949,1.453333333
1950,2.303333333
1951,2.773333333
1952,2.51
1953,2.003333333
1954,2.14
1955,2.876666667
1956,3.71
1957,3.703333333
1958,3.436666667
1959,2.343333333
1960,1.87
1961,0.78
1962,0.283333333
1963,-0.66
1964,-0.926666667
1965,-0.74
1966,1.243333333
1967,1.51
1968,1.58
1969,2.196666667
1970,2.623333333
1971,1.45
1972,-0.6
1973,1.58
1974,2.606666667
1975,2.67
1976,0.17
1977,0.17
1978,-0.33
1979,-0.436666667
1980,0.19
1981,1.006666667
1982,1.006666667
1983,0.38
1984,-7.40E-17
1985,1.24
1986,2.263333333
1987,2.353333333
1988,2.403333333
1989,1.133333333
1990,1.043333333
1991,-0.246666667
1992,0.47
1993,0.58
1994,0.66
1995,0.006666667
1996,-0.103333333
1997,-0.183333333
1998,0.413333333
1999,0.413333333
2000,0.433333333
2001,0.763333333
2002,0.763333333
2003,0.743333333
2004,0.33
2005,0.33
2006,0.33
2007,0.273333333
2008,0.273333333
2009,0.43
2010,-0.15
2011,-1.086666667
2012,-1.243333333
2013,-1.096666667
2014,0.206666667
2015,1.213333333
2016,1.713333333
2017,1.346666667
2018,0.34
2019,0.083333333
2020,0.083333333
2021,-0.553333333
2022,0.08
2023,0.183333333
2024,0.82
2025,0.44
2026,1.026666667
2027,0.966666667
2028,0.63
2029,-0.12
2030,-0.06
2031,0.033333333
2032,0.196666667
2033,-0.516666667
2034,-1.426666667
2035,-2.42
2036,-2.393333333
2037,-1.436666667
2038,-0.61
2039,0.136666667
2040,0.76
2041,0.823333333
2042,0.763333333
2043,-0.233333333
2044,0.056666667
2045,-0.096666667
2046,0.153333333
2047,-0.426666667
2048,-0.813333333
2049,-0.83
2050,-0.476666667
2051,0.063333333
2052,0.063333333
2053,-6.11E-16
2054,0.036666667
2055,0.14
2056,0.14
2057,0.096666667
2058,-0.006666667
2059,-0.25
2060,-0.346666667
2061,-0.346666667
2062,-0.103333333
2063,0.533333333
2064,-0.013333333
2065,-0.343333333
2066,-1.646666667
2067,-0.976666667
2068,-0.646666667
2069,-1.236666667
2070,-3.666666667
2071,-5.553333333
2072,-2.54
2073,-0.233333333
2074,3.3
2075,1.646666667
2076,1.28
2077,-0.323333333
2078,-0.323333333
2079,0.15
2080,0.44
2081,0.44
2082,0.42
2083,0.2
2084,-0.043333333
2085,-0.13
2086,-0.22
2087,-0.06
2088,-0.06
2089,-0.083333333
2090,5.37E-16
2091,5.37E-16
2092,-0.06
2093,-0.06
2094,0.18
2095,-0.15
2096,-0.35
2097,-0.59
2098,-0.2
2099,0.336666667
2100,0.336666667
2101,0.336666667
2102,1.69
2103,2.17
2104,1.743333333
2105,-0.143333333
2106,-0.623333333
2107,-0.196666667
2108,4.07E-16
2109,4.07E-16
2110,0.06
2111,0.06
2112,0.243333333
2113,0.183333333
2114,0.183333333
2115,4.44E-16
2116,-2.366666667
2117,-2.956666667
2118,-2.956666667
2119,-0.283333333
2120,2.13
2121,2.13
2122,1.823333333
2123,-0.673333333
2124,-1.1
2125,-0.576666667
2126,0.486666667
2127,0.9
2128,0.376666667
2129,0.263333333
2130,0.77
2131,1.156666667
2132,0.696666667
2133,-0.35
2134,-0.803333333
2135,-0.193333333
2136,0.713333333
2137,0.823333333
2138,0.596666667
2139,0.243333333
2140,0.226666667
2141,0.593333333
2142,0.886666667
2143,0.936666667
2144,0.463333333
2145,0.616666667
2146,0.65
2147,0.556666667
2148,1.763333333
2149,1.336666667
2150,0.963333333
2151,-0.69
2152,-0.373333333
2153,8.14E-16
2154,-0.29
2155,-0.26
2156,1.146666667
2157,0.97
2158,1.263333333
2159,1.18
2160,1.646666667
2161,1.323333333
2162,-0.306666667
2163,-0.673333333
2164,-0.613333333
2165,-0.306666667
2166,0.06
2167,1.05E-15
2168,1.05E-15
2169,-0.8
2170,-1.113333333
2171,-0.846666667
2172,0.696666667
2173,0.943333333
2174,2.056666667
2175,3.356666667
2176,3.423333333
2177,2.393333333
2178,0.966666667
2179,1.21
2180,1.92
2181,2.393333333
2182,1.59
2183,0.37
2184,-0.49
2185,0.07
2186,0.32
2187,0.516666667
2188,0.76
2189,1.22
2190,1.57
2191,1.326666667
2192,0.896666667
2193,0.65
2194,2.01
2195,1.28
2196,0.866666667
2197,-0.493333333
2198,0.116666667
2199,-0.526666667
2200,-0.873333333
2201,-0.826666667
2202,-0.013333333
2203,0.333333333
2204,0.87
2205,0.676666667
2206,0.83
2207,0.246666667
2208,0.423333333
2209,0.353333333
2210,0.773333333
2211,0.3
2212,0.2
2213,-0.076666667
2214,0.76
2215,0.816666667
2216,2.403333333
2217,1.77
2218,0.5
2219,-1.23
2220,-2.333333333
2221,-1.103333333
2222,-0.713333333
2223,0.39
2224,2.11
2225,1.72
2226,1.35
2227,-0.98
2228,-0.91
2229,-0.083333333
2230,0.526666667
2231,0.456666667
2232,-0.303333333
2233,0.113333333
2234,0.05
2235,0.393333333
2236,0.273333333
2237,0.213333333
2238,-0.05
2239,-0.346666667
2240,0.206666667
2241,0.43
2242,0.64
2243,0.146666667
2244,0.13
2245,-0.003333333
2246,0.06
2247,-0.046666667
2248,-0.123333333
2249,-0.063333333
2250,0.06
2251,-0.583333333
2252,-0.643333333
2253,-0.766666667
2254,-0.123333333
2255,0.516666667
2256,0.58
2257,0.58
2258,-0.596666667
2259,-0.936666667
2260,-0.936666667
2261,-0.706666667
2262,0.733333333
2263,1.703333333
2264,2.356666667
2265,1.316666667
2266,0.56
2267,0.55
2268,0.986666667
2269,1.453333333
2270,1.37
2271,0.933333333
2272,1.35
2273,1.97
2274,1.85
2275,0.08
2276,0.103333333
2277,1.456666667
2278,2.293333333
2279,1.626666667
2280,1.09
2281,1.03
2282,0.556666667
2283,0.183333333
2284,0.08
2285,0.323333333
2286,1.41E-15
2287,-0.616666667
2288,-0.616666667
2289,-0.616666667
2290,0.286666667
2291,0.5
2292,0.5
2293,0.213333333
2294,1.41E-15
2295,-1.643333333
2296,-1.643333333
2297,-1.696666667
2298,0.5
2299,1.27
2300,1.836666667
2301,1.283333333
2302,-0.17
2303,-0.96
2304,-0.43
2305,0.253333333
2306,1.01
2307,0.48
2308,0.48
2309,0.116666667
2310,0.633333333
2311,0.883333333
2312,0.766666667
2313,0.25
2314,1.55E-15
2315,0.7
2316,0.7
2317,0.18
2318,-0.52
2319,0.286666667
2320,0.93
2321,0.976666667
2322,0.17
2323,0.046666667
2324,0.4
2325,0.613333333
2326,0.636666667
2327,0.113333333
2328,-0.1
2329,-0.123333333
2330,0.816666667
2331,0.983333333
2332,0.983333333
2333,0.166666667
2334,0.266666667
2335,-0.1
2336,-0.1
2337,-0.366666667
2338,0.263333333
2339,0.263333333
2340,-0.913333333
2341,-1.176666667
2342,0.443333333
2343,1.62
2344,0.263333333
2345,-1.233333333
2346,-0.35
2347,0.953333333
2348,0.366666667
2349,-0.516666667
2350,-0.34
2351,0.873333333
2352,1.263333333
2353,1.14
2354,-0.196666667
2355,-0.566666667
2356,-0.566666667
2357,0.893333333
2358,1.776666667
2359,1.776666667
2360,0.413333333
2361,-0.49
2362,-0.49
2363,2.15E-15
2364,2.15E-15
2365,0.09
2366,0.09
2367,0.503333333
2368,0.866666667
2369,0.866666667
2370,0.826666667
2371,0.373333333
2372,-0.723333333
2373,-1.096666667
2374,-0.943333333
2375,0.213333333
2376,0.81
2377,1.703333333
2378,1.643333333
2379,1.093333333
2380,0.993333333
2381,0.993333333
2382,0.946666667
2383,1.16
2384,2.053333333
2385,2.053333333
2386,0.96
2387,-0.243333333
2388,-0.243333333
2389,0.26
2390,0.84
2391,1.326666667
2392,0.573333333
2393,0.226666667
2394,-0.26
2395,-0.076666667
2396,-0.346666667
2397,-0.346666667
2398,0.623333333
2399,1.386666667
2400,1.996666667
2401,1.026666667
2402,0.63
2403,-0.096666667
2404,-0.033333333
2405,0.323333333
2406,0.443333333
2407,0.303333333
2408,0.033333333
2409,0.703333333
2410,0.78
2411,0.693333333
2412,-0.62
2413,-0.62
2414,-0.64
2415,1.386666667
2416,1.386666667
2417,0.403333333
2418,-0.983333333
2419,-2.6
2420,-1.97
2421,-1.97
2422,-0.353333333
2423,-0.143333333
2424,-0.143333333
2425,0.54
2426,0.683333333
2427,0.536666667
2428,-0.083333333
2429,-0.083333333
2430,-0.146666667
2431,-0.083333333
2432,-0.02
2433,0.706666667
2434,0.96
2435,0.426666667
2436,-0.536666667
2437,-1.316666667
2438,-0.6
2439,0.153333333
2440,0.87
2441,0.52
2442,0.273333333
2443,0.77
2444,0.873333333
2445,0.813333333
2446,2.22E-15
2447,-0.296666667
2448,0.176666667
2449,0.22
2450,0.516666667
2451,0.043333333
2452,-0.083333333
2453,-0.083333333
2454,-0.083333333
2455,-0.126666667
2456,-0.06
2457,0.05
2458,0.303333333
2459,0.073333333
2460,-0.206666667
2461,-0.44
2462,0.353333333
2463,1.406666667
2464,1.343333333
2465,0.933333333
2466,-0.446666667
2467,-0.593333333
2468,-0.94
2469,-0.24
2470,0.14
2471,0.163333333
2472,-0.1
2473,-0.333333333
2474,-0.483333333
2475,-0.55
2476,-0.803333333
2477,-0.156666667
2478,-0.03
2479,0.29
2480,-0.186666667
2481,-0.186666667
2482,-0.88
2483,-0.796666667
2484,-0.24
2485,0.423333333
2486,0.253333333
2487,-0.303333333
2488,0.056666667
2489,-0.233333333
2490,-1.173333333
2491,-1.4
2492,-0.94
2493,-0.11
2494,-1.096666667
2495,-0.666666667
2496,-0.166666667
2497,1.08
2498,0.65
2499,0.466666667
2500,0.206666667
2501,-0.2
2502,-0.406666667
2503,0.19
2504,0.596666667
2505,0.743333333
2506,0.086666667
2507,-1.03
2508,-1.473333333
2509,-0.983333333
2510,0.09
2511,0.386666667
2512,-0.043333333
2513,0.183333333
2514,0.183333333
2515,-0.236666667
2516,-0.256666667
2517,-0.256666667
2518,0.576666667
2519,0.413333333
2520,0.413333333
2521,-0.06
2522,-0.06
2523,-0.206666667
2524,-0.146666667
2525,0.513333333
2526,0.966666667
2527,0.966666667
2528,0.306666667
2529,-0.06
2530,-0.543333333
2531,-0.66
2532,-1.04
2533,-0.556666667
2534,-0.516666667
2535,-0.726666667
2536,-0.726666667
2537,-0.426666667
2538,0.37
2539,0.37
2540,0.2
2541,-0.1
2542,-0.933333333
2543,-0.986666667
2544,-0.833333333
2545,2.07E-15
2546,0.123333333
2547,-0.256666667
2548,-0.03
2549,-0.38
2550,2.07E-15
2551,0.373333333
2552,0.99
2553,1.566666667
2554,1.483333333
2555,1.093333333
2556,0.516666667
2557,-0.366666667
2558,-0.4
2559,-0.323333333
2560,0.043333333
2561,0.076666667
2562,0.31
2563,0.493333333
2564,1.533333333
2565,0.976666667
2566,-1.286666667
2567,-2.326666667
2568,-2.033333333
2569,0.046666667
2570,0.046666667
2571,1.96E-15
2572,0.456666667
2573,0.676666667
2574,1.6
2575,1.23
2576,1.01
2577,-0.28
2578,-0.823333333
2579,-0.823333333
2580,-0.456666667
2581,-0.41
2582,-0.41
2583,-0.41
2584,0.456666667
2585,0.456666667
2586,0.653333333
2587,0.196666667
2588,0.736666667
2589,0.483333333
2590,0.63
2591,0.34
2592,0.08
2593,0.096666667
2594,0.736666667
2595,1.053333333
2596,0.89
2597,1.78E-15
2598,1.78E-15
2599,1.78E-15
2600,0.193333333
2601,0.57
2602,0.386666667
2603,0.193333333
2604,-0.183333333
2605,0.076666667
2606,-0.13
2607,-0.063333333
2608,-0.14
2609,1.43
2610,2.483333333
2611,1.25
2612,-0.946666667
2613,-1.576666667
2614,1.32
2615,2.663333333
2616,2.466666667
2617,2.18
2618,1.67
2619,2
2620,0.77
2621,0.77
2622,0.35
2623,0.753333333
2624,0.693333333
2625,0.753333333
2626,0.916666667
2627,0.67
2628,0.1
2629,-0.49
2630,0.54
2631,1.696666667
2632,1.573333333
2633,1.07
2634,-0.033333333
2635,-0.033333333
2636,-0.253333333
2637,0.853333333
2638,1.243333333
2639,1.916666667
2640,1.063333333
2641,0.936666667
2642,0.166666667
2643,0.166666667
2644,-0.096666667
2645,1.34
2646,2.336666667
2647,3.153333333
2648,1.276666667
2649,0.67
2650,0.023333333
2651,0.923333333
2652,1.083333333
2653,0.913333333
2654,0.856666667
2655,0.353333333
2656,0.626666667
2657,0.37
2658,0.176666667
2659,0.323333333
2660,1.06
2661,1.206666667
2662,0.91
2663,0.123333333
2664,1.003333333
2665,0.88
2666,1.503333333
2667,0.623333333
2668,0.623333333
2669,1.43
2670,2.166666667
2671,2.166666667
2672,0.736666667
2673,0.203333333
2674,0.82
2675,0.82
2676,0.68
2677,-0.06
2678,0.463333333
2679,0.95
2680,1.13
2681,1.19
2682,0.64
2683,0.803333333
2684,-0.083333333
2685,0.166666667
2686,0.003333333
2687,0.306666667
2688,0.773333333
2689,1.043333333
2690,0.923333333
2691,0.206666667
2692,-0.12
2693,0.12
2694,0.426666667
2695,0.566666667
2696,0.693333333
2697,0.386666667
2698,0.023333333
2699,-0.223333333
2700,1.143333333
2701,1.306666667
2702,1.306666667
2703,-0.06
2704,-0.373333333
2705,-0.373333333
2706,-0.373333333
2707,-0.043333333
2708,-0.056666667
2709,0.076666667
2710,-0.056666667
2711,-0.43
2712,-0.933333333
2713,0.42
2714,1.586666667
2715,2.663333333
2716,1.486666667
2717,0.4
2718,-0.81
2719,-0.553333333
2720,-0.246666667
2721,0.256666667
2722,0.073333333
2723,0.276666667
2724,0.233333333
2725,0.16
2726,0.38
2727,0.376666667
2728,0.15
2729,-0.57
2730,-0.396666667
2731,0.02
2732,0.253333333
2733,0.083333333
2734,-0.106666667
2735,-0.043333333
2736,2.83E-15
2737,0.526666667
2738,0.72
2739,0.536666667
2740,-0.136666667
2741,-0.456666667
2742,-0.15
2743,-0.003333333
2744,-0.003333333
2745,-0.063333333
2746,-0.063333333
2747,0.416666667
2748,0.353333333
2749,0.456666667
2750,0.42
2751,0.566666667
2752,0.403333333
2753,0.086666667
2754,-0.06
2755,2.89E-15
2756,-0.83
2757,-0.83
2758,-0.283333333
2759,0.006666667
2760,0.006666667
2761,-0.69
2762,-0.413333333
2763,-0.42
2764,-0.026666667
2765,0.42
2766,2.566666667
2767,2.323333333
2768,1.346666667
2769,-0.716666667
2770,-0.716666667
2771,0.076666667
2772,-0.873333333
2773,-0.873333333
2774,-0.74
2775,0.343333333
2776,0.786666667
2777,0.366666667
2778,0.156666667
2779,-0.286666667
2780,-0.15
2781,-0.15
2782,-0.15
2783,-0.496666667
2784,-0.496666667
2785,0.796666667
2786,1.736666667
2787,1.756666667
2788,0.216666667
2789,-0.226666667
2790,-0.246666667
2791,2.74E-15
2792,-0.06
2793,-0.12
2794,-0.12
2795,0.24
2796,0.3
2797,0.346666667
2798,0.03
2799,0.03
2800,0.273333333
2801,0.29
2802,0.126666667
2803,-0.203333333
2804,-0.14
2805,0.21
2806,0.25
2807,0.186666667
2808,2.66E-15
2809,-0.236666667
2810,-0.13
2811,0.456666667
2812,0.693333333
2813,0.716666667
2814,0.886666667
2815,1.12
2816,1.166666667
2817,0.58
2818,0.346666667
2819,0.17
2820,3.18E-15
2821,0.026666667
2822,0.11
2823,-0.79
2824,-0.966666667
2825,-0.33
2826,0.993333333
2827,1.143333333
2828,0.423333333
2829,0.646666667
2830,1.566666667
2831,2.6
2832,1.953333333
2833,2.126666667
2834,0.71
2835,0.78
2836,-0.093333333
2837,0.54
2838,0.47
2839,0.926666667
2840,0.396666667
2841,0.81
2842,0.736666667
2843,1.373333333
2844,1.153333333
2845,0.763333333
2846,0.843333333
2847,1.656666667
2848,1.693333333
2849,0.89
2850,-0.116666667
2851,-0.843333333
2852,-1.32
2853,-0.363333333
2854,-0.376666667
2855,0.223333333
2856,-0.903333333
2857,-0.396666667
2858,-0.15
2859,-0.443333333
2860,-0.843333333
2861,-0.6
2862,-0.136666667
2863,-0.483333333
2864,-0.73
2865,-0.056666667
2866,0.673333333
2867,0.966666667
2868,0.293333333
2869,0.293333333
2870,-0.21
2871,-0.576666667
2872,-0.576666667
2873,-0.366666667
2874,2.81E-15
2875,2.81E-15
2876,-0.166666667
2877,-0.166666667
2878,0.436666667
2879,1.24
2880,1.24
2881,0.993333333
2882,0.296666667
2883,-0.443333333
2884,-0.74
2885,-0.68
2886,0.883333333
2887,1.373333333
2888,1.373333333
2889,-0.106666667
2890,-0.553333333
2891,-0.553333333
2892,0.103333333
2893,-0.2
2894,-0.703333333
2895,-0.703333333
2896,1.423333333
2897,1.916666667
2898,1.633333333
2899,-0.123333333
2900,0.013333333
2901,0.296666667
2902,0.126666667
2903,2.92E-15
2904,2.92E-15
2905,-1.296666667
2906,-1.296666667
2907,-1.296666667
2908,-0.083333333
2909,-0.553333333
2910,-0.853333333
2911,-0.526666667
2912,-0.056666667
2913,0.916666667
2914,1.006666667
2915,0.803333333
2916,-0.293333333
2917,-0.626666667
2918,0.19
2919,1.013333333
2920,1.013333333
2921,0.24
2922,-0.2
2923,0.263333333
2924,0.843333333
2925,1.183333333
2926,0.72
2927,0.32
2928,-0.243333333
2929,-0.09
2930,0.38
2931,1.683333333
2932,2.166666667
2933,1.553333333
2934,0.513333333
2935,-0.72
2936,-0.596666667
2937,-0.596666667
2938,-0.246666667
2939,0.56
2940,0.796666667
2941,1.553333333
2942,0.753333333
2943,1.153333333
2944,1.186666667
2945,1.18
2946,0.543333333
2947,1.36
2948,1.843333333
2949,1.21
2950,-0.5
2951,-0.983333333
2952,-0.35
2953,-0.173333333
2954,0.366666667
2955,1.136666667
2956,1.31
2957,0.693333333
2958,-0.013333333
2959,0.433333333
2960,0.853333333
2961,0.84
2962,0.393333333
2963,0.343333333
2964,0.913333333
2965,1.49
2966,1.416666667
2967,0.796666667
2968,0.22
2969,3.15E-15
2970,0.28
2971,0.416666667
2972,0.416666667
2973,0.556666667
2974,0.42
2975,1.24
2976,1.14
2977,1.14
2978,-0.183333333
2979,-1.2
2980,-1.18
2981,-0.553333333
2982,1.123333333
2983,1.103333333
2984,1.98
2985,1
2986,1.096666667
2987,0.196666667
2988,0.8
2989,1.156666667
2990,1.056666667
2991,1.563333333
2992,1.433333333
2993,1.713333333
2994,1.35
2995,1.783333333
2996,1.32
2997,0.573333333
2998,-0.073333333
2999,-0.87
3000,-1.553333333
3001,-1.663333333
3002,0.216666667
3003,1.823333333
3004,2.63
3005,1.73
3006,0.03
3007,-0.776666667
3008,0.723333333
3009,1.776666667
3010,1.933333333
3011,1.486666667
3012,4.183333333
3013,4.98
3014,3.8
3015,1.03
3016,0.076666667
3017,0.203333333
3018,2.576666667
3019,1.5
3020,2.58
3021,0.78
3022,1.81
3023,1.36
3024,2.763333333
3025,4.273333333
3026,4.67
3027,2.883333333
3028,2.863333333
3029,2.06
3030,2.9
3031,2.603333333
3032,3.123333333
3033,2.943333333
3034,3.423333333
3035,2.68
3036,3.343333333
3037,4.82
3038,5.293333333
3039,2.956666667
3040,0.416666667
3041,0.966666667
3042,2.376666667
3043,2.73
3044,3.066666667
3045,2.483333333
3046,2.243333333
3047,2.616666667
3048,4.02
3049,3.76
3050,2.553333333
3051,2.693333333
3052,1.163333333
3053,0.78
3054,0.433333333
3055,1.546666667
3056,2.56
3057,0.586666667
3058,0.586666667
3059,1.66
3060,2.23
3061,1.983333333
3062,-0.096666667
3063,1.12
3064,2.406666667
3065,2.993333333
3066,2.376666667
3067,0.776666667
3068,-0.973333333
3069,-2.603333333
3070,-1.726666667
3071,1.56
3072,2.59
3073,2.273333333
3074,-0.886666667
3075,-0.96
3076,0.676666667
3077,2.546666667
3078,3.206666667
3079,1.506666667
3080,1.486666667
3081,0.143333333
3082,0.206666667
3083,-0.226666667
3084,0.53
3085,1.846666667
3086,1.976666667
3087,1.813333333
3088,0.563333333
3089,0.803333333
3090,1.236666667
3091,0.82
3092,0.956666667
3093,1.65
3094,2.7
3095,1.243333333
3096,0.28
3097,-0.21
3098,0.133333333
3099,-0.11
3100,0.633333333
3101,0.71
3102,1.19
3103,0.363333333
3104,0.853333333
3105,0.433333333
3106,0.39
3107,0.173333333
3108,0.356666667
3109,0.273333333
3110,0.343333333
3111,0.583333333
3112,0.89
3113,0.546666667
3114,0.056666667
3115,-0.25
3116,-0.25
3117,0.756666667
3118,0.76
3119,0.76
3120,0.126666667
3121,0.9
3122,0.9
3123,0.776666667
3124,2.066666667
3125,2.066666667
3126,2.066666667
3127,0.693333333
3128,0.326666667
3129,0.326666667
3130,-1.26
3131,-1.443333333
3132,-2.393333333
3133,-2.323333333
3134,-1.653333333
3135,-0.473333333
3136,0.35
3137,-0.373333333
3138,-0.42
3139,0.193333333
3140,0.796666667
3141,0.92
3142,0.306666667
3143,1.02
3144,-0.196666667
3145,-1.543333333
3146,-2.576666667
3147,-0.98
3148,6.15
3149,11.73
3150,10.79666667
3151,0.13
3152,-5.13
3153,-4.883333333
3154,5.92E-16
3155,-0.54
3156,-0.54
3157,-0.54
3158,0.426666667
3159,0.423333333
3160,0.05
3161,-0.376666667
3162,-0.403333333
3163,-1.03
3164,-1.75
3165,-1.166666667
3166,0.486666667
3167,1.083333333
3168,-1.226666667
3169,-1.88
3170,-2.386666667
3171,-3.456666667
3172,-2.966666667
3173,4.49
3174,7.376666667
3175,3.896666667
3176,2.716666667
3177,3.56
3178,3.49
3179,-1.57
3180,-1.323333333
3181,2.363333333
3182,2.286666667
3183,1.193333333
3184,1.41
3185,1.03
3186,0.626666667
3187,-0.276666667
3188,-0.31
3189,0.173333333
3190,0.523333333
3191,0.82
3192,0.683333333
3193,0.563333333
3194,0.26
3195,0.28
3196,0.536666667
3197,0.446666667
3198,0.846666667
3199,0.053333333
3200,-0.13
3201,-0.486666667
3202,-0.12
3203,0.063333333
3204,-0.076666667
3205,-0.766666667
3206,-0.766666667
3207,-0.69
3208,0.983333333
3209,1.253333333
3210,1.46
3211,1.236666667
3212,0.843333333
3213,0.12
3214,-0.64
3215,-0.333333333
3216,0.5
3217,0.926666667
3218,0.546666667
3219,1.07
3220,-0.026666667
3221,-2.436666667
3222,-3.276666667
3223,-2.733333333
3224,-2.173333333
3225,-2.883333333
3226,-2.823333333
3227,-0.326666667
3228,0.38
3229,0.65
3230,0.516666667
3231,0.52
3232,0.316666667
3233,7.03E-16
3234,7.03E-16
3235,0.156666667
3236,0.263333333
3237,0.263333333
3238,0.106666667
3239,0.376666667
3240,0.376666667
3241,0.376666667
3242,-0.293333333
3243,-0.276666667
3244,-0.303333333
3245,-0.01
3246,-0.956666667
3247,-0.93
3248,-0.93
3249,-0.243333333
3250,-0.573333333
3251,-0.573333333
3252,0.223333333
3253,0.696666667
3254,1.013333333
3255,-0.133333333
3256,-1.206666667
3257,-1.523333333
3258,-1.243333333
3259,-0.07
3260,-0.153333333
3261,-0.09
3262,-0.333333333
3263,0.066666667
3264,0.316666667
3265,0.5
3266,0.183333333
3267,0.183333333
3268,0.08
3269,0.04
3270,-0.426666667
3271,-0.506666667
3272,-0.466666667
3273,7.40E-16
3274,-0.46
3275,-0.46
3276,-0.65
3277,0.143333333
3278,0.143333333
3279,0.8
3280,1.183333333
3281,0.936666667
3282,0.47
3283,-1.26
3284,-1.946666667
3285,-2.783333333
3286,-1.293333333
3287,-0.463333333
3288,0.66
3289,0.223333333
3290,0.293333333
3291,0.006666667
3292,-1.01
3293,-0.743333333
3294,-0.69
3295,0.41
3296,-0.07
3297,-0.49
3298,-0.796666667
3299,-2.82
3300,-6.243333333
3301,-8.903333333
3302,-8.41
3303,-2.843333333
3304,2.82
3305,4.596666667
3306,2.27
3307,-0.343333333
3308,0.803333333
3309,1.273333333
3310,2.4
3311,1.253333333
3312,1.223333333
3313,0.293333333
3314,1.303333333
3315,2.11
3316,1.943333333
3317,0.933333333
3318,0.486666667
3319,0.25
3320,0.163333333
3321,0.11
3322,1.273333333
3323,1.176666667
3324,0.183333333
3325,-0.363333333
3326,0.2
3327,1.35
3328,0.243333333
3329,-1.346666667
3330,-1.7
3331,-0.86
3332,0.483333333
3333,1.053333333
3334,1.216666667
3335,1.726666667
3336,1.366666667
3337,0.973333333
3338,-0.033333333
3339,-0.243333333
3340,0.09
3341,0.9
3342,0.9
3343,1.053333333
3344,1.506666667
3345,1.943333333
3346,1.336666667
3347,0.59
3348,0.153333333
3349,0.616666667
3350,1.536666667
3351,3.196666667
3352,4.23
3353,4.953333333
3354,2.643333333
3355,1.986666667
3356,2.046666667
3357,4.01
3358,4.19
3359,2.69
3360,1.173333333
3361,0.066666667
3362,-0.21
3363,0.61
3364,-0.036666667
3365,-0.026666667
3366,0.176666667
3367,1.35
3368,1.323333333
3369,0.76
3370,1.58
3371,2.57
3372,2.543333333
3373,1.196666667
3374,0.566666667
3375,1.323333333
3376,0.92
3377,0.496666667
3378,0.146666667
3379,0.636666667
3380,0.636666667
3381,0.833333333
3382,1.803333333
3383,3.89
3384,3.056666667
3385,2.046666667
3386,0.946666667
3387,2.09
3388,3.01
3389,1.613333333
3390,0.503333333
3391,0.506666667
3392,0.916666667
3393,3.066666667
3394,0.033333333
3395,0.033333333
3396,-2.15
3397,-8.88E-16
3398,-8.88E-16
3399,-8.88E-16
3400,-8.88E-16
3401,-2.083333333
3402,-1.656666667
3403,0.016666667
3404,2.96
3405,2.916666667
3406,2.406666667
3407,2.086666667
3408,3.733333333
3409,3.236666667
3410,3.286666667
3411,1.603333333
3412,2.093333333
3413,3.306666667
3414,4.216666667
3415,3.706666667
3416,1.636666667
3417,0.876666667
3418,1.016666667
3419,2.24
3420,2.443333333
3421,1.656666667
3422,1.18
3423,0.113333333
3424,-0.54
3425,-0.596666667
3426,-0.656666667
3427,-0.59
3428,-1.013333333
3429,0.3
3430,0.886666667
3431,0.246666667
3432,-0.333333333
3433,0.636666667
3434,1.816666667
3435,1.45
3436,-0.643333333
3437,-1.933333333
3438,-1.873333333
3439,-0.75
3440,0.243333333
3441,1.336666667
3442,1.336666667
3443,1.093333333
3444,-2.463333333
3445,-3.976666667
3446,-3.116666667
3447,1.16
3448,2.673333333
3449,2.063333333
3450,0.396666667
3451,0.956666667
3452,1.366666667
3453,2.05
3454,2.183333333
3455,1.033333333
3456,0.203333333
3457,0.166666667
3458,0.66
3459,0.536666667
3460,1.796666667
3461,3.166666667
3462,4.793333333
3463,2.876666667
3464,1.42
3465,1.78
3466,3.376666667
3467,3.716666667
3468,2.47
3469,2.143333333
3470,2.653333333
3471,1.913333333
3472,0.863333333
3473,1.526666667
3474,2.803333333
3475,3.283333333
3476,2.826666667
3477,2.066666667
3478,2.016666667
3479,0.94
3480,1.456666667
3481,1.91
3482,2.66
3483,4.526666667
3484,2.243333333
3485,4.333333333
3486,1.556666667
3487,4.133333333
3488,1.663333333
3489,1.95
3490,-0.436666667
3491,-0.606666667
3492,-0.626666667
3493,0.256666667
3494,0.486666667
3495,0.66
3496,1.473333333
3497,1.146666667
3498,0.96
3499,1.403333333
3500,1.403333333
3501,1.076666667
3502,0.196666667
3503,1.263333333
3504,2.903333333
3505,2.633333333
3506,1.566666667
3507,1.56
3508,2.326666667
3509,3.953333333
3510,4.883333333
3511,4.12
3512,2.87
3513,0.38
3514,3.75
3515,2.93
3516,2.986666667
3517,-0.863333333
3518,0.256666667
3519,2.186666667
3520,2.136666667
3521,1.46
3522,-0.023333333
3523,0.91
3524,1.616666667
3525,1.896666667
3526,1.956666667
3527,1.153333333
3528,1.776666667
3529,2.823333333
3530,3.653333333
3531,2.14
3532,1.65
3533,1.573333333
3534,3.486666667
3535,3.086666667
3536,3.806666667
3537,2.82
3538,3.613333333
3539,2.536666667
3540,1.2
3541,-0.743333333
3542,0.106666667
3543,1.24
3544,2.193333333
3545,1.806666667
3546,1.3
3547,-0.19
3548,-3.116666667
3549,-3.226666667
3550,-1.55
3551,1.25
3552,1.873333333
3553,2.06
3554,2.95
3555,1.996666667
3556,2.31
3557,2.043333333
3558,2.533333333
3559,1.976666667
3560,0.33
3561,-0.706666667
3562,-1.263333333
3563,0.186666667
3564,2.09
3565,3.8
3566,3.573333333
3567,3.856666667
3568,2.836666667
3569,4.133333333
3570,3.726666667
3571,4.693333333
3572,4.11
3573,3.523333333
3574,4.94
3575,3.923333333
3576,4.43
3577,0.89
3578,0.85
3579,0.85
3580,2.15
3581,3.286666667
3582,4.03
3583,4.853333333
3584,3.51
3585,1.99
3586,2.41
3587,2.843333333
3588,2.976666667
3589,1.31
3590,2.366666667
3591,2.993333333
3592,3.093333333
3593,3.863333333
3594,1.863333333
3595,1.913333333
3596,-0.023333333
3597,3.1
3598,3.003333333
3599,2.88
3600,3.74
3601,4.526666667
3602,5.96
3603,4.233333333
3604,2.983333333
3605,1.606666667
3606,3.033333333
3607,2.396666667
3608,2.583333333
3609,1.773333333
3610,4.116666667
3611,3.99
3612,3.546666667
3613,2.45
3614,2.34
3615,2.623333333
3616,1.773333333
3617,2.38
3618,1.943333333
3619,2.396666667
3620,1.266666667
3621,0.63
3622,2.31
3623,2.643333333
3624,2.98
3625,3.933333333
3626,5.473333333
3627,6.186666667
3628,4.87
3629,4.403333333
3630,5.9
3631,4.986666667
3632,3.94
3633,1.76
3634,2.776666667
3635,4.64
3636,1.996666667
3637,-1.28
3638,-5.14
3639,-4.993333333
3640,-3.35
3641,0.086666667
3642,1.58
3643,1.973333333
3644,-1.563333333
3645,-1.373333333
3646,0.503333333
3647,2.27
3648,2.27
3649,2
3650,1.81
3651,1.81
3652,0
