$Flow data for Stillwater; 2017,
Auto-Generated,
JDAY,Flow
1,3.2281152
2,2.82601664
3,2.5909872
4,2.33047264
5,2.20021536
6,2.08977984
7,2.2370272
8,2.9166304
9,2.40126464
10,1.97934432
11,1.9397008
12,1.81793856
13,1.67352288
14,1.52344384
15,1.3592064
16,1.3308896
17,1.29690944
18,1.4016816
19,1.44132512
20,1.43283008
21,1.35637472
22,1.29974112
23,1.24027584
24,1.22045408
25,1.2176224
26,1.14966208
27,1.11001856
28,1.13833536
29,1.39884992
30,1.3875232
31,1.27142432
32,1.19780064
33,1.13550368
34,1.16665216
35,1.12134528
36,1.08453344
37,1.06188
38,1.06188
39,1.12984032
40,1.37902816
41,1.25726592
42,1.2176224
43,1.99350272
44,3.2847488
45,2.28233408
46,1.83492864
47,1.5715824
48,1.42433504
49,1.30540448
50,1.45548352
51,1.62538432
52,1.4299984
53,1.41300832
54,1.77546336
55,1.5149488
56,1.39884992
57,1.23461248
58,1.44982016
59,5.1536576
60,4.1625696
61,2.68726432
62,2.44373984
63,2.11243328
64,1.8264336
65,1.7981168
66,2.18322528
67,3.7661344
68,6.5694976
69,4.7572224
70,4.4457376
71,6.7110816
72,4.3324704
73,3.2847488
74,2.9449472
75,2.8883136
76,2.69292768
77,2.5768288
78,2.6334624
79,2.5060368
80,2.22570048
81,2.01332448
82,1.76413664
83,1.6140576
84,1.56875072
85,1.46114688
86,1.63104768
87,1.65936448
88,1.79245344
89,3.0298976
90,3.3130656
91,2.45789824
92,2.15490848
93,2.0954432
94,3.9360352
95,3.0015808
96,2.83168
97,6.9942496
98,3.8794016
99,2.48055168
100,2.0246512
101,2.30498752
102,2.80619488
103,2.31065088
104,1.97084928
105,1.73581984
106,1.55176064
107,1.4016816
108,1.23461248
109,1.19780064
110,1.1751472
111,2.2228688
112,4.4457376
113,3.256432
114,2.39560128
115,1.94819584
116,1.82360192
117,1.7273248
118,1.45265184
119,1.25443424
120,1.12134528
121,1.05055328
122,1.02223648
123,0.99675136
124,0.9627712
125,0.9627712
126,1.35354304
127,2.77787808
128,3.9077184
129,2.5201952
130,2.24269056
131,1.86607712
132,1.70750304
133,1.49512704
134,1.24310752
135,1.16948384
136,1.07037504
137,1.44698848
138,1.56025568
139,1.24310752
140,1.01374144
141,0.86083072
142,0.76738528
143,0.67393984
144,0.64279136
145,0.58898944
146,0.52102912
147,0.48988064
148,0.7645536
149,1.21195904
150,1.10718688
151,0.91180096
152,0.73340512
153,0.53235584
154,0.46156384
155,0.42758368
156,0.3398016
157,0.39360352
158,0.42758368
159,0.48988064
160,0.5521776
161,0.67110816
162,0.77304864
163,1.65370112
164,1.66219616
165,1.63387936
166,1.8972256
167,1.70467136
168,1.39884992
169,1.06188
170,2.20304704
171,2.65611584
172,1.94536416
173,2.05013632
174,2.08977984
175,1.97084928
176,2.30498752
177,1.94536416
178,1.56025568
179,1.37053312
180,1.4016816
181,1.5715824
182,1.9680176
183,9.2312768
184,11.32672
185,5.0687072
186,2.69575936
187,1.88589888
188,1.84908704
189,3.8794016
190,4.3324704
191,2.49471008
192,1.82360192
193,1.90288896
194,1.6706912
195,1.5149488
196,1.16382048
197,0.88348416
198,0.78437536
199,0.95144448
200,0.91463264
201,0.76172192
202,0.80136544
203,1.24027584
204,1.20063232
205,13.2239456
206,13.5071136
207,5.804944
208,4.8704896
209,3.1431648
210,2.04730464
211,1.91704736
212,2.9449472
213,6.796032
214,3.5679168
215,2.35595776
216,1.73865152
217,1.47530528
218,1.2317808
219,0.98542464
220,0.8211872
221,0.74473184
222,0.71358336
223,0.64845472
224,0.87498912
225,0.73057344
226,0.79853376
227,0.64845472
228,0.5238608
229,0.47855392
230,0.60314784
231,0.45023712
232,0.2973264
233,0.22936608
234,0.30582144
235,0.52669248
236,0.68243488
237,0.61164288
238,0.46439552
239,0.37661344
240,0.56350432
241,1.14399872
242,1.68768128
243,1.25726592
244,0.91180096
245,0.66827648
246,0.49837568
247,0.37378176
248,0.3114848
249,0.25117002
250,0.22993242
251,0.21634035
252,0.23021558
253,0.20161562
254,0.25853238
255,0.62013792
256,0.67393984
257,0.54085088
258,0.35396
259,0.25060368
260,0.20473046
261,0.16876813
262,0.16763546
263,0.16310477
264,0.17499782
265,0.17188298
266,0.1690513
267,0.16621962
268,0.16083942
269,0.1557424
270,0.16338794
271,0.18094435
272,0.19057206
273,0.1778295
274,0.16621962
275,0.15800774
276,0.16083942
277,0.2336136
278,0.19708493
279,0.17499782
280,0.19057206
281,0.2256849
282,0.20727898
283,0.2336136
284,0.18094435
285,0.17499782
286,0.19057206
287,0.19708493
288,0.19708493
289,0.21464134
290,0.20727898
291,0.25428486
292,0.2973264
293,0.3114848
294,0.2973264
295,0.26306307
296,0.23757795
297,0.44457376
298,1.06471168
299,1.15815712
300,0.93162272
301,1.46397856
302,2.41825472
303,1.84908704
304,1.3025728
305,1.1043552
306,0.9061376
307,0.7928704
308,0.70792
309,0.6512864
310,0.6512864
311,0.566336
312,0.5380192
313,0.5097024
314,0.5380192
315,0.5097024
316,0.5380192
317,0.5097024
318,1.37619648
319,4.389104
320,3.7661344
321,2.59665056
322,1.99350272
323,1.74997824
324,2.40409632
325,3.5112832
326,3.0015808
327,2.1379184
328,1.93403744
329,2.14924512
330,1.90572064
331,1.80661184
332,2.40409632
333,2.29082912
334,1.84908704
335,1.7131664
336,1.91421568
337,2.973264
338,4.24752
339,3.114848
340,2.60797728
341,2.265344
342,1.96235424
343,2.21154208
344,3.4829664
345,3.3130656
346,2.81185824
347,2.51736352
348,4.3041536
349,5.0120736
350,4.3607872
351,2.34463104
352,1.8547504
353,2.45506656
354,2.53718528
355,1.46681024
356,1.3733648
357,1.25160256
358,1.26292928
359,1.30540448
360,1.80378016
361,4.6439552
362,8.2401888
363,4.0493024
364,2.79486816
365,2.3927696
366,2.05013632
367,1.84342368
368,1.6848496
369,1.5291072
370,1.41017664
371,1.3308896
372,1.26576096
373,1.203464
374,1.132672
375,1.132672
376,1.05621664
377,1.08736512
378,1.07037504
379,1.05338496
380,1.01657312
381,1.03639488
382,1.07887008
383,1.39318656
384,1.36203808
385,1.22328576
386,1.14399872
387,0.991088
388,0.88914752
389,0.85516736
390,3.3130656
391,14.1300832
392,8.5799904
393,3.681184
394,2.74106624
395,2.22003712
396,1.99067104
397,1.7981168
398,1.57441408
399,1.44698848
400,1.35354304
401,1.26576096
402,1.2176224
403,1.13833536
404,1.08736512
405,1.02789984
406,1.09869184
407,1.07887008
408,0.98542464
409,0.93728608
410,0.96843456
411,0.92879104
412,0.92879104
413,0.94578112
414,0.94578112
415,0.93162272
416,0.92879104
417,0.96560288
418,0.99391968
419,1.07037504
420,2.36162112
421,6.0597952
422,26.3912576
423,13.733648
424,9.5710784
425,8.353456
426,7.6172192
427,7.2491008
428,5.8615776
429,4.95544
430,4.7005888
431,5.0120736
432,5.9748448
433,7.2491008
434,6.5978144
435,6.2580128
436,6.4562304
437,7.3906848
438,30.582144
439,39.077184
440,29.166304
441,17.0183968
442,12.8558272
443,9.7126624
444,7.928704
445,6.6827648
446,5.8332608
447,11.9780064
448,15.9706752
449,10.4205824
450,7.8720704
451,6.5411808
452,5.3235584
453,6.3429632
454,18.4342368
455,28.3168
456,17.3015648
457,11.5815712
458,8.4100896
459,6.4845472
460,5.2102912
461,4.4174208
462,3.964352
463,3.681184
464,3.9360352
465,4.8988064
466,3.822768
467,3.256432
468,2.973264
469,2.60231392
470,2.31914592
471,2.28233408
472,2.8599968
473,3.1431648
474,2.9449472
475,2.58249216
476,2.60231392
477,2.24269056
478,1.94253248
479,1.84625536
480,1.70467136
481,1.628216
482,1.59706752
483,1.63387936
484,1.59706752
485,1.63387936
486,1.50645376
487,1.3025728
488,1.3308896
489,1.628216
490,1.203464
491,1.55459232
492,1.43566176
493,1.99350272
494,2.56550208
495,1.97651264
496,2.17473024
497,1.37902816
498,1.11001856
499,0.98259296
500,1.53760224
501,1.12984032
502,0.82968224
503,0.82401888
504,2.26251232
505,2.48904672
506,1.73015648
507,1.1893056
508,0.97126624
509,0.81269216
510,0.74473184
511,0.63429632
512,0.68809824
513,0.63995968
514,0.52952416
515,0.51536576
516,0.4813856
517,0.57483104
518,0.72774176
519,0.566336
520,0.97126624
521,0.86932576
522,0.56350432
523,0.56350432
524,0.42192032
525,0.39360352
526,0.47855392
527,0.56067264
528,0.54368256
529,0.90047424
530,1.06754336
531,0.82968224
532,0.62013792
533,0.5097024
534,0.38794016
535,0.3114848
536,0.28288483
537,0.26023139
538,0.23616211
539,0.33130656
540,0.3822768
541,0.4672272
542,0.3398016
543,0.29449472
544,0.27722147
545,0.2752393
546,0.25173635
547,0.24182547
548,0.21379184
549,0.17301565
550,0.15545923
551,0.14356618
552,0.13252262
553,0.11751472
554,0.11439987
555,0.10137414
556,0.13988499
557,0.16621962
558,0.15772458
559,0.18009485
560,0.19708493
561,0.24833834
562,0.24833834
563,0.37378176
564,0.28146899
565,0.20642947
566,0.20501363
567,0.1565919
568,0.16168893
569,0.16621962
570,0.25938189
571,0.247772
572,0.19170474
573,0.15772458
574,0.14498202
575,0.12600976
576,0.11100186
577,0.10675434
578,0.09033059
579,0.08466723
580,0.08183555
581,0.08126922
582,0.07815437
583,0.0928791
584,0.09429494
585,0.0857999
586,0.08183555
587,0.08381773
588,0.08268506
589,0.07815437
590,0.09316227
591,0.09089693
592,0.07503952
593,0.07532269
594,0.09259594
595,0.08891475
596,0.08183555
597,0.08126922
598,0.07985338
599,0.07277418
600,0.14186717
601,0.34829664
602,0.44174208
603,0.4105936
604,0.27127494
605,0.17159981
606,0.13507114
607,0.10845334
608,0.0920296
609,0.07673853
610,0.0770217
611,0.07107517
612,0.07815437
613,0.06937616
614,0.06173062
615,0.06173062
616,0.06541181
617,0.0645623
618,0.06173062
619,0.05946528
620,0.05351875
621,0.05889894
622,0.07022566
623,0.06626131
624,0.0566336
625,0.05097024
626,0.06031478
627,0.06314646
628,0.05804944
629,0.05946528
630,0.05635043
631,0.05295242
632,0.0504039
633,0.04927123
634,0.0487049
635,0.0504039
636,0.0504039
637,0.05238608
638,0.0637128
639,0.26957594
640,0.95710784
641,0.37661344
642,0.27240762
643,0.21690669
644,0.40776192
645,1.06188
646,0.6512864
647,0.424752
648,0.2823185
649,0.25428486
650,0.23106509
651,0.21520768
652,0.18066118
653,1.79528512
654,2.71558112
655,1.21479072
656,0.54368256
657,0.4105936
658,0.31714816
659,0.27127494
660,0.2752393
661,0.30298976
662,0.23672845
663,0.25909872
664,0.23871062
665,0.29449472
666,0.44457376
667,0.48988064
668,0.45023712
669,0.41342528
670,0.33696992
671,0.39926688
672,0.495544
673,0.60031616
674,2.65045248
675,2.41825472
676,0.78720704
677,1.39601824
678,1.36203808
679,1.16382048
680,0.54651424
681,0.31714816
682,0.52669248
683,0.37378176
684,0.47572224
685,0.98542464
686,2.62496736
687,3.7944512
688,1.96518592
689,1.19213728
690,0.82968224
691,0.63429632
692,0.77588032
693,0.66827648
694,0.54368256
695,0.78154368
696,1.41867168
697,0.8778208
698,0.60314784
699,0.60597952
700,0.71358336
701,3.6245504
702,2.83168
703,1.90005728
704,1.51778048
705,1.2600976
706,1.06754336
707,1.10152352
708,0.95427616
709,0.81835552
710,0.991088
711,1.60273088
712,10.1090976
713,7.3340512
714,4.3041536
715,3.3130656
716,2.45223488
717,2.22003712
718,2.00482944
719,1.76696832
720,1.132672
721,1.0477216
722,1.0194048
723,0.9627712
724,0.9061376
725,0.8211872
726,0.9344544
727,0.9061376
728,0.849504
729,0.7928704
730,0.7928704
731,0.849504
732,1.132672
733,1.3875232
734,1.1893056
735,0.9344544
736,0.7645536
737,0.70792
738,0.6512864
739,0.5946528
740,0.566336
741,0.5380192
742,0.566336
743,0.70792
744,0.6512864
745,0.5946528
746,0.5946528
747,0.566336
748,0.566336
749,0.7928704
750,0.8211872
751,0.7645536
752,0.70792
753,0.6229696
754,0.5946528
755,0.6229696
756,0.6229696
757,0.70792
758,0.7362368
759,0.6796032
760,0.6512864
761,0.5946528
762,0.566336
763,0.6796032
764,0.7645536
765,0.7362368
766,0.70792
767,0.9061376
768,0.9627712
769,0.9061376
770,0.8211872
771,0.7362368
772,0.6512864
773,0.6512864
774,0.6229696
775,0.6796032
776,0.7362368
777,0.70792
778,0.7362368
779,1.0477216
780,1.5291072
781,1.4441568
782,1.1609888
783,0.991088
784,0.9061376
785,0.7928704
786,1.1893056
787,1.699008
788,1.41584
789,1.6140576
790,1.982176
791,1.8122752
792,1.5857408
793,1.4441568
794,1.4441568
795,3.3413824
796,28.883136
797,23.7577952
798,10.5055328
799,6.8526656
800,10.5338496
801,14.3849344
802,10.194048
803,7.8720704
804,6.3995968
805,7.220784
806,10.1657312
807,10.7320672
808,11.2417696
809,8.211872
810,6.37128
811,5.6067264
812,5.0403904
813,4.3607872
814,3.7378176
815,3.2847488
816,2.9449472
817,2.690096
818,2.4918784
819,2.3219776
820,2.2370272
821,2.6051456
822,3.0298976
823,3.2847488
824,3.3696992
825,4.3041536
826,3.964352
827,3.1997984
828,2.7467296
829,2.2936608
830,2.0104928
831,1.8972256
832,1.7839584
833,2.265344
834,3.1997984
835,2.7750464
836,2.4352448
837,10.1657312
838,11.1001856
839,6.4845472
840,5.1253408
841,4.2758368
842,3.2847488
843,3.4546496
844,4.4740544
845,3.822768
846,3.2847488
847,3.0865312
848,3.0015808
849,2.973264
850,2.5768288
851,2.1520768
852,1.9255424
853,1.7839584
854,1.8972256
855,2.15774016
856,2.01332448
857,1.73581984
858,1.63671104
859,1.62255264
860,1.50362208
861,1.70467136
862,2.37294784
863,1.97368096
864,1.46964192
865,1.89439392
866,3.7378176
867,4.4740544
868,4.3324704
869,4.1625696
870,3.964352
871,3.3413824
872,2.5909872
873,2.28233408
874,2.71274944
875,2.548512
876,2.4210864
877,1.9538592
878,1.47813696
879,1.19496896
880,0.95144448
881,0.85233568
882,0.80986048
883,1.11285024
884,0.9769296
885,0.79003872
886,0.75889024
887,0.6654448
888,0.56916768
889,0.54368256
890,0.63146464
891,0.87215744
892,0.72774176
893,1.47530528
894,1.40734496
895,1.557424
896,1.20629568
897,0.85233568
898,0.6937616
899,1.76130496
900,0.91180096
901,0.65978144
902,0.47005888
903,0.64562304
904,3.964352
905,4.4457376
906,3.9077184
907,5.3235584
908,3.7661344
909,2.25684896
910,2.00482944
911,1.60273088
912,1.10152352
913,0.93728608
914,0.75605856
915,0.60597952
916,0.51819744
917,0.54368256
918,0.44740544
919,0.41342528
920,0.45873216
921,0.37661344
922,0.31997984
923,0.27070861
924,0.31431648
925,0.37378176
926,0.30015808
927,0.26249674
928,0.17981168
929,0.18604138
930,0.19312058
931,0.11694838
932,0.10080781
933,0.08693258
934,0.14384934
935,0.16055626
936,0.16083942
937,0.18207702
938,0.15914042
939,0.15970675
940,0.141584
941,0.14384934
942,0.14384934
943,0.10194048
944,0.09514445
945,0.11383354
946,0.08636624
947,0.08523357
948,0.070792
949,0.0504039
950,0.11439987
951,0.14016816
952,0.83251392
953,0.51536576
954,0.31431648
955,0.23531261
956,0.1619721
957,0.65978144
958,3.0582144
959,1.47813696
960,0.77304864
961,0.53518752
962,0.41625696
963,0.30865312
964,0.29449472
965,0.23899379
966,0.1761305
967,0.15602557
968,0.27240762
969,0.25456803
970,7.1075168
971,11.0152352
972,5.6350432
973,2.8599968
974,1.8547504
975,1.35071136
976,1.05621664
977,0.85233568
978,0.69659328
979,1.03639488
980,3.0865312
981,11.6948384
982,12.6292928
983,6.7110816
984,4.530688
985,3.3413824
986,2.63912576
987,2.11526496
988,1.7414832
989,1.51211712
990,1.3167312
991,1.16948384
992,1.0760384
993,0.9769296
994,0.98825632
995,1.06471168
996,1.43283008
997,6.4279136
998,5.6067264
999,3.5112832
1000,2.43807648
1001,1.97084928
1002,4.4740544
1003,5.2952416
1004,4.1908864
1005,3.1714816
1006,2.6334624
1007,3.1997984
1008,4.1625696
1009,3.0865312
1010,2.3219776
1011,1.97651264
1012,1.7273248
1013,1.52344384
1014,1.3733648
1015,1.2459392
1016,2.01898784
1017,3.5112832
1018,5.7766272
1019,4.0493024
1020,2.9166304
1021,2.46922496
1022,2.8883136
1023,7.1358336
1024,5.9748448
1025,4.2192032
1026,3.256432
1027,2.78354144
1028,2.5909872
1029,2.5626704
1030,2.6051456
1031,4.2758368
1032,3.6245504
1033,4.0776192
1034,4.4174208
1035,4.24752
1036,4.4174208
1037,4.5590048
1038,4.8988064
1039,4.5023712
1040,3.7944512
1041,3.3413824
1042,3.0865312
1043,2.8599968
1044,3.0298976
1045,5.097024
1046,4.0776192
1047,3.3130656
1048,3.114848
1049,3.0015808
1050,2.8599968
1051,3.1714816
1052,2.690096
1053,2.3502944
1054,2.15490848
1055,2.08694816
1056,2.10110656
1057,5.1819744
1058,6.3429632
1059,4.6439552
1060,3.6528672
1061,3.0865312
1062,2.8599968
1063,2.7184128
1064,6.7677152
1065,5.9748448
1066,4.4174208
1067,3.6528672
1068,3.114848
1069,2.9166304
1070,2.80053152
1071,3.4263328
1072,10.1374144
1073,8.1835552
1074,5.5500928
1075,4.1342528
1076,3.398016
1077,2.76938304
1078,2.52869024
1079,2.57116544
1080,2.72407616
1081,2.67876928
1082,2.52869024
1083,2.4635616
1084,2.43241312
1085,2.46922496
1086,3.5962336
1087,5.0687072
1088,5.097024
1089,3.9360352
1090,3.256432
1091,3.0015808
1092,5.238608
1093,4.4740544
1094,3.8510848
1095,3.4546496
1096,3.1997984
1097,2.973264
1098,2.64478912
1099,2.24835392
1100,2.2228688
1101,2.1379184
1102,2.08694816
1103,1.99350272
1104,1.89439392
1105,1.81510688
1106,1.7839584
1107,1.86041376
1108,2.1662352
1109,2.04447296
1110,1.58857248
1111,1.42433504
1112,1.71599808
1113,2.00766112
1114,1.87457216
1115,1.6423744
1116,1.56025568
1117,1.49229536
1118,1.60273088
1119,2.06146304
1120,2.59948224
1121,2.21720544
1122,4.4174208
1123,6.1164288
1124,4.1908864
1125,3.2847488
1126,2.69575936
1127,2.41825472
1128,2.24269056
1129,2.16906688
1130,2.09827488
1131,2.01332448
1132,1.93403744
1133,1.86607712
1134,1.78962176
1135,1.71882976
1136,1.67918624
1137,1.59423584
1138,1.53477056
1139,1.40734496
1140,1.44982016
1141,1.46114688
1142,1.486632
1143,1.59423584
1144,1.6140576
1145,1.51778048
1146,1.39601824
1147,1.33938464
1148,1.38185984
1149,1.42150336
1150,1.5149488
1151,3.114848
1152,2.59665056
1153,2.17756192
1154,1.91987904
1155,1.80944352
1156,1.88023552
1157,1.84908704
1158,2.17189856
1159,2.8599968
1160,2.34746272
1161,1.95952256
1162,2.00199776
1163,3.2281152
1164,4.6156384
1165,3.6528672
1166,2.973264
1167,2.61364064
1168,2.45506656
1169,2.42958144
1170,2.24269056
1171,2.08694816
1172,2.02748288
1173,1.9538592
1174,1.8689088
1175,1.70467136
1176,1.59706752
1177,1.43849344
1178,1.25726592
1179,1.20063232
1180,1.203464
1181,1.14399872
1182,0.9769296
1183,1.08736512
1184,1.1043552
1185,1.05904832
1186,1.05055328
1187,0.96560288
1188,0.920296
1189,0.86649408
1190,0.86083072
1191,0.84667232
1192,0.85233568
1193,0.82401888
1194,0.82401888
1195,0.79003872
1196,0.77304864
1197,0.7928704
1198,0.88348416
1199,0.86932576
1200,0.81835552
1201,0.76172192
1202,0.71641504
1203,0.637128
1204,0.54651424
1205,0.54085088
1206,0.51253408
1207,0.47572224
1208,0.637128
1209,5.8898944
1210,5.7766272
1211,3.3413824
1212,2.60797728
1213,2.17189856
1214,1.80094848
1215,1.486632
1216,1.2176224
1217,1.6423744
1218,2.58815552
1219,2.24552224
1220,2.10110656
1221,1.83492864
1222,1.56875072
1223,1.3592064
1224,1.33655296
1225,1.92837408
1226,2.7042544
1227,2.61647232
1228,1.91704736
1229,1.5007904
1230,1.3025728
1231,1.42716672
1232,2.56833376
1233,2.336136
1234,1.81793856
1235,1.39035488
1236,1.13833536
1237,0.991088
1238,1.39035488
1239,2.0954432
1240,1.63387936
1241,1.29124608
1242,1.06471168
1243,0.91180096
1244,0.76172192
1245,0.68526656
1246,1.08736512
1247,0.8919792
1248,0.7220784
1249,2.44090816
1250,5.380192
1251,3.7095008
1252,3.114848
1253,2.69575936
1254,2.18888864
1255,1.96235424
1256,1.74714656
1257,1.50362208
1258,1.274256
1259,1.05621664
1260,1.54892896
1261,2.09827488
1262,1.46681024
1263,1.12984032
1264,0.95993952
1265,0.8070288
1266,0.7503952
1267,0.64279136
1268,0.55500928
1269,0.48988064
1270,0.45590048
1271,0.42758368
1272,0.52102912
1273,0.5804944
1274,0.47572224
1275,0.3964352
1276,0.3398016
1277,0.52669248
1278,0.36528672
1279,0.27778781
1280,0.23701162
1281,0.2698591
1282,0.25343536
1283,0.23333043
1284,0.22058787
1285,0.22285322
1286,0.17981168
1287,0.17216614
1288,0.16763546
1289,0.17358198
1290,0.17726317
1291,0.17244931
1292,0.14838003
1293,0.13648698
1294,0.12204541
1295,0.11836422
1296,0.10817018
1297,0.10307315
1298,0.10024147
1299,0.08608307
1300,0.07617219
1301,0.07390685
1302,0.06654448
1303,0.06739398
1304,0.07503952
1305,0.08523357
1306,0.12487709
1307,0.10024147
1308,0.10024147
1309,0.10477216
1310,0.08749891
1311,0.070792
1312,0.07758803
1313,0.07758803
1314,0.08098605
1315,0.07390685
1316,0.070792
1317,0.0637128
1318,0.09797613
1319,0.18830672
1320,0.30298976
1321,0.32281152
1322,0.283168
1323,0.29166304
1324,0.68809824
1325,0.58898944
1326,0.58615776
1327,0.46156384
1328,0.32847488
1329,0.31997984
1330,0.28599968
1331,0.30015808
1332,0.31997984
1333,0.3398016
1334,0.30582144
1335,0.24324131
1336,0.20926115
1337,0.15234438
1338,0.10278998
1339,0.070792
1340,0.12346125
1341,0.10477216
1342,0.10590483
1343,0.09967514
1344,0.12884144
1345,0.16621962
1346,0.15517606
1347,0.1211959
1348,0.15149488
1349,0.14583152
1350,0.09684346
1351,0.09344544
1352,0.09797613
1353,0.11043552
1354,0.1070375
1355,0.08551674
1356,0.09231277
1357,0.08325139
1358,0.28883136
1359,0.283168
1360,0.20501363
1361,0.16961763
1362,0.1690513
1363,0.15602557
1364,0.12006323
1365,0.11071869
1366,0.11751472
1367,0.17726317
1368,0.32847488
1369,0.28599968
1370,0.24040963
1371,0.21690669
1372,0.28118582
1373,0.37378176
1374,0.30298976
1375,0.22143738
1376,0.17131664
1377,0.1557424
1378,0.17131664
1379,0.18151069
1380,0.1707503
1381,0.21294234
1382,0.18604138
1383,0.21888886
1384,0.19453642
1385,0.25796605
1386,0.23927696
1387,0.21379184
1388,0.23191459
1389,0.67677152
1390,0.7220784
1391,0.56067264
1392,0.43041536
1393,0.36528672
1394,0.3114848
1395,0.27778781
1396,0.28883136
1397,0.27637197
1398,0.8070288
1399,6.2013792
1400,5.4085088
1401,3.5112832
1402,2.2087104
1403,1.55176064
1404,1.19496896
1405,0.97126624
1406,0.82685056
1407,0.7220784
1408,0.778712
1409,0.89481088
1410,0.87215744
1411,0.7928704
1412,0.71075168
1413,0.71358336
1414,0.67677152
1415,0.63429632
1416,0.61447456
1417,0.566336
1418,0.566336
1419,0.55784096
1420,0.53235584
1421,0.51253408
1422,0.78437536
1423,0.73906848
1424,0.58615776
1425,0.47855392
1426,0.43324704
1427,0.45873216
1428,0.4530688
1429,0.43041536
1430,0.47572224
1431,0.45023712
1432,0.44174208
1433,0.49837568
1434,0.47855392
1435,0.48704896
1436,0.44740544
1437,0.40493024
1438,0.49271232
1439,0.54651424
1440,0.88631584
1441,1.09869184
1442,0.920296
1443,0.8211872
1444,0.68809824
1445,0.6512864
1446,0.63146464
1447,0.65978144
1448,1.61688928
1449,2.53718528
1450,1.95102752
1451,2.42391808
1452,5.097024
1453,3.1714816
1454,2.40126464
1455,1.9255424
1456,1.58857248
1457,1.67352288
1458,1.62538432
1459,1.3592064
1460,1.39884992
1461,1.19496896
1462,1.05338496
1463,0.95427616
1464,0.94011776
1465,1.05055328
1466,1.0194048
1467,1.00807808
1468,0.94294944
1469,0.91180096
1470,0.86932576
1471,0.88914752
1472,0.90330592
1473,1.02506816
1474,1.42716672
1475,2.7892048
1476,3.5112832
1477,2.70991776
1478,2.31348256
1479,1.92837408
1480,1.60273088
1481,1.5998992
1482,1.58857248
1483,1.3592064
1484,1.00241472
1485,1.08453344
1486,1.01090976
1487,0.97976128
1488,0.92312768
1489,0.90896928
1490,0.94011776
1491,1.07037504
1492,4.105936
1493,4.8988064
1494,3.1997984
1495,2.68443264
1496,2.14075008
1497,1.74714656
1498,1.64803776
1499,1.44132512
1500,1.38469152
1501,1.58007744
1502,1.97934432
1503,1.89439392
1504,1.90855232
1505,1.7131664
1506,1.60273088
1507,1.52344384
1508,1.60839424
1509,1.35354304
1510,1.26576096
1511,1.3875232
1512,1.6848496
1513,1.4724736
1514,1.274256
1515,1.33938464
1516,1.56308736
1517,1.7414832
1518,1.67635456
1519,2.74106624
1520,6.37128
1521,5.0687072
1522,3.681184
1523,3.0582144
1524,2.80902656
1525,2.6476208
1526,2.72407616
1527,2.690096
1528,2.62496736
1529,2.81468992
1530,2.75239296
1531,2.77221472
1532,3.7378176
1533,8.353456
1534,7.6172192
1535,5.4085088
1536,4.3041536
1537,3.5962336
1538,3.2281152
1539,3.1714816
1540,3.0865312
1541,2.9166304
1542,2.65328416
1543,2.48055168
1544,2.48621504
1545,2.71558112
1546,2.67027424
1547,2.8033632
1548,3.1431648
1549,3.4546496
1550,4.1342528
1551,4.530688
1552,5.946528
1553,6.7677152
1554,4.8704896
1555,3.7944512
1556,3.5962336
1557,3.5396
1558,3.3413824
1559,3.1714816
1560,3.2281152
1561,3.3413824
1562,3.4546496
1563,3.6528672
1564,4.7005888
1565,4.3041536
1566,3.6528672
1567,3.114848
1568,2.80902656
1569,2.59665056
1570,2.40126464
1571,2.760888
1572,2.8599968
1573,2.45506656
1574,2.06146304
1575,2.03314624
1576,1.9680176
1577,1.86041376
1578,1.66502784
1579,1.4441568
1580,1.24310752
1581,1.11568192
1582,1.0477216
1583,0.99675136
1584,0.90896928
1585,0.9061376
1586,0.95993952
1587,0.95993952
1588,0.920296
1589,0.95144448
1590,2.3078192
1591,2.43807648
1592,2.14641344
1593,2.14358176
1594,1.5149488
1595,1.20629568
1596,1.05338496
1597,0.98542464
1598,1.0052464
1599,1.82926528
1600,1.32805792
1601,0.82968224
1602,0.71641504
1603,1.32805792
1604,1.33938464
1605,8.0419712
1606,8.070288
1607,6.1730624
1608,4.2758368
1609,3.0865312
1610,2.8599968
1611,5.097024
1612,4.6439552
1613,3.2847488
1614,2.29932416
1615,2.22570048
1616,2.00199776
1617,1.53477056
1618,1.203464
1619,1.66219616
1620,9.3728608
1621,7.9003872
1622,4.8988064
1623,10.1374144
1624,11.4966208
1625,8.1835552
1626,13.5637472
1627,10.8453344
1628,7.4190016
1629,5.521776
1630,6.0031616
1631,5.2102912
1632,3.964352
1633,3.0298976
1634,2.45506656
1635,2.01898784
1636,1.55176064
1637,1.486632
1638,1.49795872
1639,1.70467136
1640,2.28799744
1641,2.46922496
1642,1.71882976
1643,2.1520768
1644,5.8615776
1645,4.4457376
1646,2.5201952
1647,1.61122592
1648,1.14116704
1649,0.9344544
1650,0.83817728
1651,0.73057344
1652,0.79853376
1653,0.78154368
1654,0.78720704
1655,0.7220784
1656,0.69092992
1657,0.55784096
1658,0.47005888
1659,0.40776192
1660,0.34546496
1661,0.32281152
1662,0.27665514
1663,0.28599968
1664,0.27750464
1665,0.81269216
1666,1.6706912
1667,0.8353456
1668,0.80986048
1669,0.86932576
1670,0.75322688
1671,0.61164288
1672,0.45873216
1673,0.38794016
1674,0.35679168
1675,0.51819744
1676,0.50403904
1677,0.41625696
1678,0.34829664
1679,0.33696992
1680,0.28288483
1681,0.29449472
1682,0.48704896
1683,1.02789984
1684,0.6796032
1685,0.52952416
1686,1.62538432
1687,0.69659328
1688,0.37378176
1689,0.25966506
1690,0.24890467
1691,0.23474627
1692,0.21634035
1693,0.17754634
1694,0.15007904
1695,0.1495127
1696,0.18660771
1697,0.13648698
1698,0.12912461
1699,0.1407345
1700,0.14441568
1701,0.11864739
1702,0.17244931
1703,0.16112259
1704,0.1407345
1705,0.16083942
1706,0.1840592
1707,0.20133245
1708,0.13648698
1709,0.14639786
1710,0.13280579
1711,0.13903549
1712,0.10505533
1713,0.14583152
1714,0.09797613
1715,0.06342963
1716,0.0928791
1717,0.23899379
1718,0.1636711
1719,0.14101766
1720,0.17414832
1721,0.16565328
1722,0.10477216
1723,0.12600976
1724,0.09401178
1725,0.10986918
1726,0.12091274
1727,0.14016816
1728,0.12969094
1729,0.11383354
1730,0.12912461
1731,0.0911801
1732,0.13705331
1733,0.1345048
1734,0.05946528
1735,0.18292653
1736,0.1982176
1737,0.19623542
1738,0.22370272
1739,0.27127494
1740,0.33413824
1741,0.3964352
1742,0.45023712
1743,0.43324704
1744,0.40493024
1745,0.34546496
1746,0.30865312
1747,0.28599968
1748,0.26023139
1749,0.26419574
1750,0.25286902
1751,0.24578982
1752,0.22766707
1753,0.20897798
1754,0.21718986
1755,0.22936608
1756,0.22087104
1757,0.21803936
1758,0.21690669
1759,0.20926115
1760,0.20642947
1761,0.2052968
1762,0.19566909
1763,0.14498202
1764,0.1407345
1765,0.15291072
1766,0.2398433
1767,0.23559578
1768,0.18349286
1769,0.13478797
1770,0.13337213
1771,0.13280579
1772,0.1336553
1773,0.1345048
1774,0.13988499
1775,0.15064538
1776,0.1407345
1777,0.13592064
1778,0.13733648
1779,0.14922954
1780,0.14753053
1781,0.14413251
1782,0.14441568
1783,0.16678595
1784,0.17839584
1785,0.16112259
1786,0.14469885
1787,0.32281152
1788,0.41625696
1789,0.26532842
1790,0.18094435
1791,0.16452061
1792,1.12700864
1793,1.41300832
1794,0.94294944
1795,0.69092992
1796,0.60597952
1797,0.55784096
1798,0.52669248
1799,0.48421728
1800,0.44457376
1801,0.44740544
1802,0.54368256
1803,0.5097024
1804,0.48988064
1805,0.48704896
1806,0.4389104
1807,0.40209856
1808,0.37378176
1809,0.35962336
1810,0.45590048
1811,0.4389104
1812,0.45590048
1813,0.4813856
1814,0.45590048
1815,0.44457376
1816,0.47289056
1817,0.57483104
1818,1.06471168
1819,1.45265184
1820,1.12700864
1821,0.82968224
1822,0.68243488
1823,0.59748448
1824,0.67393984
1825,1.83492864
1826,1.26292928
1827,0.90330592
1828,0.7220784
1829,1.04205824
1830,0.849504
1831,0.74756352
1832,0.9344544
1833,1.69334464
1834,1.48380032
1835,1.04488992
1836,0.77588032
1837,0.85516736
1838,2.760888
1839,2.39843296
1840,1.96235424
1841,3.5679168
1842,2.50320512
1843,1.80661184
1844,1.45265184
1845,1.2600976
1846,1.13833536
1847,0.9627712
1848,0.86932576
1849,0.80136544
1850,0.7362368
1851,0.69942496
1852,0.69659328
1853,0.67677152
1854,0.62013792
1855,0.55784096
1856,0.48704896
1857,0.47855392
1858,0.5097024
1859,0.52669248
1860,0.54651424
1861,0.566336
1862,0.56916768
1863,0.566336
1864,0.566336
1865,0.54651424
1866,0.54651424
1867,0.54651424
1868,0.53235584
1869,0.51253408
1870,0.56916768
1871,0.7220784
1872,0.6937616
1873,0.66827648
1874,0.64279136
1875,0.63995968
1876,0.62580128
1877,0.61164288
1878,0.7928704
1879,1.08736512
1880,1.22894912
1881,1.17231552
1882,1.03922656
1883,0.92312768
1884,0.8353456
1885,0.76738528
1886,0.71641504
1887,0.6796032
1888,0.63429632
1889,0.61447456
1890,0.5804944
1891,0.54085088
1892,0.53518752
1893,0.53518752
1894,0.58615776
1895,0.57483104
1896,0.68526656
1897,0.83251392
1898,1.98783936
1899,1.93120576
1900,1.63104768
1901,1.84342368
1902,1.36770144
1903,1.24027584
1904,1.0901968
1905,2.19738368
1906,3.0865312
1907,2.23136384
1908,2.2087104
1909,1.74431488
1910,1.45548352
1911,1.31956288
1912,1.13833536
1913,1.18081056
1914,2.18322528
1915,16.6502784
1916,23.8710624
1917,14.1300832
1918,9.2879104
1919,6.3146464
1920,4.95544
1921,4.9837568
1922,4.4457376
1923,3.5396
1924,4.3041536
1925,4.813856
1926,3.4829664
1927,2.83168
1928,2.62496736
1929,2.34746272
1930,2.09827488
1931,2.12942336
1932,4.3607872
1933,3.7661344
1934,2.76655136
1935,2.28799744
1936,1.91987904
1937,1.68201792
1938,1.50362208
1939,1.5998992
1940,1.91987904
1941,1.5432656
1942,1.5857408
1943,2.61080896
1944,2.3078192
1945,1.7981168
1946,1.78112672
1947,6.7110816
1948,7.1641504
1949,4.2192032
1950,2.973264
1951,2.38993792
1952,1.982176
1953,1.699008
1954,1.49795872
1955,1.37902816
1956,1.35354304
1957,1.41867168
1958,1.203464
1959,1.1043552
1960,1.03073152
1961,0.93728608
1962,0.90330592
1963,2.29932416
1964,2.8883136
1965,1.982176
1966,1.557424
1967,1.23744416
1968,1.09869184
1969,1.0901968
1970,1.12417696
1971,1.132672
1972,1.11568192
1973,0.92595936
1974,1.68768128
1975,1.83776032
1976,1.41300832
1977,1.5857408
1978,1.36770144
1979,1.07320672
1980,0.8636624
1981,0.85516736
1982,0.99391968
1983,1.25160256
1984,0.95993952
1985,0.72491008
1986,0.6088112
1987,0.56350432
1988,0.47572224
1989,0.43041536
1990,0.566336
1991,0.84667232
1992,0.66261312
1993,0.49271232
1994,0.45873216
1995,0.47855392
1996,0.4105936
1997,0.37378176
1998,0.31431648
1999,0.28090266
2000,0.2469225
2001,0.23191459
2002,0.21832253
2003,0.55784096
2004,0.44457376
2005,0.37095008
2006,0.33130656
2007,0.29449472
2008,0.2973264
2009,0.24833834
2010,0.30298976
2011,1.6423744
2012,1.60839424
2013,0.86932576
2014,0.54651424
2015,0.52669248
2016,0.43324704
2017,0.45873216
2018,0.39077184
2019,0.33413824
2020,0.28175216
2021,0.29449472
2022,0.29449472
2023,0.4813856
2024,0.46439552
2025,0.37378176
2026,0.31997984
2027,0.30015808
2028,0.27155811
2029,0.25117002
2030,0.2336136
2031,0.23899379
2032,0.21464134
2033,0.20246512
2034,0.21067699
2035,0.22285322
2036,0.22370272
2037,0.19963344
2038,0.18434237
2039,0.17698
2040,0.16791862
2041,0.16452061
2042,0.15206122
2043,0.1478137
2044,0.14583152
2045,0.13818598
2046,0.1407345
2047,0.13393846
2048,0.12346125
2049,0.11524938
2050,0.1070375
2051,0.27070861
2052,1.06188
2053,0.68809824
2054,0.46439552
2055,0.3114848
2056,0.21662352
2057,0.16621962
2058,0.14611469
2059,0.13195629
2060,0.1274256
2061,0.12855827
2062,0.12487709
2063,0.12912461
2064,0.11270086
2065,0.1124177
2066,0.13507114
2067,0.12261174
2068,0.10505533
2069,0.10448899
2070,0.12799194
2071,0.15970675
2072,0.30298976
2073,0.19850077
2074,0.14753053
2075,0.12600976
2076,0.13167312
2077,0.11468304
2078,0.10278998
2079,0.10222365
2080,0.10137414
2081,0.0928791
2082,0.09174643
2083,0.0999583
2084,0.09684346
2085,0.09372861
2086,0.0920296
2087,0.08948109
2088,0.08636624
2089,0.08353456
2090,0.11978006
2091,0.14526518
2092,0.11609888
2093,0.09571078
2094,0.08523357
2095,0.08296822
2096,0.08041971
2097,0.07475635
2098,0.07249101
2099,0.07588902
2100,0.08608307
2101,0.1424335
2102,0.15460973
2103,0.12685926
2104,0.13761965
2105,0.12289491
2106,0.11100186
2107,0.11723155
2108,0.12176224
2109,0.12289491
2110,0.12346125
2111,0.1274256
2112,0.12629293
2113,0.12912461
2114,0.12402758
2115,0.35679168
2116,1.41584
2117,0.60597952
2118,0.40493024
2119,0.30298976
2120,0.24635616
2121,0.23021558
2122,3.7661344
2123,6.654448
2124,3.0015808
2125,1.70183968
2126,1.04205824
2127,0.71358336
2128,0.54651424
2129,0.4389104
2130,0.39926688
2131,0.63429632
2132,0.69092992
2133,0.56916768
2134,0.47289056
2135,0.37944512
2136,0.34263328
2137,0.77021696
2138,0.64279136
2139,0.43607872
2140,0.35112832
2141,0.33413824
2142,0.35962336
2143,0.33130656
2144,0.45873216
2145,0.46156384
2146,0.35112832
2147,0.64845472
2148,1.80661184
2149,1.20629568
2150,0.84384064
2151,0.65411808
2152,0.90047424
2153,0.79853376
2154,1.05338496
2155,1.37053312
2156,1.0052464
2157,1.1185136
2158,1.01657312
2159,0.87498912
2160,0.81269216
2161,1.14966208
2162,1.77829504
2163,2.33047264
2164,3.1997984
2165,2.46922496
2166,2.68160096
2167,5.2952416
2168,3.4546496
2169,3.9077184
2170,14.4132512
2171,9.91088
2172,5.8332608
2173,3.9360352
2174,3.0298976
2175,2.50886848
2176,2.12942336
2177,2.75522464
2178,3.1714816
2179,2.51170016
2180,2.06146304
2181,1.80661184
2182,1.6423744
2183,1.64803776
2184,2.0812848
2185,3.7944512
2186,3.398016
2187,2.548512
2188,2.16057184
2189,1.84908704
2190,1.56875072
2191,1.31106784
2192,1.18364224
2193,1.19496896
2194,1.15249376
2195,1.74714656
2196,3.1714816
2197,1.89439392
2198,1.72166144
2199,1.5149488
2200,1.32239456
2201,1.23461248
2202,1.14966208
2203,1.16665216
2204,1.16382048
2205,1.05904832
2206,1.0052464
2207,0.97126624
2208,0.94011776
2209,1.05904832
2210,4.95544
2211,3.1714816
2212,1.8547504
2213,1.5007904
2214,1.32239456
2215,1.25160256
2216,1.22045408
2217,1.06188
2218,2.9166304
2219,1.84908704
2220,1.50645376
2221,1.24310752
2222,1.08453344
2223,1.03639488
2224,1.17231552
2225,1.34221632
2226,1.132672
2227,1.04205824
2228,0.99958304
2229,0.95427616
2230,0.92595936
2231,0.93162272
2232,0.96843456
2233,0.91746432
2234,0.88348416
2235,0.8778208
2236,0.86649408
2237,0.86649408
2238,0.86649408
2239,0.849504
2240,0.79853376
2241,0.778712
2242,0.778712
2243,0.74756352
2244,0.75605856
2245,0.73340512
2246,0.71924672
2247,0.70225664
2248,0.67677152
2249,0.65411808
2250,0.63146464
2251,0.61447456
2252,0.64845472
2253,0.6512864
2254,0.73340512
2255,0.79570208
2256,0.69942496
2257,0.65978144
2258,0.65411808
2259,0.65978144
2260,0.71924672
2261,1.01090976
2262,1.63104768
2263,1.30540448
2264,1.24877088
2265,1.73298816
2266,1.59706752
2267,1.71033472
2268,2.13508672
2269,1.8264336
2270,1.35071136
2271,1.29407776
2272,1.27991936
2273,1.18364224
2274,1.10152352
2275,1.10718688
2276,1.74714656
2277,4.813856
2278,4.95544
2279,3.398016
2280,2.82884832
2281,2.64478912
2282,3.0298976
2283,3.1714816
2284,5.0403904
2285,9.8542464
2286,9.6843456
2287,6.088112
2288,5.3518752
2289,4.813856
2290,4.5873216
2291,4.7289056
2292,5.4934592
2293,5.4651424
2294,4.813856
2295,4.3607872
2296,3.9077184
2297,3.256432
2298,2.7892048
2299,2.58249216
2300,2.31914592
2301,2.31631424
2302,5.4368256
2303,5.097024
2304,3.7095008
2305,3.0015808
2306,2.51170016
2307,2.20021536
2308,1.90855232
2309,1.7981168
2310,1.66502784
2311,1.53760224
2312,1.39318656
2313,1.75280992
2314,1.51211712
2315,1.2459392
2316,1.08736512
2317,0.94011776
2318,0.89764256
2319,0.91463264
2320,0.85799904
2321,0.81269216
2322,0.78154368
2323,0.71924672
2324,0.67110816
2325,0.5946528
2326,0.51536576
2327,0.50120736
2328,0.47855392
2329,0.43041536
2330,0.43324704
2331,0.424752
2332,0.37661344
2333,0.35112832
2334,0.34829664
2335,0.3256432
2336,0.30298976
2337,0.29449472
2338,0.23616211
2339,0.23106509
2340,0.26419574
2341,0.24239181
2342,0.24210864
2343,0.65694976
2344,4.0209856
2345,4.3324704
2346,2.01898784
2347,1.0901968
2348,0.68526656
2349,0.47289056
2350,0.37944512
2351,0.35112832
2352,0.38510848
2353,0.29449472
2354,0.2398433
2355,0.21407501
2356,0.18547504
2357,0.33413824
2358,0.48988064
2359,0.38794016
2360,0.30298976
2361,0.23672845
2362,0.19963344
2363,0.54085088
2364,1.11001856
2365,0.64279136
2366,0.49837568
2367,0.41908864
2368,0.39077184
2369,0.2973264
2370,1.29407776
2371,2.55983872
2372,1.48096864
2373,1.18647392
2374,1.43849344
2375,1.62255264
2376,0.86083072
2377,0.53518752
2378,0.39077184
2379,0.31714816
2380,0.28175216
2381,0.2486215
2382,1.40451328
2383,0.80419712
2384,0.43607872
2385,0.3256432
2386,0.27438979
2387,0.24975418
2388,0.19651859
2389,0.17358198
2390,0.17726317
2391,0.19397008
2392,0.1761305
2393,0.15460973
2394,0.14101766
2395,0.13082362
2396,0.12176224
2397,0.12091274
2398,0.13054045
2399,0.13620381
2400,0.14299984
2401,0.29166304
2402,0.33696992
2403,0.3398016
2404,0.22823341
2405,0.17188298
2406,0.13563747
2407,0.19142157
2408,0.20359779
2409,0.16820179
2410,0.14668102
2411,0.1345048
2412,0.13082362
2413,0.12770877
2414,0.21265917
2415,0.3114848
2416,0.23049875
2417,0.18604138
2418,0.16452061
2419,0.16395427
2420,0.14668102
2421,0.13195629
2422,0.1194969
2423,0.10817018
2424,0.10278998
2425,0.09939197
2426,0.0991088
2427,0.09967514
2428,0.09514445
2429,0.09146326
2430,0.08806525
2431,0.08664941
2432,0.0857999
2433,0.08325139
2434,0.0787207
2435,0.07475635
2436,0.07220784
2437,0.06909299
2438,0.06682765
2439,0.06314646
2440,0.05833261
2441,0.0566336
2442,0.05606726
2443,0.05493459
2444,0.06597814
2445,0.12261174
2446,0.11128502
2447,0.10930285
2448,0.13025728
2449,0.14526518
2450,0.12431075
2451,0.10477216
2452,0.09372861
2453,0.08721574
2454,0.08098605
2455,0.07419002
2456,0.070792
2457,0.070792
2458,0.06909299
2459,0.06824349
2460,0.06711082
2461,0.06654448
2462,0.06512864
2463,0.06427914
2464,0.3256432
2465,0.4105936
2466,0.27722147
2467,0.21549085
2468,0.18292653
2469,0.15998992
2470,0.1424335
2471,0.12600976
2472,0.24833834
2473,0.25286902
2474,0.19481958
2475,0.15092854
2476,0.13308896
2477,0.11723155
2478,0.11383354
2479,0.10732067
2480,0.10137414
2481,0.10080781
2482,0.10080781
2483,0.0991088
2484,0.09939197
2485,0.10080781
2486,0.10222365
2487,0.10080781
2488,0.10080781
2489,0.10392266
2490,0.10052464
2491,0.09854246
2492,0.12176224
2493,0.424752
2494,0.37378176
2495,0.25371853
2496,0.1973681
2497,0.1699008
2498,0.15545923
2499,0.14838003
2500,0.141584
2501,0.13846915
2502,0.13478797
2503,0.1849087
2504,0.20756214
2505,0.11553254
2506,0.14271667
2507,0.19935027
2508,0.22313638
2509,0.24409082
2510,0.21634035
2511,0.17443149
2512,0.15149488
2513,0.14299984
2514,0.14583152
2515,0.5946528
2516,0.8211872
2517,0.566336
2518,0.40493024
2519,0.32281152
2520,0.28883136
2521,0.27976998
2522,0.2760888
2523,0.2769383
2524,0.28883136
2525,0.27240762
2526,0.25371853
2527,0.31714816
2528,0.44174208
2529,0.44174208
2530,0.3964352
2531,0.34546496
2532,0.31714816
2533,0.30015808
2534,0.28599968
2535,0.26674426
2536,0.24494032
2537,0.23134826
2538,0.2203047
2539,0.21973837
2540,0.33130656
2541,0.34546496
2542,0.65411808
2543,0.91463264
2544,0.71641504
2545,0.53235584
2546,0.47855392
2547,0.46439552
2548,0.53518752
2549,2.20304704
2550,2.0388096
2551,1.36770144
2552,1.1468304
2553,1.1185136
2554,1.03639488
2555,0.9486128
2556,0.93728608
2557,1.10718688
2558,1.02223648
2559,0.87498912
2560,0.7645536
2561,0.64845472
2562,0.58332608
2563,0.54368256
2564,0.51536576
2565,0.51253408
2566,1.19213728
2567,4.4457376
2568,2.9449472
2569,2.82318496
2570,1.80661184
2571,1.24877088
2572,1.39884992
2573,1.71599808
2574,1.42150336
2575,1.15815712
2576,0.99675136
2577,0.86649408
2578,0.75322688
2579,0.69942496
2580,0.66261312
2581,0.63429632
2582,0.64279136
2583,0.7362368
2584,0.71358336
2585,0.68526656
2586,0.6512864
2587,0.64562304
2588,0.69942496
2589,0.74473184
2590,0.83817728
2591,1.7273248
2592,1.82077024
2593,1.5149488
2594,1.28558272
2595,1.14399872
2596,1.0335632
2597,0.98259296
2598,0.98825632
2599,0.88065248
2600,0.78154368
2601,0.78437536
2602,0.7220784
2603,0.88348416
2604,2.68160096
2605,2.64195744
2606,1.81510688
2607,1.5291072
2608,1.8830672
2609,2.04447296
2610,1.63954272
2611,1.84342368
2612,10.1374144
2613,8.2685056
2614,4.5023712
2615,3.1714816
2616,2.548512
2617,2.08694816
2618,2.44090816
2619,2.8033632
2620,2.24552224
2621,1.90855232
2622,1.71599808
2623,1.5715824
2624,1.48096864
2625,1.39601824
2626,1.34221632
2627,1.72449312
2628,1.70183968
2629,1.51211712
2630,1.38469152
2631,2.71558112
2632,4.1342528
2633,3.3696992
2634,2.7042544
2635,2.14075008
2636,1.82360192
2637,1.73581984
2638,1.73298816
2639,1.65086944
2640,1.53193888
2641,1.56025568
2642,1.76413664
2643,1.56025568
2644,1.7839584
2645,3.1431648
2646,2.35312608
2647,1.8830672
2648,1.68201792
2649,1.60556256
2650,1.6848496
2651,1.60273088
2652,1.55176064
2653,1.48380032
2654,1.99350272
2655,4.4740544
2656,3.1714816
2657,2.33330432
2658,1.92837408
2659,1.8830672
2660,1.97368096
2661,1.70467136
2662,1.50928544
2663,1.3733648
2664,1.26576096
2665,1.16948384
2666,1.11001856
2667,0.98542464
2668,0.89764256
2669,0.90047424
2670,1.06754336
2671,0.95144448
2672,0.85799904
2673,0.92312768
2674,1.11568192
2675,0.9769296
2676,0.90896928
2677,0.92879104
2678,0.84384064
2679,0.86083072
2680,1.16382048
2681,1.13550368
2682,1.1043552
2683,1.37902816
2684,1.50928544
2685,1.36486976
2686,1.13550368
2687,0.95993952
2688,0.88914752
2689,0.79570208
2690,0.73057344
2691,0.77021696
2692,0.72774176
2693,0.63146464
2694,0.58898944
2695,0.56350432
2696,0.5238608
2697,0.6088112
2698,0.58615776
2699,0.5521776
2700,0.48988064
2701,0.53518752
2702,0.56350432
2703,0.47572224
2704,0.4105936
2705,0.37095008
2706,0.33413824
2707,0.40209856
2708,0.42192032
2709,0.34546496
2710,0.3114848
2711,0.283168
2712,0.26447891
2713,0.27835414
2714,0.65694976
2715,0.495544
2716,0.3822768
2717,0.31431648
2718,0.27580563
2719,0.25428486
2720,0.26306307
2721,0.25626704
2722,0.27325712
2723,0.23956013
2724,0.19963344
2725,0.16140576
2726,0.13903549
2727,0.1282751
2728,0.12289491
2729,0.11751472
2730,0.10873651
2731,0.10335632
2732,0.09740979
2733,0.09231277
2734,0.08976426
2735,0.08664941
2736,0.09571078
2737,0.09854246
2738,0.08664941
2739,0.08551674
2740,0.0841009
2741,0.07730486
2742,0.07447318
2743,0.07447318
2744,0.070792
2745,0.06852666
2746,0.07107517
2747,0.07277418
2748,0.07419002
2749,0.07249101
2750,0.06512864
2751,0.0557841
2752,0.05804944
2753,0.06003162
2754,0.05380192
2755,0.05012074
2756,0.0487049
2757,0.04219203
2758,0.03709501
2759,0.03596234
2760,0.03341382
2761,0.03199798
2762,0.02888314
2763,0.02435245
2764,0.02321978
2765,0.01982176
2766,0.01897226
2767,0.03228115
2768,0.03709501
2769,0.0362455
2770,0.03143165
2771,0.0433247
2772,0.03766134
2773,0.03143165
2774,0.02633462
2775,0.02378611
2776,0.02067126
2777,0.01755642
2778,0.01727325
2779,0.02010493
2780,0.02321978
2781,0.01783958
2782,0.02265344
2783,0.06739398
2784,0.03964352
2785,0.0362455
2786,0.03822768
2787,0.03426333
2788,0.0345465
2789,0.03369699
2790,0.02944947
2791,0.06654448
2792,0.05861578
2793,0.05238608
2794,0.04417421
2795,0.04134253
2796,0.03737818
2797,0.03426333
2798,0.03228115
2799,0.02690096
2800,0.02605146
2801,0.02803363
2802,0.02888314
2803,0.02633462
2804,0.02406928
2805,0.02152077
2806,0.02463562
2807,0.03199798
2808,0.03313066
2809,0.03058214
2810,0.02605146
2811,0.02803363
2812,0.02435245
2813,0.02265344
2814,0.01982176
2815,0.01755642
2816,0.01755642
2817,0.01755642
2818,0.01812275
2819,0.035396
2820,0.03341382
2821,0.02775046
2822,0.02463562
2823,0.02265344
2824,0.02888314
2825,0.02520195
2826,0.02152077
2827,0.02859997
2828,0.02859997
2829,0.02690096
2830,0.02520195
2831,0.0362455
2832,0.0362455
2833,0.035396
2834,0.03199798
2835,0.0291663
2836,0.02973264
2837,0.03086531
2838,0.02859997
2839,0.04077619
2840,0.04983757
2841,0.04190886
2842,0.04219203
2843,0.04417421
2844,0.04275837
2845,0.04049302
2846,0.04077619
2847,0.04105936
2848,0.05946528
2849,0.06088112
2850,0.05465142
2851,0.43041536
2852,1.628216
2853,0.80419712
2854,0.45023712
2855,0.30582144
2856,0.22341955
2857,0.19170474
2858,0.49271232
2859,0.4813856
2860,0.37378176
2861,0.31714816
2862,0.26561158
2863,0.24805517
2864,0.23219776
2865,0.21747302
2866,0.21350867
2867,0.20727898
2868,0.25286902
2869,0.17528099
2870,0.17216614
2871,0.1761305
2872,0.17839584
2873,0.17159981
2874,0.16423744
2875,0.16395427
2876,0.22115421
2877,0.55784096
2878,0.51253408
2879,0.51253408
2880,0.43607872
2881,0.47572224
2882,0.46439552
2883,0.39077184
2884,0.37095008
2885,0.71641504
2886,0.63429632
2887,0.4813856
2888,0.33696992
2889,0.283168
2890,0.32847488
2891,0.79853376
2892,4.0776192
2893,3.2281152
2894,1.81510688
2895,1.27142432
2896,1.0052464
2897,0.84384064
2898,0.7928704
2899,0.77304864
2900,0.71641504
2901,0.62863296
2902,0.54085088
2903,0.62863296
2904,0.67393984
2905,0.64562304
2906,0.58332608
2907,0.54085088
2908,0.566336
2909,0.73340512
2910,1.02506816
2911,1.08736512
2912,0.83817728
2913,0.71358336
2914,0.6512864
2915,0.83817728
2916,1.2884144
2917,1.03639488
2918,1.29690944
2919,1.72449312
2920,1.37902816
2921,1.36486976
2922,1.12134528
2923,1.1893056
2924,1.04205824
2925,1.19780064
2926,4.2758368
2927,3.9360352
2928,2.55983872
2929,1.7981168
2930,1.49795872
2931,1.44982016
2932,1.274256
2933,1.7273248
2934,3.0015808
2935,4.4740544
2936,3.0865312
2937,2.265344
2938,1.84342368
2939,1.59706752
2940,1.5857408
2941,1.54043392
2942,1.52344384
2943,1.49512704
2944,1.71033472
2945,1.91704736
2946,2.03031456
2947,2.06146304
2948,2.14075008
2949,2.45789824
2950,2.53152192
2951,1.97651264
2952,1.61122592
2953,1.36486976
2954,1.3025728
2955,1.20629568
2956,1.09586016
2957,1.01090976
2958,0.99675136
2959,0.98259296
2960,0.9627712
2961,1.0760384
2962,1.22611744
2963,1.23744416
2964,1.22894912
2965,1.1468304
2966,1.1751472
2967,1.11568192
2968,1.06188
2969,1.11001856
2970,1.01657312
2971,0.99958304
2972,1.35354304
2973,1.82360192
2974,1.6565328
2975,1.57724576
2976,2.14924512
2977,4.2758368
2978,6.8809824
2979,7.4190016
2980,4.7855392
2981,3.4263328
2982,2.9166304
2983,2.62779904
2984,2.0954432
2985,1.70467136
2986,1.48380032
2987,1.40451328
2988,1.4016816
2989,1.46964192
2990,1.4583152
2991,1.3167312
2992,1.16382048
2993,1.07037504
2994,1.02223648
2995,1.02506816
2996,1.16948384
2997,1.3167312
2998,1.2176224
2999,1.11285024
3000,1.05904832
3001,1.07037504
3002,1.20912736
3003,1.33655296
3004,1.17231552
3005,1.09586016
3006,1.0760384
3007,1.12417696
3008,1.5149488
3009,2.58815552
3010,4.8421728
3011,4.5023712
3012,3.6245504
3013,4.24752
3014,4.105936
3015,4.5873216
3016,8.0986048
3017,11.7231552
3018,9.7126624
3019,14.7530528
3020,9.061376
3021,5.6350432
3022,4.24752
3023,3.4829664
3024,2.8883136
3025,2.56550208
3026,2.09827488
3027,1.73015648
3028,1.52061216
3029,1.36486976
3030,1.32239456
3031,1.05621664
3032,1.00241472
3033,1.35354304
3034,1.88023552
3035,1.55176064
3036,1.22328576
3037,1.07037504
3038,1.91421568
3039,2.10393824
3040,1.5857408
3041,1.2176224
3042,1.02223648
3043,0.920296
3044,1.03073152
3045,1.05338496
3046,0.84667232
3047,0.991088
3048,2.8883136
3049,2.59381888
3050,1.8122752
3051,1.35637472
3052,1.09302848
3053,0.93728608
3054,0.81835552
3055,0.7645536
3056,3.1431648
3057,3.9360352
3058,2.973264
3059,1.82926528
3060,1.23744416
3061,1.09869184
3062,0.96843456
3063,0.74756352
3064,0.6937616
3065,0.82401888
3066,0.72774176
3067,0.6654448
3068,7.2774176
3069,7.8437536
3070,4.0209856
3071,2.70708608
3072,2.32480928
3073,2.22853216
3074,2.8883136
3075,2.04447296
3076,1.52061216
3077,1.28275104
3078,1.43283008
3079,3.114848
3080,5.097024
3081,3.256432
3082,2.3502944
3083,1.7273248
3084,1.28558272
3085,1.00241472
3086,0.80419712
3087,0.67393984
3088,0.58615776
3089,0.54368256
3090,1.0477216
3091,1.00241472
3092,0.95710784
3093,1.48946368
3094,1.24310752
3095,0.97409792
3096,0.66827648
3097,0.5946528
3098,0.54368256
3099,0.566336
3100,0.52102912
3101,0.6229696
3102,0.56067264
3103,0.495544
3104,0.77021696
3105,0.79570208
3106,0.6654448
3107,0.48988064
3108,0.39077184
3109,0.33696992
3110,0.40776192
3111,0.5097024
3112,0.67393984
3113,0.49271232
3114,0.44457376
3115,0.41908864
3116,0.4389104
3117,0.45590048
3118,0.52669248
3119,0.49837568
3120,0.43041536
3121,0.3256432
3122,0.27184128
3123,0.22851658
3124,0.24239181
3125,0.20756214
3126,0.16876813
3127,0.3681184
3128,0.95993952
3129,0.66827648
3130,0.54085088
3131,0.46439552
3132,0.3681184
3133,0.30015808
3134,0.25145318
3135,0.2203047
3136,0.2415423
3137,0.29166304
3138,0.25060368
3139,0.28090266
3140,0.40776192
3141,0.30865312
3142,0.2823185
3143,0.24578982
3144,0.2398433
3145,0.21662352
3146,0.19680176
3147,0.18660771
3148,0.16168893
3149,0.14554835
3150,0.13110678
3151,0.12459392
3152,0.11978006
3153,0.1211959
3154,0.1141167
3155,0.10052464
3156,0.09174643
3157,0.10250682
3158,0.10080781
3159,0.09684346
3160,0.08948109
3161,0.08976426
3162,0.08013654
3163,0.07532269
3164,0.07390685
3165,0.06965933
3166,0.06484547
3167,0.05889894
3168,0.13733648
3169,0.20841165
3170,0.14186717
3171,0.1478137
3172,1.54609728
3173,1.53193888
3174,0.84667232
3175,0.51253408
3176,0.36245504
3177,0.28033632
3178,0.20274829
3179,0.16310477
3180,0.22370272
3181,0.86083072
3182,0.36245504
3183,0.24947101
3184,0.20784531
3185,0.20161562
3186,0.21435818
3187,0.17896218
3188,0.1548929
3189,0.13761965
3190,0.1194969
3191,0.1070375
3192,0.10109098
3193,0.09514445
3194,0.0841009
3195,0.08126922
3196,0.08296822
3197,0.0778712
3198,0.07390685
3199,0.07022566
3200,0.07135834
3201,0.09089693
3202,0.10392266
3203,0.09571078
3204,0.13337213
3205,0.24663933
3206,0.16508694
3207,0.13393846
3208,0.10278998
3209,0.09627712
3210,0.09514445
3211,0.17103347
3212,0.15347706
3213,0.10788701
3214,0.09344544
3215,0.08721574
3216,0.07957021
3217,0.07503952
3218,0.07305734
3219,0.10986918
3220,1.22611744
3221,4.5873216
3222,5.5500928
3223,2.43241312
3224,1.56591904
3225,20.104928
3226,11.2700864
3227,4.9271232
3228,3.0298976
3229,2.23985888
3230,1.80378016
3231,1.54609728
3232,1.46964192
3233,1.60273088
3234,1.28558272
3235,1.11001856
3236,0.97126624
3237,0.8211872
3238,0.83817728
3239,0.83251392
3240,0.92312768
3241,0.90896928
3242,0.96843456
3243,1.22328576
3244,1.11568192
3245,1.4299984
3246,1.70467136
3247,1.39884992
3248,1.30823616
3249,1.45548352
3250,1.26576096
3251,1.132672
3252,1.0477216
3253,0.95993952
3254,0.95427616
3255,0.8778208
3256,0.81835552
3257,0.8211872
3258,0.8070288
3259,0.78720704
3260,0.7645536
3261,0.7362368
3262,1.48380032
3263,1.63387936
3264,1.28558272
3265,1.15249376
3266,1.17231552
3267,1.11001856
3268,1.09869184
3269,1.24027584
3270,1.03639488
3271,0.87498912
3272,0.87498912
3273,0.80419712
3274,0.77021696
3275,0.82401888
3276,0.97126624
3277,0.88065248
3278,0.76738528
3279,0.88348416
3280,1.5857408
3281,1.38185984
3282,1.08453344
3283,1.05055328
3284,0.92879104
3285,0.9061376
3286,0.88914752
3287,0.86932576
3288,0.8211872
3289,0.78720704
3290,0.80419712
3291,0.93162272
3292,1.04205824
3293,1.09869184
3294,1.14116704
3295,1.06471168
3296,0.97409792
3297,0.91746432
3298,0.95993952
3299,1.90288896
3300,14.2150336
3301,11.185136
3302,7.6738528
3303,4.389104
3304,2.32764096
3305,2.01898784
3306,1.83776032
3307,1.69334464
3308,1.57724576
3309,1.51778048
3310,2.06429472
3311,4.0209856
3312,2.973264
3313,2.12092832
3314,1.81793856
3315,2.13508672
3316,2.07278976
3317,1.73581984
3318,1.54892896
3319,1.39884992
3320,1.59140416
3321,1.80378016
3322,1.31106784
3323,2.50320512
3324,2.0388096
3325,1.6565328
3326,1.88873056
3327,1.78962176
3328,1.5007904
3329,5.4651424
3330,10.8170176
3331,5.4651424
3332,3.4546496
3333,2.8599968
3334,2.8033632
3335,2.54284864
3336,2.32764096
3337,2.1520768
3338,3.5396
3339,4.1625696
3340,3.5396
3341,2.9166304
3342,3.1431648
3343,3.3413824
3344,4.672272
3345,3.5962336
3346,2.8883136
3347,2.53718528
3348,4.0493024
3349,9.7126624
3350,5.7483104
3351,4.0493024
3352,3.3130656
3353,2.8883136
3354,2.973264
3355,2.8599968
3356,2.50320512
3357,2.2936608
3358,2.23985888
3359,2.30498752
3360,2.39843296
3361,2.25401728
3362,2.20587872
3363,2.18322528
3364,1.71599808
3365,1.57441408
3366,1.52344384
3367,1.48096864
3368,1.5149488
3369,1.64520608
3370,1.7556416
3371,1.82360192
3372,1.69334464
3373,1.71882976
3374,1.95102752
3375,2.760888
3376,3.5679168
3377,3.9926688
3378,2.9449472
3379,2.48904672
3380,2.4210864
3381,3.7661344
3382,4.389104
3383,3.0865312
3384,3.256432
3385,3.1431648
3386,2.60231392
3387,2.20587872
3388,1.99067104
3389,1.85191872
3390,2.00482944
3391,1.75847328
3392,1.5857408
3393,4.1908864
3394,13.167312
3395,8.3251392
3396,5.2952416
3397,4.1342528
3398,3.2281152
3399,2.71274944
3400,2.32480928
3401,2.0388096
3402,2.265344
3403,4.2192032
3404,3.4546496
3405,3.4546496
3406,2.83168
3407,2.67310592
3408,2.50037344
3409,2.14641344
3410,1.840592
3411,1.70183968
3412,1.55176064
3413,1.55459232
3414,1.87457216
3415,1.65370112
3416,1.44982016
3417,1.29974112
3418,1.20063232
3419,1.12700864
3420,1.26859264
3421,1.24877088
3422,1.12134528
3423,2.0104928
3424,1.5715824
3425,1.29124608
3426,1.11001856
3427,1.29974112
3428,1.19496896
3429,1.04488992
3430,0.9627712
3431,0.81552384
3432,0.70508832
3433,0.6654448
3434,0.66827648
3435,0.75322688
3436,0.71641504
3437,0.6088112
3438,0.5238608
3439,0.45873216
3440,0.45873216
3441,0.49271232
3442,0.43607872
3443,0.566336
3444,0.52952416
3445,0.47572224
3446,0.44457376
3447,0.41908864
3448,0.4105936
3449,0.36245504
3450,0.33696992
3451,0.29449472
3452,0.27495613
3453,0.22087104
3454,0.18915622
3455,0.1699008
3456,0.14498202
3457,0.13337213
3458,0.11978006
3459,0.08608307
3460,0.04700589
3461,0.0362455
3462,0.50687072
3463,1.8547504
3464,0.72774176
3465,0.48421728
3466,1.27708768
3467,0.85516736
3468,0.44740544
3469,0.26957594
3470,0.25796605
3471,0.21492451
3472,0.16933446
3473,0.1565919
3474,0.15092854
3475,0.13846915
3476,0.12487709
3477,0.11156819
3478,0.09854246
3479,0.08749891
3480,0.0770217
3481,0.07135834
3482,0.06796032
3483,0.06682765
3484,0.09231277
3485,1.12134528
3486,1.32522624
3487,0.32281152
3488,0.16112259
3489,0.12459392
3490,0.13223946
3491,0.20218195
3492,0.23927696
3493,0.21011066
3494,0.37944512
3495,0.38510848
3496,0.2752393
3497,0.22795024
3498,0.21265917
3499,0.18179386
3500,0.15630874
3501,0.15885725
3502,0.38794016
3503,0.4530688
3504,0.65694976
3505,0.3822768
3506,0.27920365
3507,0.30582144
3508,0.36245504
3509,0.32847488
3510,0.70792
3511,3.9360352
3512,2.76655136
3513,5.1819744
3514,5.2952416
3515,2.82601664
3516,1.6140576
3517,1.48380032
3518,1.84342368
3519,1.29124608
3520,0.87498912
3521,1.21479072
3522,1.72166144
3523,1.07887008
3524,0.65978144
3525,0.4813856
3526,0.37661344
3527,0.34263328
3528,0.27495613
3529,0.23021558
3530,0.21011066
3531,0.18037802
3532,0.1636711
3533,0.14922954
3534,0.13280579
3535,0.11751472
3536,0.14554835
3537,0.26051456
3538,0.23417994
3539,0.17188298
3540,0.17414832
3541,1.0335632
3542,1.04205824
3543,1.132672
3544,0.90330592
3545,0.62013792
3546,0.46439552
3547,0.3681184
3548,6.2863296
3549,11.751472
3550,4.7855392
3551,2.80619488
3552,1.77263168
3553,1.26859264
3554,0.94578112
3555,1.22611744
3556,4.24752
3557,6.4562304
3558,4.3607872
3559,3.114848
3560,2.16057184
3561,1.66502784
3562,1.7414832
3563,3.0015808
3564,2.64195744
3565,1.93403744
3566,2.24835392
3567,1.5291072
3568,1.13833536
3569,0.99958304
3570,0.97126624
3571,1.78679008
3572,6.229696
3573,3.256432
3574,2.37294784
3575,1.92271072
3576,1.84625536
3577,1.6565328
3578,1.40734496
3579,1.24877088
3580,1.17797888
3581,1.08170176
3582,0.98825632
3583,0.98542464
3584,1.13833536
3585,1.07320672
3586,0.9627712
3587,1.38185984
3588,3.9926688
3589,3.0582144
3590,2.63063072
3591,2.2511856
3592,3.6245504
3593,2.4352448
3594,15.8290912
3595,12.6292928
3596,6.2013792
3597,6.1730624
3598,8.211872
3599,5.238608
3600,3.822768
3601,7.5605856
3602,6.2863296
3603,4.24752
3604,7.3340512
3605,10.2789984
3606,5.7483104
3607,5.3235584
3608,4.8988064
3609,4.0776192
3610,3.964352
3611,5.2669248
3612,4.672272
3613,3.4263328
3614,2.61080896
3615,2.52302688
3616,2.75522464
3617,3.3696992
3618,12.6859264
3619,9.9391968
3620,5.8898944
3621,4.3041536
3622,3.5679168
3623,5.3235584
3624,8.211872
3625,5.7483104
3626,4.105936
3627,3.3413824
3628,2.8883136
3629,2.46639328
3630,2.16340352
3631,2.052968
3632,1.86324544
3633,1.77829504
3634,1.58007744
3635,1.56025568
3636,1.63671104
3637,1.6706912
3638,2.62213568
3639,2.28799744
3640,1.77829504
3641,1.62538432
3642,3.7095008
3643,9.3728608
3644,5.1819744
3645,3.3413824
3646,2.6476208
3647,2.18322528
3648,1.9538592
3649,2.04164128
3650,2.973264
3651,2.48904672
3652,2.0954432
