$Waushacum Daily Discharge,
Auto-Generated,
JDAY,Flow
1,0.66270023
2,0.580153359
3,0.531904132
4,0.478423061
5,0.451682525
6,0.429011202
7,0.459239633
8,0.598755471
9,0.492955961
10,0.406339878
11,0.398201454
12,0.373204866
13,0.343557751
14,0.312748003
15,0.279031676
16,0.273218516
17,0.266242724
18,0.287751416
19,0.29588984
20,0.294145892
21,0.27845036
22,0.26682404
23,0.254616404
24,0.250547192
25,0.249965876
26,0.236014292
27,0.227875869
28,0.233689029
29,0.2871701
30,0.284844836
31,0.26101088
32,0.245896664
33,0.233107713
34,0.239502188
35,0.230201133
36,0.222644025
37,0.217993497
38,0.217993497
39,0.231945081
40,0.283100888
41,0.2581043
42,0.249965876
43,0.409246458
44,0.67432655
45,0.468540689
46,0.376692762
47,0.322630375
48,0.292401944
49,0.267986672
50,0.29879642
51,0.333675379
52,0.293564576
53,0.29007668
54,0.364485127
55,0.311004055
56,0.2871701
57,0.253453772
58,0.297633788
59,1.057995104
60,0.854534507
61,0.551668876
62,0.501675701
63,0.43366173
64,0.374948814
65,0.369135655
66,0.448194629
67,0.773150269
68,1.3486531
69,0.976610865
70,0.912666106
71,1.3777189
72,0.889413467
73,0.67432655
74,0.604568631
75,0.592942311
76,0.552831508
77,0.528997552
78,0.540623872
79,0.514464652
80,0.456914369
81,0.41331567
82,0.362159863
83,0.331350115
84,0.322049059
85,0.299959052
86,0.334838011
87,0.340651171
88,0.367973023
89,0.622008111
90,0.68013971
91,0.504582281
92,0.442381469
93,0.430173834
94,0.808029228
95,0.616194951
96,0.581315991
97,1.435850499
98,0.796402908
99,0.509232808
100,0.415640934
101,0.473191217
102,0.576084147
103,0.474353849
104,0.40459593
105,0.356346703
106,0.318561163
107,0.287751416
108,0.253453772
109,0.245896664
110,0.241246136
111,0.456333053
112,0.912666106
113,0.66851339
114,0.491793329
115,0.399945402
116,0.374367498
117,0.354602755
118,0.298215104
119,0.257522984
120,0.230201133
121,0.215668233
122,0.209855073
123,0.204623229
124,0.197647437
125,0.197647437
126,0.277869044
127,0.570270988
128,0.802216068
129,0.517371232
130,0.460402265
131,0.383087238
132,0.350533543
133,0.306934843
134,0.25519772
135,0.240083504
136,0.219737445
137,0.297052472
138,0.320305111
139,0.25519772
140,0.208111125
141,0.176720061
142,0.157536634
143,0.138353206
144,0.13195873
145,0.120913726
146,0.106962142
147,0.100567667
148,0.156955318
149,0.248803244
150,0.227294553
151,0.187183749
152,0.150560842
153,0.109287406
154,0.094754507
155,0.087778715
156,0.069757919
157,0.080802923
158,0.087778715
159,0.100567667
160,0.113356618
161,0.13777189
162,0.158699266
163,0.339488539
164,0.341232487
165,0.335419327
166,0.389481714
167,0.349952227
168,0.2871701
169,0.217993497
170,0.452263841
171,0.5452744
172,0.399364086
173,0.420872778
174,0.429011202
175,0.40459593
176,0.473191217
177,0.399364086
178,0.320305111
179,0.28135694
180,0.287751416
181,0.322630375
182,0.404014614
183,1.895090132
184,2.325263965
185,1.040555625
186,0.553412824
187,0.38715645
188,0.379599342
189,0.796402908
190,0.889413467
191,0.512139388
192,0.374367498
193,0.390644346
194,0.342976435
195,0.311004055
196,0.238920872
197,0.181370589
198,0.16102453
199,0.195322173
200,0.187765065
201,0.156374002
202,0.164512426
203,0.254616404
204,0.24647798
205,2.71474568
206,2.772877279
207,1.191697782
208,0.999863505
209,0.64526075
210,0.420291462
211,0.393550926
212,0.604568631
213,1.395158379
214,0.732458149
215,0.483654905
216,0.356928019
217,0.302865632
218,0.252872456
219,0.202297965
220,0.168581637
221,0.152886106
222,0.14649163
223,0.133121362
224,0.179626641
225,0.149979526
226,0.16393111
227,0.133121362
228,0.107543458
229,0.098242403
230,0.123820306
231,0.092429243
232,0.061038179
233,0.047086595
234,0.062782127
235,0.108124774
236,0.140097154
237,0.125564254
238,0.095335823
239,0.077315027
240,0.115681882
241,0.234851661
242,0.346464331
243,0.2581043
244,0.187183749
245,0.137190574
246,0.102311614
247,0.076733711
248,0.063944759
249,0.051562728
250,0.047202858
251,0.044412542
252,0.04726099
253,0.041389699
254,0.05307415
255,0.127308202
256,0.138353206
257,0.111031354
258,0.072664499
259,0.051446465
260,0.042029146
261,0.034646433
262,0.034413907
263,0.033483801
264,0.035925328
265,0.035285881
266,0.034704565
267,0.034123249
268,0.033018748
269,0.03197238
270,0.033541933
271,0.037146092
272,0.039122566
273,0.036506644
274,0.034123249
275,0.032437432
276,0.033018748
277,0.047958569
278,0.040459593
279,0.035925328
280,0.039122566
281,0.046330885
282,0.042552331
283,0.047958569
284,0.037146092
285,0.035925328
286,0.039122566
287,0.040459593
288,0.040459593
289,0.044063752
290,0.042552331
291,0.052202176
292,0.061038179
293,0.063944759
294,0.061038179
295,0.054004256
296,0.048772412
297,0.091266611
298,0.218574813
299,0.23775824
300,0.191252961
301,0.300540368
302,0.496443857
303,0.379599342
304,0.267405356
305,0.226713237
306,0.186021117
307,0.162768478
308,0.145328998
309,0.133702678
310,0.133702678
311,0.116263198
312,0.110450038
313,0.104636878
314,0.110450038
315,0.104636878
316,0.110450038
317,0.104636878
318,0.282519572
319,0.901039787
320,0.773150269
321,0.533066764
322,0.409246458
323,0.359253283
324,0.493537277
325,0.720831829
326,0.616194951
327,0.438893573
328,0.397038822
329,0.441218837
330,0.391225662
331,0.370879602
332,0.493537277
333,0.470284637
334,0.379599342
335,0.351696175
336,0.39296961
337,0.610381791
338,0.871973987
339,0.639447591
340,0.535392028
341,0.465052793
342,0.402851982
343,0.454007789
344,0.715018669
345,0.68013971
346,0.577246779
347,0.516789916
348,0.883600307
349,1.028929305
350,0.895226627
351,0.481329641
352,0.380761974
353,0.504000965
354,0.520859128
355,0.301121684
356,0.281938256
357,0.256941668
358,0.259266932
359,0.267986672
360,0.370298286
361,0.953358226
362,1.691629535
363,0.831281868
364,0.573758883
365,0.491212013
366,0.420872778
367,0.37843671
368,0.345883015
369,0.313910635
370,0.289495364
371,0.273218516
372,0.259848248
373,0.247059296
374,0.232526397
375,0.232526397
376,0.216830865
377,0.223225341
378,0.219737445
379,0.216249549
380,0.208692441
381,0.212761653
382,0.221481393
383,0.286007468
384,0.279612992
385,0.251128508
386,0.234851661
387,0.203460597
388,0.182533221
389,0.175557429
390,0.68013971
391,2.900766797
392,1.761387454
393,0.755710789
394,0.56271388
395,0.455751737
396,0.408665142
397,0.369135655
398,0.323211691
399,0.297052472
400,0.277869044
401,0.259848248
402,0.249965876
403,0.233689029
404,0.223225341
405,0.211017705
406,0.225550605
407,0.221481393
408,0.202297965
409,0.192415593
410,0.198810069
411,0.190671645
412,0.190671645
413,0.194159541
414,0.194159541
415,0.191252961
416,0.190671645
417,0.198228753
418,0.204041913
419,0.219737445
420,0.484817537
421,1.244016222
422,5.41786504
423,2.819382558
424,1.964848051
425,1.714882175
426,1.563740017
427,1.488168938
428,1.203324102
429,1.017302985
430,0.964984546
431,1.028929305
432,1.226576742
433,1.488168938
434,1.35446626
435,1.284708341
436,1.32540046
437,1.517234737
438,6.278212707
439,8.022160681
440,5.987554711
441,3.493709108
442,2.639174601
443,1.99391385
444,1.627684776
445,1.37190574
446,1.197510942
447,2.458966643
448,3.278622191
449,2.139242848
450,1.616058456
451,1.34283994
452,1.092874064
453,1.302147821
454,3.784367104
455,5.813159914
456,3.551840707
457,2.377582405
458,1.726508494
459,1.33121362
460,1.069621424
461,0.906852947
462,0.813842388
463,0.755710789
464,0.808029228
465,1.005676665
466,0.784776588
467,0.66851339
468,0.610381791
469,0.534229396
470,0.476097797
471,0.468540689
472,0.587129151
473,0.64526075
474,0.604568631
475,0.530160184
476,0.534229396
477,0.460402265
478,0.39878277
479,0.379018026
480,0.349952227
481,0.334256695
482,0.327862219
483,0.335419327
484,0.327862219
485,0.335419327
486,0.309260107
487,0.267405356
488,0.273218516
489,0.334256695
490,0.247059296
491,0.319142479
492,0.294727208
493,0.409246458
494,0.526672288
495,0.405758562
496,0.446450681
497,0.283100888
498,0.227875869
499,0.201716649
500,0.315654583
501,0.231945081
502,0.170325585
503,0.169162953
504,0.464471477
505,0.510976756
506,0.355184071
507,0.244152716
508,0.199391385
509,0.16683769
510,0.152886106
511,0.130214782
512,0.141259786
513,0.131377414
514,0.10870609
515,0.10579951
516,0.098823719
517,0.118007146
518,0.14939821
519,0.116263198
520,0.199391385
521,0.178464009
522,0.115681882
523,0.115681882
524,0.086616083
525,0.080802923
526,0.098242403
527,0.115100566
528,0.11161267
529,0.184858485
530,0.219156129
531,0.170325585
532,0.127308202
533,0.104636878
534,0.079640291
535,0.063944759
536,0.058073468
537,0.05342294
538,0.048481754
539,0.068013971
540,0.078477659
541,0.095917139
542,0.069757919
543,0.060456863
544,0.056910836
545,0.056503914
546,0.051678992
547,0.049644386
548,0.043889357
549,0.035518407
550,0.031914248
551,0.029472721
552,0.027205588
553,0.024124614
554,0.023485166
555,0.020811112
556,0.02871701
557,0.034123249
558,0.032379301
559,0.036971697
560,0.040459593
561,0.050981412
562,0.050981412
563,0.076733711
564,0.05778281
565,0.042377936
566,0.042087278
567,0.032146774
568,0.033193143
569,0.034123249
570,0.053248545
571,0.050865149
572,0.039355093
573,0.032379301
574,0.029763379
575,0.025868562
576,0.022787587
577,0.021915613
578,0.01854398
579,0.017381348
580,0.016800032
581,0.016683769
582,0.016044321
583,0.019067165
584,0.019357823
585,0.017613875
586,0.016800032
587,0.017206953
588,0.016974427
589,0.016044321
590,0.019125296
591,0.018660243
592,0.015404874
593,0.015463005
594,0.019009033
595,0.018253322
596,0.016800032
597,0.016683769
598,0.016393111
599,0.014939821
600,0.029123931
601,0.071501867
602,0.090685295
603,0.084290819
604,0.055690072
605,0.035227749
606,0.027728773
607,0.022264402
608,0.01889277
609,0.015753663
610,0.015811795
611,0.014591031
612,0.016044321
613,0.014242242
614,0.012672689
615,0.012672689
616,0.013428399
617,0.013254005
618,0.012672689
619,0.012207636
620,0.010986872
621,0.012091373
622,0.014416637
623,0.013602794
624,0.01162632
625,0.010463688
626,0.012382031
627,0.012963347
628,0.011916978
629,0.012207636
630,0.011568188
631,0.010870609
632,0.010347425
633,0.010114898
634,0.009998635
635,0.010347425
636,0.010347425
637,0.010754346
638,0.01307961
639,0.055341282
640,0.196484805
641,0.077315027
642,0.055922598
643,0.044528805
644,0.083709503
645,0.217993497
646,0.133702678
647,0.087197399
648,0.057957204
649,0.052202176
650,0.047435385
651,0.044180015
652,0.03708796
653,0.368554339
654,0.557482036
655,0.24938456
656,0.11161267
657,0.084290819
658,0.065107391
659,0.055690072
660,0.056503914
661,0.062200811
662,0.048598017
663,0.053190413
664,0.049004938
665,0.060456863
666,0.091266611
667,0.100567667
668,0.092429243
669,0.084872135
670,0.069176603
671,0.081965555
672,0.101730298
673,0.12323899
674,0.544111768
675,0.496443857
676,0.161605846
677,0.286588784
678,0.279612992
679,0.238920872
680,0.112193986
681,0.065107391
682,0.108124774
683,0.076733711
684,0.097661087
685,0.202297965
686,0.538879924
687,0.778963428
688,0.403433298
689,0.244734032
690,0.170325585
691,0.130214782
692,0.159280582
693,0.137190574
694,0.11161267
695,0.160443214
696,0.291239312
697,0.180207957
698,0.123820306
699,0.124401622
700,0.14649163
701,0.744084469
702,0.581315991
703,0.39006303
704,0.311585371
705,0.258685616
706,0.219156129
707,0.226131921
708,0.195903489
709,0.168000322
710,0.203460597
711,0.329024851
712,2.075298089
713,1.505608418
714,0.883600307
715,0.68013971
716,0.503419649
717,0.455751737
718,0.411571722
719,0.362741179
720,0.232526397
721,0.215086917
722,0.209273757
723,0.197647437
724,0.186021117
725,0.168581637
726,0.191834277
727,0.186021117
728,0.174394797
729,0.162768478
730,0.162768478
731,0.174394797
732,0.232526397
733,0.284844836
734,0.244152716
735,0.191834277
736,0.156955318
737,0.145328998
738,0.133702678
739,0.122076358
740,0.116263198
741,0.110450038
742,0.116263198
743,0.145328998
744,0.133702678
745,0.122076358
746,0.122076358
747,0.116263198
748,0.116263198
749,0.162768478
750,0.168581637
751,0.156955318
752,0.145328998
753,0.127889518
754,0.122076358
755,0.127889518
756,0.127889518
757,0.145328998
758,0.151142158
759,0.139515838
760,0.133702678
761,0.122076358
762,0.116263198
763,0.139515838
764,0.156955318
765,0.151142158
766,0.145328998
767,0.186021117
768,0.197647437
769,0.186021117
770,0.168581637
771,0.151142158
772,0.133702678
773,0.133702678
774,0.127889518
775,0.139515838
776,0.151142158
777,0.145328998
778,0.151142158
779,0.215086917
780,0.313910635
781,0.296471156
782,0.238339556
783,0.203460597
784,0.186021117
785,0.162768478
786,0.244152716
787,0.348789595
788,0.290657996
789,0.331350115
790,0.406921194
791,0.372042234
792,0.325536955
793,0.296471156
794,0.296471156
795,0.68595287
796,5.929423112
797,4.877241168
798,2.156682328
799,1.406784699
800,2.162495488
801,2.953085236
802,2.092737569
803,1.616058456
804,1.31377414
805,1.482355778
806,2.086924409
807,2.203187607
808,2.307824486
809,1.685816375
810,1.307960981
811,1.151005663
812,1.034742465
813,0.895226627
814,0.767337109
815,0.67432655
816,0.604568631
817,0.552250192
818,0.511558072
819,0.476679113
820,0.459239633
821,0.534810712
822,0.622008111
823,0.67432655
824,0.69176603
825,0.883600307
826,0.813842388
827,0.65688707
828,0.563876512
829,0.470865953
830,0.412734354
831,0.389481714
832,0.366229075
833,0.465052793
834,0.65688707
835,0.569689672
836,0.499931753
837,2.086924409
838,2.278758686
839,1.33121362
840,1.052181944
841,0.877787147
842,0.67432655
843,0.709205509
844,0.918479266
845,0.784776588
846,0.67432655
847,0.633634431
848,0.616194951
849,0.610381791
850,0.528997552
851,0.441800153
852,0.395294874
853,0.366229075
854,0.389481714
855,0.442962785
856,0.41331567
857,0.356346703
858,0.336000643
859,0.333094063
860,0.308678791
861,0.349952227
862,0.487142801
863,0.405177246
864,0.301703
865,0.388900398
866,0.767337109
867,0.918479266
868,0.889413467
869,0.854534507
870,0.813842388
871,0.68595287
872,0.531904132
873,0.468540689
874,0.55690072
875,0.523184392
876,0.497025173
877,0.401108034
878,0.303446947
879,0.245315348
880,0.195322173
881,0.174976113
882,0.166256374
883,0.228457185
884,0.200554017
885,0.162187162
886,0.155792686
887,0.136609258
888,0.116844514
889,0.11161267
890,0.129633466
891,0.179045325
892,0.14939821
893,0.302865632
894,0.288914048
895,0.319723795
896,0.247640612
897,0.174976113
898,0.142422418
899,0.361578547
900,0.187183749
901,0.135446626
902,0.096498455
903,0.132540046
904,0.813842388
905,0.912666106
906,0.802216068
907,1.092874064
908,0.773150269
909,0.463308845
910,0.411571722
911,0.329024851
912,0.226131921
913,0.192415593
914,0.15521137
915,0.124401622
916,0.106380826
917,0.11161267
918,0.091847927
919,0.084872135
920,0.094173191
921,0.077315027
922,0.065688707
923,0.055573809
924,0.064526075
925,0.076733711
926,0.061619495
927,0.053887992
928,0.036913565
929,0.038192461
930,0.039645751
931,0.02400835
932,0.020694849
933,0.017846401
934,0.029530852
935,0.032960617
936,0.033018748
937,0.037378618
938,0.032669959
939,0.032786222
940,0.0290658
941,0.029530852
942,0.029530852
943,0.020927376
944,0.019532217
945,0.023368903
946,0.017730138
947,0.017497611
948,0.0145329
949,0.010347425
950,0.023485166
951,0.028775142
952,0.170906901
953,0.10579951
954,0.064526075
955,0.048307359
956,0.033251275
957,0.135446626
958,0.627821271
959,0.303446947
960,0.158699266
961,0.109868722
962,0.085453451
963,0.063363443
964,0.060456863
965,0.04906307
966,0.036157855
967,0.032030511
968,0.055922598
969,0.052260308
970,1.459103138
971,2.261319206
972,1.156818823
973,0.587129151
974,0.380761974
975,0.277287728
976,0.216830865
977,0.174976113
978,0.143003734
979,0.212761653
980,0.633634431
981,2.400835044
982,2.592669321
983,1.3777189
984,0.930105586
985,0.68595287
986,0.541786504
987,0.434243046
988,0.357509335
989,0.310422739
990,0.270311936
991,0.240083504
992,0.220900077
993,0.200554017
994,0.202879281
995,0.218574813
996,0.294145892
997,1.3195873
998,1.151005663
999,0.720831829
1000,0.500513069
1001,0.40459593
1002,0.918479266
1003,1.087060904
1004,0.860347667
1005,0.65107391
1006,0.540623872
1007,0.65688707
1008,0.854534507
1009,0.633634431
1010,0.476679113
1011,0.405758562
1012,0.354602755
1013,0.312748003
1014,0.281938256
1015,0.255779036
1016,0.414478302
1017,0.720831829
1018,1.185884622
1019,0.831281868
1020,0.598755471
1021,0.506907544
1022,0.592942311
1023,1.464916298
1024,1.226576742
1025,0.866160827
1026,0.66851339
1027,0.57143362
1028,0.531904132
1029,0.526090972
1030,0.534810712
1031,0.877787147
1032,0.744084469
1033,0.837095028
1034,0.906852947
1035,0.871973987
1036,0.906852947
1037,0.935918746
1038,1.005676665
1039,0.924292426
1040,0.778963428
1041,0.68595287
1042,0.633634431
1043,0.587129151
1044,0.622008111
1045,1.046368784
1046,0.837095028
1047,0.68013971
1048,0.639447591
1049,0.616194951
1050,0.587129151
1051,0.65107391
1052,0.552250192
1053,0.482492273
1054,0.442381469
1055,0.428429886
1056,0.431336466
1057,1.063808264
1058,1.302147821
1059,0.953358226
1060,0.749897629
1061,0.633634431
1062,0.587129151
1063,0.558063352
1064,1.389345219
1065,1.226576742
1066,0.906852947
1067,0.749897629
1068,0.639447591
1069,0.598755471
1070,0.574921515
1071,0.70339235
1072,2.081111249
1073,1.680003215
1074,1.139379343
1075,0.848721347
1076,0.69757919
1077,0.56852704
1078,0.51911518
1079,0.52783492
1080,0.559225984
1081,0.549924928
1082,0.51911518
1083,0.505744912
1084,0.499350437
1085,0.506907544
1086,0.738271309
1087,1.040555625
1088,1.046368784
1089,0.808029228
1090,0.66851339
1091,0.616194951
1092,1.075434584
1093,0.918479266
1094,0.790589748
1095,0.709205509
1096,0.65688707
1097,0.610381791
1098,0.542949136
1099,0.461564897
1100,0.456333053
1101,0.438893573
1102,0.428429886
1103,0.409246458
1104,0.388900398
1105,0.37262355
1106,0.366229075
1107,0.381924606
1108,0.444706733
1109,0.419710146
1110,0.326118271
1111,0.292401944
1112,0.352277491
1113,0.412153038
1114,0.384831186
1115,0.337163275
1116,0.320305111
1117,0.306353527
1118,0.329024851
1119,0.423198042
1120,0.53364808
1121,0.455170421
1122,0.906852947
1123,1.255642541
1124,0.860347667
1125,0.67432655
1126,0.553412824
1127,0.496443857
1128,0.460402265
1129,0.445288049
1130,0.43075515
1131,0.41331567
1132,0.397038822
1133,0.383087238
1134,0.367391707
1135,0.352858807
1136,0.344720383
1137,0.327280903
1138,0.315073267
1139,0.288914048
1140,0.297633788
1141,0.299959052
1142,0.305190895
1143,0.327280903
1144,0.331350115
1145,0.311585371
1146,0.286588784
1147,0.274962464
1148,0.283682204
1149,0.291820628
1150,0.311004055
1151,0.639447591
1152,0.533066764
1153,0.447031997
1154,0.394132242
1155,0.371460918
1156,0.385993818
1157,0.379599342
1158,0.445869365
1159,0.587129151
1160,0.481910957
1161,0.402270666
1162,0.410990406
1163,0.66270023
1164,0.947545066
1165,0.749897629
1166,0.610381791
1167,0.53655466
1168,0.504000965
1169,0.498769121
1170,0.460402265
1171,0.428429886
1172,0.41622225
1173,0.401108034
1174,0.383668554
1175,0.349952227
1176,0.327862219
1177,0.295308524
1178,0.2581043
1179,0.24647798
1180,0.247059296
1181,0.234851661
1182,0.200554017
1183,0.223225341
1184,0.226713237
1185,0.217412181
1186,0.215668233
1187,0.198228753
1188,0.188927697
1189,0.177882693
1190,0.176720061
1191,0.173813481
1192,0.174976113
1193,0.169162953
1194,0.169162953
1195,0.162187162
1196,0.158699266
1197,0.162768478
1198,0.181370589
1199,0.178464009
1200,0.168000322
1201,0.156374002
1202,0.147072946
1203,0.130796098
1204,0.112193986
1205,0.111031354
1206,0.105218194
1207,0.097661087
1208,0.130796098
1209,1.209137262
1210,1.185884622
1211,0.68595287
1212,0.535392028
1213,0.445869365
1214,0.369716971
1215,0.305190895
1216,0.249965876
1217,0.337163275
1218,0.531322816
1219,0.460983581
1220,0.431336466
1221,0.376692762
1222,0.322049059
1223,0.279031676
1224,0.274381148
1225,0.39587619
1226,0.555156772
1227,0.537135976
1228,0.393550926
1229,0.308097475
1230,0.267405356
1231,0.29298326
1232,0.527253604
1233,0.479585693
1234,0.373204866
1235,0.285426152
1236,0.233689029
1237,0.203460597
1238,0.285426152
1239,0.430173834
1240,0.335419327
1241,0.265080092
1242,0.218574813
1243,0.187183749
1244,0.156374002
1245,0.14067847
1246,0.223225341
1247,0.183114537
1248,0.148235578
1249,0.501094385
1250,1.104500384
1251,0.761523949
1252,0.639447591
1253,0.553412824
1254,0.449357261
1255,0.402851982
1256,0.358671967
1257,0.308678791
1258,0.261592196
1259,0.216830865
1260,0.317979847
1261,0.43075515
1262,0.301121684
1263,0.231945081
1264,0.197066121
1265,0.165675058
1266,0.154048738
1267,0.13195873
1268,0.113937934
1269,0.100567667
1270,0.093591875
1271,0.087778715
1272,0.106962142
1273,0.119169778
1274,0.097661087
1275,0.081384239
1276,0.069757919
1277,0.108124774
1278,0.074989763
1279,0.057027099
1280,0.048656148
1281,0.055399414
1282,0.052027781
1283,0.047900438
1284,0.045284516
1285,0.045749569
1286,0.036913565
1287,0.035344012
1288,0.034413907
1289,0.03563467
1290,0.036390381
1291,0.035402144
1292,0.030460958
1293,0.028019431
1294,0.025054719
1295,0.024299008
1296,0.022206271
1297,0.021159902
1298,0.020578586
1299,0.017672006
1300,0.0156374
1301,0.015172347
1302,0.013660926
1303,0.013835321
1304,0.015404874
1305,0.017497611
1306,0.025636035
1307,0.020578586
1308,0.020578586
1309,0.021508692
1310,0.017962664
1311,0.0145329
1312,0.015928058
1313,0.015928058
1314,0.016625637
1315,0.015172347
1316,0.0145329
1317,0.01307961
1318,0.020113533
1319,0.038657513
1320,0.062200811
1321,0.066270023
1322,0.058131599
1323,0.059875547
1324,0.141259786
1325,0.120913726
1326,0.12033241
1327,0.094754507
1328,0.067432655
1329,0.065688707
1330,0.058712915
1331,0.061619495
1332,0.065688707
1333,0.069757919
1334,0.062782127
1335,0.049935044
1336,0.042959252
1337,0.0312748
1338,0.02110177
1339,0.0145329
1340,0.025345377
1341,0.021508692
1342,0.021741218
1343,0.020462323
1344,0.026449878
1345,0.034123249
1346,0.031856116
1347,0.024880324
1348,0.031100406
1349,0.029937774
1350,0.019881007
1351,0.019183428
1352,0.020113533
1353,0.022671324
1354,0.021973744
1355,0.017555743
1356,0.018950901
1357,0.01709069
1358,0.059294231
1359,0.058131599
1360,0.042087278
1361,0.034820828
1362,0.034704565
1363,0.032030511
1364,0.024647798
1365,0.022729455
1366,0.024124614
1367,0.036390381
1368,0.067432655
1369,0.058712915
1370,0.049353728
1371,0.044528805
1372,0.057724678
1373,0.076733711
1374,0.062200811
1375,0.045458911
1376,0.035169617
1377,0.03197238
1378,0.035169617
1379,0.037262355
1380,0.035053354
1381,0.043714963
1382,0.038192461
1383,0.044935726
1384,0.039936409
1385,0.052957887
1386,0.049121201
1387,0.043889357
1388,0.04760978
1389,0.138934522
1390,0.148235578
1391,0.115100566
1392,0.088360031
1393,0.074989763
1394,0.063944759
1395,0.057027099
1396,0.059294231
1397,0.056736441
1398,0.165675058
1399,1.273082021
1400,1.110313544
1401,0.720831829
1402,0.453426473
1403,0.318561163
1404,0.245315348
1405,0.199391385
1406,0.169744269
1407,0.148235578
1408,0.159861898
1409,0.183695853
1410,0.179045325
1411,0.162768478
1412,0.145910314
1413,0.14649163
1414,0.138934522
1415,0.130214782
1416,0.12614557
1417,0.116263198
1418,0.116263198
1419,0.11451925
1420,0.109287406
1421,0.105218194
1422,0.16102453
1423,0.151723474
1424,0.12033241
1425,0.098242403
1426,0.088941347
1427,0.094173191
1428,0.093010559
1429,0.088360031
1430,0.097661087
1431,0.092429243
1432,0.090685295
1433,0.102311614
1434,0.098242403
1435,0.099986351
1436,0.091847927
1437,0.083128187
1438,0.101148982
1439,0.112193986
1440,0.181951905
1441,0.225550605
1442,0.188927697
1443,0.168581637
1444,0.141259786
1445,0.133702678
1446,0.129633466
1447,0.135446626
1448,0.331931431
1449,0.520859128
1450,0.400526718
1451,0.497606489
1452,1.046368784
1453,0.65107391
1454,0.492955961
1455,0.395294874
1456,0.326118271
1457,0.343557751
1458,0.333675379
1459,0.279031676
1460,0.2871701
1461,0.245315348
1462,0.216249549
1463,0.195903489
1464,0.192996909
1465,0.215668233
1466,0.209273757
1467,0.206948493
1468,0.193578225
1469,0.187183749
1470,0.178464009
1471,0.182533221
1472,0.185439801
1473,0.210436389
1474,0.29298326
1475,0.572596251
1476,0.720831829
1477,0.556319404
1478,0.474935165
1479,0.39587619
1480,0.329024851
1481,0.328443535
1482,0.326118271
1483,0.279031676
1484,0.205785861
1485,0.222644025
1486,0.207529809
1487,0.201135333
1488,0.189509013
1489,0.186602433
1490,0.192996909
1491,0.219737445
1492,0.842908187
1493,1.005676665
1494,0.65688707
1495,0.55108756
1496,0.439474889
1497,0.358671967
1498,0.338325907
1499,0.29588984
1500,0.28426352
1501,0.324374323
1502,0.406339878
1503,0.388900398
1504,0.391806978
1505,0.351696175
1506,0.329024851
1507,0.312748003
1508,0.330187483
1509,0.277869044
1510,0.259848248
1511,0.284844836
1512,0.345883015
1513,0.302284316
1514,0.261592196
1515,0.274962464
1516,0.320886427
1517,0.357509335
1518,0.344139067
1519,0.56271388
1520,1.307960981
1521,1.040555625
1522,0.755710789
1523,0.627821271
1524,0.576665463
1525,0.543530452
1526,0.559225984
1527,0.552250192
1528,0.538879924
1529,0.577828095
1530,0.565039144
1531,0.569108356
1532,0.767337109
1533,1.714882175
1534,1.563740017
1535,1.110313544
1536,0.883600307
1537,0.738271309
1538,0.66270023
1539,0.65107391
1540,0.633634431
1541,0.598755471
1542,0.544693084
1543,0.509232808
1544,0.51039544
1545,0.557482036
1546,0.54818098
1547,0.575502831
1548,0.64526075
1549,0.709205509
1550,0.848721347
1551,0.930105586
1552,1.220763582
1553,1.389345219
1554,0.999863505
1555,0.778963428
1556,0.738271309
1557,0.726644989
1558,0.68595287
1559,0.65107391
1560,0.66270023
1561,0.68595287
1562,0.709205509
1563,0.749897629
1564,0.964984546
1565,0.883600307
1566,0.749897629
1567,0.639447591
1568,0.576665463
1569,0.533066764
1570,0.492955961
1571,0.566783092
1572,0.587129151
1573,0.504000965
1574,0.423198042
1575,0.417384882
1576,0.404014614
1577,0.381924606
1578,0.341813803
1579,0.296471156
1580,0.25519772
1581,0.229038501
1582,0.215086917
1583,0.204623229
1584,0.186602433
1585,0.186021117
1586,0.197066121
1587,0.197066121
1588,0.188927697
1589,0.195322173
1590,0.473772533
1591,0.500513069
1592,0.440637521
1593,0.440056205
1594,0.311004055
1595,0.247640612
1596,0.216249549
1597,0.202297965
1598,0.206367177
1599,0.37553013
1600,0.2726372
1601,0.170325585
1602,0.147072946
1603,0.2726372
1604,0.274962464
1605,1.650937415
1606,1.656750575
1607,1.267268861
1608,0.877787147
1609,0.633634431
1610,0.587129151
1611,1.046368784
1612,0.953358226
1613,0.67432655
1614,0.472028585
1615,0.456914369
1616,0.410990406
1617,0.315073267
1618,0.247059296
1619,0.341232487
1620,1.924155931
1621,1.621871616
1622,1.005676665
1623,2.081111249
1624,2.360142925
1625,1.680003215
1626,2.784503599
1627,2.226440247
1628,1.523047897
1629,1.133566183
1630,1.232389902
1631,1.069621424
1632,0.813842388
1633,0.622008111
1634,0.504000965
1635,0.414478302
1636,0.318561163
1637,0.305190895
1638,0.307516159
1639,0.349952227
1640,0.469703321
1641,0.506907544
1642,0.352858807
1643,0.441800153
1644,1.203324102
1645,0.912666106
1646,0.517371232
1647,0.330768799
1648,0.234270345
1649,0.191834277
1650,0.172069533
1651,0.149979526
1652,0.16393111
1653,0.160443214
1654,0.161605846
1655,0.148235578
1656,0.141841102
1657,0.11451925
1658,0.096498455
1659,0.083709503
1660,0.070920551
1661,0.066270023
1662,0.056794572
1663,0.058712915
1664,0.056968967
1665,0.16683769
1666,0.342976435
1667,0.171488217
1668,0.166256374
1669,0.178464009
1670,0.154630054
1671,0.125564254
1672,0.094173191
1673,0.079640291
1674,0.073245815
1675,0.106380826
1676,0.103474246
1677,0.085453451
1678,0.071501867
1679,0.069176603
1680,0.058073468
1681,0.060456863
1682,0.099986351
1683,0.211017705
1684,0.139515838
1685,0.10870609
1686,0.333675379
1687,0.143003734
1688,0.076733711
1689,0.053306676
1690,0.051097676
1691,0.048191096
1692,0.044412542
1693,0.036448513
1694,0.030809748
1695,0.030693484
1696,0.038308724
1697,0.028019431
1698,0.026508009
1699,0.028891405
1700,0.029647116
1701,0.02435714
1702,0.035402144
1703,0.03307688
1704,0.028891405
1705,0.033018748
1706,0.037785539
1707,0.041331567
1708,0.028019431
1709,0.030054037
1710,0.02726372
1711,0.028542615
1712,0.021566823
1713,0.029937774
1714,0.020113533
1715,0.013021478
1716,0.019067165
1717,0.04906307
1718,0.033600064
1719,0.028949536
1720,0.035750933
1721,0.034006985
1722,0.021508692
1723,0.025868562
1724,0.019299691
1725,0.02255506
1726,0.024822193
1727,0.028775142
1728,0.026624272
1729,0.023368903
1730,0.026508009
1731,0.018718375
1732,0.028135694
1733,0.02761251
1734,0.012207636
1735,0.037553013
1736,0.040692119
1737,0.040285198
1738,0.045923963
1739,0.055690072
1740,0.068595287
1741,0.081384239
1742,0.092429243
1743,0.088941347
1744,0.083128187
1745,0.070920551
1746,0.063363443
1747,0.058712915
1748,0.05342294
1749,0.054236782
1750,0.051911518
1751,0.050458228
1752,0.046737806
1753,0.04290112
1754,0.044586937
1755,0.047086595
1756,0.045342647
1757,0.044761331
1758,0.044528805
1759,0.042959252
1760,0.042377936
1761,0.042145409
1762,0.040168935
1763,0.029763379
1764,0.028891405
1765,0.031391064
1766,0.049237464
1767,0.04836549
1768,0.037669276
1769,0.027670641
1770,0.027379983
1771,0.02726372
1772,0.027438115
1773,0.02761251
1774,0.02871701
1775,0.030926011
1776,0.028891405
1777,0.027903168
1778,0.028193826
1779,0.030635353
1780,0.030286563
1781,0.029588984
1782,0.029647116
1783,0.034239512
1784,0.036622907
1785,0.03307688
1786,0.029705247
1787,0.066270023
1788,0.085453451
1789,0.054469308
1790,0.037146092
1791,0.033774459
1792,0.231363765
1793,0.29007668
1794,0.193578225
1795,0.141841102
1796,0.124401622
1797,0.11451925
1798,0.108124774
1799,0.099405035
1800,0.091266611
1801,0.091847927
1802,0.11161267
1803,0.104636878
1804,0.100567667
1805,0.099986351
1806,0.090103979
1807,0.082546871
1808,0.076733711
1809,0.073827131
1810,0.093591875
1811,0.090103979
1812,0.093591875
1813,0.098823719
1814,0.093591875
1815,0.091266611
1816,0.097079771
1817,0.118007146
1818,0.218574813
1819,0.298215104
1820,0.231363765
1821,0.170325585
1822,0.140097154
1823,0.122657674
1824,0.138353206
1825,0.376692762
1826,0.259266932
1827,0.185439801
1828,0.148235578
1829,0.213924285
1830,0.174394797
1831,0.153467422
1832,0.191834277
1833,0.347626963
1834,0.304609579
1835,0.214505601
1836,0.159280582
1837,0.175557429
1838,0.566783092
1839,0.492374645
1840,0.402851982
1841,0.732458149
1842,0.513883336
1843,0.370879602
1844,0.298215104
1845,0.258685616
1846,0.233689029
1847,0.197647437
1848,0.178464009
1849,0.164512426
1850,0.151142158
1851,0.14358505
1852,0.143003734
1853,0.138934522
1854,0.127308202
1855,0.11451925
1856,0.099986351
1857,0.098242403
1858,0.104636878
1859,0.108124774
1860,0.112193986
1861,0.116263198
1862,0.116844514
1863,0.116263198
1864,0.116263198
1865,0.112193986
1866,0.112193986
1867,0.112193986
1868,0.109287406
1869,0.105218194
1870,0.116844514
1871,0.148235578
1872,0.142422418
1873,0.137190574
1874,0.13195873
1875,0.131377414
1876,0.128470834
1877,0.125564254
1878,0.162768478
1879,0.223225341
1880,0.25229114
1881,0.24066482
1882,0.213342969
1883,0.189509013
1884,0.171488217
1885,0.157536634
1886,0.147072946
1887,0.139515838
1888,0.130214782
1889,0.12614557
1890,0.119169778
1891,0.111031354
1892,0.109868722
1893,0.109868722
1894,0.12033241
1895,0.118007146
1896,0.14067847
1897,0.170906901
1898,0.408083826
1899,0.396457506
1900,0.334838011
1901,0.37843671
1902,0.280775624
1903,0.254616404
1904,0.223806657
1905,0.451101209
1906,0.633634431
1907,0.458077001
1908,0.453426473
1909,0.358090651
1910,0.29879642
1911,0.270893252
1912,0.233689029
1913,0.242408768
1914,0.448194629
1915,3.418138029
1916,4.900493807
1917,2.900766797
1918,1.906716452
1919,1.296334661
1920,1.017302985
1921,1.023116145
1922,0.912666106
1923,0.726644989
1924,0.883600307
1925,0.988237185
1926,0.715018669
1927,0.581315991
1928,0.538879924
1929,0.481910957
1930,0.43075515
1931,0.437149626
1932,0.895226627
1933,0.773150269
1934,0.567945724
1935,0.469703321
1936,0.394132242
1937,0.345301699
1938,0.308678791
1939,0.328443535
1940,0.394132242
1941,0.316817215
1942,0.325536955
1943,0.535973344
1944,0.473772533
1945,0.369135655
1946,0.365647759
1947,1.3777189
1948,1.470729458
1949,0.866160827
1950,0.610381791
1951,0.490630697
1952,0.406921194
1953,0.348789595
1954,0.307516159
1955,0.283100888
1956,0.277869044
1957,0.291239312
1958,0.247059296
1959,0.226713237
1960,0.211599021
1961,0.192415593
1962,0.185439801
1963,0.472028585
1964,0.592942311
1965,0.406921194
1966,0.319723795
1967,0.254035088
1968,0.225550605
1969,0.223806657
1970,0.230782449
1971,0.232526397
1972,0.229038501
1973,0.190090329
1974,0.346464331
1975,0.377274078
1976,0.29007668
1977,0.325536955
1978,0.280775624
1979,0.220318761
1980,0.177301377
1981,0.175557429
1982,0.204041913
1983,0.256941668
1984,0.197066121
1985,0.148816894
1986,0.124982938
1987,0.115681882
1988,0.097661087
1989,0.088360031
1990,0.116263198
1991,0.173813481
1992,0.136027942
1993,0.101148982
1994,0.094173191
1995,0.098242403
1996,0.084290819
1997,0.076733711
1998,0.064526075
1999,0.057666546
2000,0.050690754
2001,0.04760978
2002,0.044819463
2003,0.11451925
2004,0.091266611
2005,0.076152395
2006,0.068013971
2007,0.060456863
2008,0.061038179
2009,0.050981412
2010,0.062200811
2011,0.337163275
2012,0.330187483
2013,0.178464009
2014,0.112193986
2015,0.108124774
2016,0.088941347
2017,0.094173191
2018,0.080221607
2019,0.068595287
2020,0.057840941
2021,0.060456863
2022,0.060456863
2023,0.098823719
2024,0.095335823
2025,0.076733711
2026,0.065688707
2027,0.061619495
2028,0.055748204
2029,0.051562728
2030,0.047958569
2031,0.04906307
2032,0.044063752
2033,0.041564093
2034,0.04324991
2035,0.045749569
2036,0.045923963
2037,0.040982777
2038,0.037843671
2039,0.036332249
2040,0.034472038
2041,0.033774459
2042,0.031216669
2043,0.030344695
2044,0.029937774
2045,0.02836822
2046,0.028891405
2047,0.027496246
2048,0.025345377
2049,0.023659561
2050,0.021973744
2051,0.055573809
2052,0.217993497
2053,0.141259786
2054,0.095335823
2055,0.063944759
2056,0.044470673
2057,0.034123249
2058,0.029995905
2059,0.027089325
2060,0.02615922
2061,0.026391746
2062,0.025636035
2063,0.026508009
2064,0.023136376
2065,0.023078245
2066,0.027728773
2067,0.025170982
2068,0.021566823
2069,0.02145056
2070,0.026275483
2071,0.032786222
2072,0.062200811
2073,0.040750251
2074,0.030286563
2075,0.025868562
2076,0.027031194
2077,0.023543298
2078,0.02110177
2079,0.020985507
2080,0.020811112
2081,0.019067165
2082,0.018834638
2083,0.020520454
2084,0.019881007
2085,0.019241559
2086,0.01889277
2087,0.018369585
2088,0.017730138
2089,0.017148822
2090,0.024589666
2091,0.02982151
2092,0.023833956
2093,0.019648481
2094,0.017497611
2095,0.017032559
2096,0.016509374
2097,0.015346742
2098,0.014881689
2099,0.015579269
2100,0.017672006
2101,0.029240194
2102,0.031739853
2103,0.026042956
2104,0.028251957
2105,0.025229114
2106,0.022787587
2107,0.024066482
2108,0.024996588
2109,0.025229114
2110,0.025345377
2111,0.02615922
2112,0.025926693
2113,0.026508009
2114,0.02546164
2115,0.073245815
2116,0.290657996
2117,0.124401622
2118,0.083128187
2119,0.062200811
2120,0.050574491
2121,0.04726099
2122,0.773150269
2123,1.36609258
2124,0.616194951
2125,0.349370911
2126,0.213924285
2127,0.14649163
2128,0.112193986
2129,0.090103979
2130,0.081965555
2131,0.130214782
2132,0.141841102
2133,0.116844514
2134,0.097079771
2135,0.077896343
2136,0.070339235
2137,0.15811795
2138,0.13195873
2139,0.089522663
2140,0.072083183
2141,0.068595287
2142,0.073827131
2143,0.068013971
2144,0.094173191
2145,0.094754507
2146,0.072083183
2147,0.133121362
2148,0.370879602
2149,0.247640612
2150,0.173232165
2151,0.134283994
2152,0.184858485
2153,0.16393111
2154,0.216249549
2155,0.28135694
2156,0.206367177
2157,0.229619817
2158,0.208692441
2159,0.179626641
2160,0.16683769
2161,0.236014292
2162,0.365066443
2163,0.478423061
2164,0.65688707
2165,0.506907544
2166,0.550506244
2167,1.087060904
2168,0.709205509
2169,0.802216068
2170,2.958898396
2171,2.03460597
2172,1.197510942
2173,0.808029228
2174,0.622008111
2175,0.515045968
2176,0.437149626
2177,0.56562046
2178,0.65107391
2179,0.515627284
2180,0.423198042
2181,0.370879602
2182,0.337163275
2183,0.338325907
2184,0.427267254
2185,0.778963428
2186,0.69757919
2187,0.523184392
2188,0.443544101
2189,0.379599342
2190,0.322049059
2191,0.269149304
2192,0.242990084
2193,0.245315348
2194,0.236595608
2195,0.358671967
2196,0.65107391
2197,0.388900398
2198,0.353440123
2199,0.311004055
2200,0.271474568
2201,0.253453772
2202,0.236014292
2203,0.239502188
2204,0.238920872
2205,0.217412181
2206,0.206367177
2207,0.199391385
2208,0.192996909
2209,0.217412181
2210,1.017302985
2211,0.65107391
2212,0.380761974
2213,0.308097475
2214,0.271474568
2215,0.256941668
2216,0.250547192
2217,0.217993497
2218,0.598755471
2219,0.379599342
2220,0.309260107
2221,0.25519772
2222,0.222644025
2223,0.212761653
2224,0.24066482
2225,0.27554378
2226,0.232526397
2227,0.213924285
2228,0.205204545
2229,0.195903489
2230,0.190090329
2231,0.191252961
2232,0.198810069
2233,0.188346381
2234,0.181370589
2235,0.180207957
2236,0.177882693
2237,0.177882693
2238,0.177882693
2239,0.174394797
2240,0.16393111
2241,0.159861898
2242,0.159861898
2243,0.153467422
2244,0.15521137
2245,0.150560842
2246,0.147654262
2247,0.144166366
2248,0.138934522
2249,0.134283994
2250,0.129633466
2251,0.12614557
2252,0.133121362
2253,0.133702678
2254,0.150560842
2255,0.163349794
2256,0.14358505
2257,0.135446626
2258,0.134283994
2259,0.135446626
2260,0.147654262
2261,0.207529809
2262,0.334838011
2263,0.267986672
2264,0.256360352
2265,0.355765387
2266,0.327862219
2267,0.351114859
2268,0.438312257
2269,0.374948814
2270,0.277287728
2271,0.265661408
2272,0.262754828
2273,0.242990084
2274,0.226131921
2275,0.227294553
2276,0.358671967
2277,0.988237185
2278,1.017302985
2279,0.69757919
2280,0.580734675
2281,0.542949136
2282,0.622008111
2283,0.65107391
2284,1.034742465
2285,2.02297965
2286,1.98810069
2287,1.249829381
2288,1.098687224
2289,0.988237185
2290,0.941731906
2291,0.970797706
2292,1.127753023
2293,1.121939863
2294,0.988237185
2295,0.895226627
2296,0.802216068
2297,0.66851339
2298,0.572596251
2299,0.530160184
2300,0.476097797
2301,0.475516481
2302,1.116126703
2303,1.046368784
2304,0.761523949
2305,0.616194951
2306,0.515627284
2307,0.451682525
2308,0.391806978
2309,0.369135655
2310,0.341813803
2311,0.315654583
2312,0.286007468
2313,0.359834599
2314,0.310422739
2315,0.255779036
2316,0.223225341
2317,0.192996909
2318,0.184277169
2319,0.187765065
2320,0.176138745
2321,0.16683769
2322,0.160443214
2323,0.147654262
2324,0.13777189
2325,0.122076358
2326,0.10579951
2327,0.10289293
2328,0.098242403
2329,0.088360031
2330,0.088941347
2331,0.087197399
2332,0.077315027
2333,0.072083183
2334,0.071501867
2335,0.066851339
2336,0.062200811
2337,0.060456863
2338,0.048481754
2339,0.047435385
2340,0.054236782
2341,0.049760649
2342,0.049702517
2343,0.13486531
2344,0.825468708
2345,0.889413467
2346,0.414478302
2347,0.223806657
2348,0.14067847
2349,0.097079771
2350,0.077896343
2351,0.072083183
2352,0.079058975
2353,0.060456863
2354,0.049237464
2355,0.043947489
2356,0.038076197
2357,0.068595287
2358,0.100567667
2359,0.079640291
2360,0.062200811
2361,0.048598017
2362,0.040982777
2363,0.111031354
2364,0.227875869
2365,0.13195873
2366,0.102311614
2367,0.086034767
2368,0.080221607
2369,0.061038179
2370,0.265661408
2371,0.525509656
2372,0.304028263
2373,0.2435714
2374,0.295308524
2375,0.333094063
2376,0.176720061
2377,0.109868722
2378,0.080221607
2379,0.065107391
2380,0.057840941
2381,0.051039544
2382,0.288332732
2383,0.165093742
2384,0.089522663
2385,0.066851339
2386,0.05632952
2387,0.05127207
2388,0.04034333
2389,0.03563467
2390,0.036390381
2391,0.039820145
2392,0.036157855
2393,0.031739853
2394,0.028949536
2395,0.026856799
2396,0.024996588
2397,0.024822193
2398,0.026798667
2399,0.027961299
2400,0.029356458
2401,0.059875547
2402,0.069176603
2403,0.069757919
2404,0.046854069
2405,0.035285881
2406,0.027845036
2407,0.039296961
2408,0.04179662
2409,0.03453017
2410,0.030112168
2411,0.02761251
2412,0.026856799
2413,0.026217351
2414,0.043656831
2415,0.063944759
2416,0.047319122
2417,0.038192461
2418,0.033774459
2419,0.033658196
2420,0.030112168
2421,0.027089325
2422,0.024531535
2423,0.022206271
2424,0.02110177
2425,0.020404191
2426,0.02034606
2427,0.020462323
2428,0.019532217
2429,0.018776507
2430,0.018078927
2431,0.017788269
2432,0.017613875
2433,0.01709069
2434,0.016160585
2435,0.015346742
2436,0.014823558
2437,0.01418411
2438,0.013719057
2439,0.012963347
2440,0.011975109
2441,0.01162632
2442,0.011510057
2443,0.01127753
2444,0.013544663
2445,0.025170982
2446,0.022845718
2447,0.022438797
2448,0.026740536
2449,0.02982151
2450,0.025519772
2451,0.021508692
2452,0.019241559
2453,0.017904533
2454,0.016625637
2455,0.015230479
2456,0.0145329
2457,0.0145329
2458,0.01418411
2459,0.014009715
2460,0.013777189
2461,0.013660926
2462,0.013370268
2463,0.013195873
2464,0.066851339
2465,0.084290819
2466,0.056910836
2467,0.044238147
2468,0.037553013
2469,0.032844354
2470,0.029240194
2471,0.025868562
2472,0.050981412
2473,0.051911518
2474,0.03999454
2475,0.030984142
2476,0.027321852
2477,0.024066482
2478,0.023368903
2479,0.022031876
2480,0.020811112
2481,0.020694849
2482,0.020694849
2483,0.02034606
2484,0.020404191
2485,0.020694849
2486,0.020985507
2487,0.020694849
2488,0.020694849
2489,0.021334297
2490,0.020636718
2491,0.020229796
2492,0.024996588
2493,0.087197399
2494,0.076733711
2495,0.052085913
2496,0.040517725
2497,0.034878959
2498,0.031914248
2499,0.030460958
2500,0.0290658
2501,0.028426352
2502,0.027670641
2503,0.037959934
2504,0.042610462
2505,0.023717692
2506,0.029298326
2507,0.040924646
2508,0.0458077
2509,0.050109438
2510,0.044412542
2511,0.035809065
2512,0.031100406
2513,0.029356458
2514,0.029937774
2515,0.122076358
2516,0.168581637
2517,0.116263198
2518,0.083128187
2519,0.066270023
2520,0.059294231
2521,0.05743402
2522,0.056678309
2523,0.056852704
2524,0.059294231
2525,0.055922598
2526,0.052085913
2527,0.065107391
2528,0.090685295
2529,0.090685295
2530,0.081384239
2531,0.070920551
2532,0.065107391
2533,0.061619495
2534,0.058712915
2535,0.054759966
2536,0.050283833
2537,0.047493516
2538,0.045226384
2539,0.045110121
2540,0.068013971
2541,0.070920551
2542,0.134283994
2543,0.187765065
2544,0.147072946
2545,0.109287406
2546,0.098242403
2547,0.095335823
2548,0.109868722
2549,0.452263841
2550,0.418547514
2551,0.280775624
2552,0.235432977
2553,0.229619817
2554,0.212761653
2555,0.194740857
2556,0.192415593
2557,0.227294553
2558,0.209855073
2559,0.179626641
2560,0.156955318
2561,0.133121362
2562,0.119751094
2563,0.11161267
2564,0.10579951
2565,0.105218194
2566,0.244734032
2567,0.912666106
2568,0.604568631
2569,0.579572043
2570,0.370879602
2571,0.256360352
2572,0.2871701
2573,0.352277491
2574,0.291820628
2575,0.23775824
2576,0.204623229
2577,0.177882693
2578,0.154630054
2579,0.14358505
2580,0.136027942
2581,0.130214782
2582,0.13195873
2583,0.151142158
2584,0.14649163
2585,0.14067847
2586,0.133702678
2587,0.132540046
2588,0.14358505
2589,0.152886106
2590,0.172069533
2591,0.354602755
2592,0.373786182
2593,0.311004055
2594,0.26391746
2595,0.234851661
2596,0.212180337
2597,0.201716649
2598,0.202879281
2599,0.180789273
2600,0.160443214
2601,0.16102453
2602,0.148235578
2603,0.181370589
2604,0.550506244
2605,0.54236782
2606,0.37262355
2607,0.313910635
2608,0.386575134
2609,0.419710146
2610,0.336581959
2611,0.37843671
2612,2.081111249
2613,1.697442695
2614,0.924292426
2615,0.65107391
2616,0.523184392
2617,0.428429886
2618,0.501094385
2619,0.575502831
2620,0.460983581
2621,0.391806978
2622,0.352277491
2623,0.322630375
2624,0.304028263
2625,0.286588784
2626,0.27554378
2627,0.354021439
2628,0.349370911
2629,0.310422739
2630,0.28426352
2631,0.557482036
2632,0.848721347
2633,0.69176603
2634,0.555156772
2635,0.439474889
2636,0.374367498
2637,0.356346703
2638,0.355765387
2639,0.338907223
2640,0.314491951
2641,0.320305111
2642,0.362159863
2643,0.320305111
2644,0.366229075
2645,0.64526075
2646,0.483073589
2647,0.386575134
2648,0.345301699
2649,0.329606167
2650,0.345883015
2651,0.329024851
2652,0.318561163
2653,0.304609579
2654,0.409246458
2655,0.918479266
2656,0.65107391
2657,0.479004377
2658,0.39587619
2659,0.386575134
2660,0.405177246
2661,0.349952227
2662,0.309841423
2663,0.281938256
2664,0.259848248
2665,0.240083504
2666,0.227875869
2667,0.202297965
2668,0.184277169
2669,0.184858485
2670,0.219156129
2671,0.195322173
2672,0.176138745
2673,0.189509013
2674,0.229038501
2675,0.200554017
2676,0.186602433
2677,0.190671645
2678,0.173232165
2679,0.176720061
2680,0.238920872
2681,0.233107713
2682,0.226713237
2683,0.283100888
2684,0.309841423
2685,0.280194308
2686,0.233107713
2687,0.197066121
2688,0.182533221
2689,0.163349794
2690,0.149979526
2691,0.15811795
2692,0.14939821
2693,0.129633466
2694,0.120913726
2695,0.115681882
2696,0.107543458
2697,0.124982938
2698,0.12033241
2699,0.113356618
2700,0.100567667
2701,0.109868722
2702,0.115681882
2703,0.097661087
2704,0.084290819
2705,0.076152395
2706,0.068595287
2707,0.082546871
2708,0.086616083
2709,0.070920551
2710,0.063944759
2711,0.058131599
2712,0.054294914
2713,0.057143362
2714,0.13486531
2715,0.101730298
2716,0.078477659
2717,0.064526075
2718,0.056620178
2719,0.052202176
2720,0.054004256
2721,0.052609097
2722,0.056096993
2723,0.049179333
2724,0.040982777
2725,0.033135012
2726,0.028542615
2727,0.026333614
2728,0.025229114
2729,0.024124614
2730,0.022322534
2731,0.021218034
2732,0.01999727
2733,0.018950901
2734,0.018427717
2735,0.017788269
2736,0.019648481
2737,0.020229796
2738,0.017788269
2739,0.017555743
2740,0.017265085
2741,0.015869927
2742,0.015288611
2743,0.015288611
2744,0.0145329
2745,0.014067847
2746,0.014591031
2747,0.014939821
2748,0.015230479
2749,0.014881689
2750,0.013370268
2751,0.011451925
2752,0.011916978
2753,0.012323899
2754,0.011045004
2755,0.010289293
2756,0.009998635
2757,0.008661608
2758,0.007615239
2759,0.007382713
2760,0.006859529
2761,0.006568871
2762,0.005929423
2763,0.004999318
2764,0.004766791
2765,0.004069212
2766,0.003894817
2767,0.006627002
2768,0.007615239
2769,0.007440845
2770,0.006452608
2771,0.008894135
2772,0.007731503
2773,0.006452608
2774,0.005406239
2775,0.004883054
2776,0.004243607
2777,0.003604159
2778,0.003546028
2779,0.004127344
2780,0.004766791
2781,0.003662291
2782,0.004650528
2783,0.013835321
2784,0.008138424
2785,0.007440845
2786,0.007847766
2787,0.007033923
2788,0.007092055
2789,0.00691766
2790,0.006045686
2791,0.013660926
2792,0.012033241
2793,0.010754346
2794,0.009068529
2795,0.008487213
2796,0.007673371
2797,0.007033923
2798,0.006627002
2799,0.005522502
2800,0.005348107
2801,0.005755028
2802,0.005929423
2803,0.005406239
2804,0.004941186
2805,0.004418002
2806,0.005057449
2807,0.006568871
2808,0.006801397
2809,0.006278213
2810,0.005348107
2811,0.005755028
2812,0.004999318
2813,0.004650528
2814,0.004069212
2815,0.003604159
2816,0.003604159
2817,0.003604159
2818,0.003720422
2819,0.00726645
2820,0.006859529
2821,0.005696897
2822,0.005057449
2823,0.004650528
2824,0.005929423
2825,0.005173712
2826,0.004418002
2827,0.005871292
2828,0.005871292
2829,0.005522502
2830,0.005173712
2831,0.007440845
2832,0.007440845
2833,0.00726645
2834,0.006568871
2835,0.005987555
2836,0.006103818
2837,0.006336344
2838,0.005871292
2839,0.00837095
2840,0.010231161
2841,0.008603477
2842,0.008661608
2843,0.009068529
2844,0.008777871
2845,0.008312819
2846,0.00837095
2847,0.008429082
2848,0.012207636
2849,0.012498294
2850,0.011219399
2851,0.088360031
2852,0.334256695
2853,0.165093742
2854,0.092429243
2855,0.062782127
2856,0.045865832
2857,0.039355093
2858,0.101148982
2859,0.098823719
2860,0.076733711
2861,0.065107391
2862,0.05452744
2863,0.050923281
2864,0.047667911
2865,0.044645068
2866,0.043831226
2867,0.042552331
2868,0.051911518
2869,0.03598346
2870,0.035344012
2871,0.036157855
2872,0.036622907
2873,0.035227749
2874,0.033716327
2875,0.033658196
2876,0.045400779
2877,0.11451925
2878,0.105218194
2879,0.105218194
2880,0.089522663
2881,0.097661087
2882,0.095335823
2883,0.080221607
2884,0.076152395
2885,0.147072946
2886,0.130214782
2887,0.098823719
2888,0.069176603
2889,0.058131599
2890,0.067432655
2891,0.16393111
2892,0.837095028
2893,0.66270023
2894,0.37262355
2895,0.26101088
2896,0.206367177
2897,0.173232165
2898,0.162768478
2899,0.158699266
2900,0.147072946
2901,0.12905215
2902,0.111031354
2903,0.12905215
2904,0.138353206
2905,0.132540046
2906,0.119751094
2907,0.111031354
2908,0.116263198
2909,0.150560842
2910,0.210436389
2911,0.223225341
2912,0.172069533
2913,0.14649163
2914,0.133702678
2915,0.172069533
2916,0.264498776
2917,0.212761653
2918,0.266242724
2919,0.354021439
2920,0.283100888
2921,0.280194308
2922,0.230201133
2923,0.244152716
2924,0.213924285
2925,0.245896664
2926,0.877787147
2927,0.808029228
2928,0.525509656
2929,0.369135655
2930,0.307516159
2931,0.297633788
2932,0.261592196
2933,0.354602755
2934,0.616194951
2935,0.918479266
2936,0.633634431
2937,0.465052793
2938,0.37843671
2939,0.327862219
2940,0.325536955
2941,0.316235899
2942,0.312748003
2943,0.306934843
2944,0.351114859
2945,0.393550926
2946,0.416803566
2947,0.423198042
2948,0.439474889
2949,0.504582281
2950,0.519696496
2951,0.405758562
2952,0.330768799
2953,0.280194308
2954,0.267405356
2955,0.247640612
2956,0.224969289
2957,0.207529809
2958,0.204623229
2959,0.201716649
2960,0.197647437
2961,0.220900077
2962,0.251709824
2963,0.254035088
2964,0.25229114
2965,0.235432977
2966,0.241246136
2967,0.229038501
2968,0.217993497
2969,0.227875869
2970,0.208692441
2971,0.205204545
2972,0.277869044
2973,0.374367498
2974,0.340069855
2975,0.323793007
2976,0.441218837
2977,0.877787147
2978,1.412597859
2979,1.523047897
2980,0.982424025
2981,0.70339235
2982,0.598755471
2983,0.53946124
2984,0.430173834
2985,0.349952227
2986,0.304609579
2987,0.288332732
2988,0.287751416
2989,0.301703
2990,0.299377736
2991,0.270311936
2992,0.238920872
2993,0.219737445
2994,0.209855073
2995,0.210436389
2996,0.240083504
2997,0.270311936
2998,0.249965876
2999,0.228457185
3000,0.217412181
3001,0.219737445
3002,0.248221928
3003,0.274381148
3004,0.24066482
3005,0.224969289
3006,0.220900077
3007,0.230782449
3008,0.311004055
3009,0.531322816
3010,0.994050345
3011,0.924292426
3012,0.744084469
3013,0.871973987
3014,0.842908187
3015,0.941731906
3016,1.662563735
3017,2.406648204
3018,1.99391385
3019,3.028656315
3020,1.860211172
3021,1.156818823
3022,0.871973987
3023,0.715018669
3024,0.592942311
3025,0.526672288
3026,0.43075515
3027,0.355184071
3028,0.312166687
3029,0.280194308
3030,0.271474568
3031,0.216830865
3032,0.205785861
3033,0.277869044
3034,0.385993818
3035,0.318561163
3036,0.251128508
3037,0.219737445
3038,0.39296961
3039,0.431917782
3040,0.325536955
3041,0.249965876
3042,0.209855073
3043,0.188927697
3044,0.211599021
3045,0.216249549
3046,0.173813481
3047,0.203460597
3048,0.592942311
3049,0.532485448
3050,0.372042234
3051,0.27845036
3052,0.224387973
3053,0.192415593
3054,0.168000322
3055,0.156955318
3056,0.64526075
3057,0.808029228
3058,0.610381791
3059,0.37553013
3060,0.254035088
3061,0.225550605
3062,0.198810069
3063,0.153467422
3064,0.142422418
3065,0.169162953
3066,0.14939821
3067,0.136609258
3068,1.493982098
3069,1.610245296
3070,0.825468708
3071,0.555738088
3072,0.477260429
3073,0.457495685
3074,0.592942311
3075,0.419710146
3076,0.312166687
3077,0.263336144
3078,0.294145892
3079,0.639447591
3080,1.046368784
3081,0.66851339
3082,0.482492273
3083,0.354602755
3084,0.26391746
3085,0.205785861
3086,0.165093742
3087,0.138353206
3088,0.12033241
3089,0.11161267
3090,0.215086917
3091,0.205785861
3092,0.196484805
3093,0.305772211
3094,0.25519772
3095,0.199972701
3096,0.137190574
3097,0.122076358
3098,0.11161267
3099,0.116263198
3100,0.106962142
3101,0.127889518
3102,0.115100566
3103,0.101730298
3104,0.15811795
3105,0.163349794
3106,0.136609258
3107,0.100567667
3108,0.080221607
3109,0.069176603
3110,0.083709503
3111,0.104636878
3112,0.138353206
3113,0.101148982
3114,0.091266611
3115,0.086034767
3116,0.090103979
3117,0.093591875
3118,0.108124774
3119,0.102311614
3120,0.088360031
3121,0.066851339
3122,0.055806335
3123,0.046912201
3124,0.049760649
3125,0.042610462
3126,0.034646433
3127,0.075571079
3128,0.197066121
3129,0.137190574
3130,0.111031354
3131,0.095335823
3132,0.075571079
3133,0.061619495
3134,0.05162086
3135,0.045226384
3136,0.049586254
3137,0.059875547
3138,0.051446465
3139,0.057666546
3140,0.083709503
3141,0.063363443
3142,0.057957204
3143,0.050458228
3144,0.049237464
3145,0.044470673
3146,0.040401461
3147,0.038308724
3148,0.033193143
3149,0.029879642
3150,0.02691493
3151,0.025577904
3152,0.024589666
3153,0.024880324
3154,0.023427034
3155,0.020636718
3156,0.018834638
3157,0.021043639
3158,0.020694849
3159,0.019881007
3160,0.018369585
3161,0.018427717
3162,0.016451243
3163,0.015463005
3164,0.015172347
3165,0.014300373
3166,0.013312136
3167,0.012091373
3168,0.028193826
3169,0.042784857
3170,0.029123931
3171,0.030344695
3172,0.317398531
3173,0.314491951
3174,0.173813481
3175,0.105218194
3176,0.074408447
3177,0.057550283
3178,0.041622225
3179,0.033483801
3180,0.045923963
3181,0.176720061
3182,0.074408447
3183,0.051213939
3184,0.042668594
3185,0.041389699
3186,0.044005621
3187,0.036739171
3188,0.031797985
3189,0.028251957
3190,0.024531535
3191,0.021973744
3192,0.020752981
3193,0.019532217
3194,0.017265085
3195,0.016683769
3196,0.017032559
3197,0.01598619
3198,0.015172347
3199,0.014416637
3200,0.014649163
3201,0.018660243
3202,0.021334297
3203,0.019648481
3204,0.027379983
3205,0.050632623
3206,0.033890722
3207,0.027496246
3208,0.02110177
3209,0.019764744
3210,0.019532217
3211,0.035111486
3212,0.031507327
3213,0.022148139
3214,0.019183428
3215,0.017904533
3216,0.016334979
3217,0.015404874
3218,0.014997953
3219,0.02255506
3220,0.251709824
3221,0.941731906
3222,1.139379343
3223,0.499350437
3224,0.321467743
3225,4.127343539
3226,2.313637646
3227,1.011489825
3228,0.622008111
3229,0.459820949
3230,0.370298286
3231,0.317398531
3232,0.301703
3233,0.329024851
3234,0.26391746
3235,0.227875869
3236,0.199391385
3237,0.168581637
3238,0.172069533
3239,0.170906901
3240,0.189509013
3241,0.186602433
3242,0.198810069
3243,0.251128508
3244,0.229038501
3245,0.293564576
3246,0.349952227
3247,0.2871701
3248,0.268567988
3249,0.29879642
3250,0.259848248
3251,0.232526397
3252,0.215086917
3253,0.197066121
3254,0.195903489
3255,0.180207957
3256,0.168000322
3257,0.168581637
3258,0.165675058
3259,0.161605846
3260,0.156955318
3261,0.151142158
3262,0.304609579
3263,0.335419327
3264,0.26391746
3265,0.236595608
3266,0.24066482
3267,0.227875869
3268,0.225550605
3269,0.254616404
3270,0.212761653
3271,0.179626641
3272,0.179626641
3273,0.165093742
3274,0.15811795
3275,0.169162953
3276,0.199391385
3277,0.180789273
3278,0.157536634
3279,0.181370589
3280,0.325536955
3281,0.283682204
3282,0.222644025
3283,0.215668233
3284,0.190671645
3285,0.186021117
3286,0.182533221
3287,0.178464009
3288,0.168581637
3289,0.161605846
3290,0.165093742
3291,0.191252961
3292,0.213924285
3293,0.225550605
3294,0.234270345
3295,0.218574813
3296,0.199972701
3297,0.188346381
3298,0.197066121
3299,0.390644346
3300,2.918206277
3301,2.296198166
3302,1.575366337
3303,0.901039787
3304,0.477841745
3305,0.414478302
3306,0.377274078
3307,0.347626963
3308,0.323793007
3309,0.311585371
3310,0.423779358
3311,0.825468708
3312,0.610381791
3313,0.435405678
3314,0.373204866
3315,0.438312257
3316,0.425523306
3317,0.356346703
3318,0.317979847
3319,0.2871701
3320,0.326699587
3321,0.370298286
3322,0.269149304
3323,0.513883336
3324,0.418547514
3325,0.340069855
3326,0.387737766
3327,0.367391707
3328,0.308097475
3329,1.121939863
3330,2.220627087
3331,1.121939863
3332,0.709205509
3333,0.587129151
3334,0.575502831
3335,0.52202176
3336,0.477841745
3337,0.441800153
3338,0.726644989
3339,0.854534507
3340,0.726644989
3341,0.598755471
3342,0.64526075
3343,0.68595287
3344,0.959171386
3345,0.738271309
3346,0.592942311
3347,0.520859128
3348,0.831281868
3349,1.99391385
3350,1.180071462
3351,0.831281868
3352,0.68013971
3353,0.592942311
3354,0.610381791
3355,0.587129151
3356,0.513883336
3357,0.470865953
3358,0.459820949
3359,0.473191217
3360,0.492374645
3361,0.462727529
3362,0.452845157
3363,0.448194629
3364,0.352277491
3365,0.323211691
3366,0.312748003
3367,0.304028263
3368,0.311004055
3369,0.337744591
3370,0.360415915
3371,0.374367498
3372,0.347626963
3373,0.352858807
3374,0.400526718
3375,0.566783092
3376,0.732458149
3377,0.819655548
3378,0.604568631
3379,0.510976756
3380,0.497025173
3381,0.773150269
3382,0.901039787
3383,0.633634431
3384,0.66851339
3385,0.64526075
3386,0.534229396
3387,0.452845157
3388,0.408665142
3389,0.380180658
3390,0.411571722
3391,0.360997231
3392,0.325536955
3393,0.860347667
3394,2.70311936
3395,1.709069015
3396,1.087060904
3397,0.848721347
3398,0.66270023
3399,0.55690072
3400,0.477260429
3401,0.418547514
3402,0.465052793
3403,0.866160827
3404,0.709205509
3405,0.709205509
3406,0.581315991
3407,0.548762296
3408,0.51330202
3409,0.440637521
3410,0.377855394
3411,0.349370911
3412,0.318561163
3413,0.319142479
3414,0.384831186
3415,0.339488539
3416,0.297633788
3417,0.26682404
3418,0.24647798
3419,0.231363765
3420,0.260429564
3421,0.256360352
3422,0.230201133
3423,0.412734354
3424,0.322630375
3425,0.265080092
3426,0.227875869
3427,0.26682404
3428,0.245315348
3429,0.214505601
3430,0.197647437
3431,0.167419006
3432,0.144747682
3433,0.136609258
3434,0.137190574
3435,0.154630054
3436,0.147072946
3437,0.124982938
3438,0.107543458
3439,0.094173191
3440,0.094173191
3441,0.101148982
3442,0.089522663
3443,0.116263198
3444,0.10870609
3445,0.097661087
3446,0.091266611
3447,0.086034767
3448,0.084290819
3449,0.074408447
3450,0.069176603
3451,0.060456863
3452,0.056445783
3453,0.045342647
3454,0.038831908
3455,0.034878959
3456,0.029763379
3457,0.027379983
3458,0.024589666
3459,0.017672006
3460,0.009649845
3461,0.007440845
3462,0.104055562
3463,0.380761974
3464,0.14939821
3465,0.099405035
3466,0.262173512
3467,0.175557429
3468,0.091847927
3469,0.055341282
3470,0.052957887
3471,0.044121884
3472,0.034762696
3473,0.032146774
3474,0.030984142
3475,0.028426352
3476,0.025636035
3477,0.02290385
3478,0.020229796
3479,0.017962664
3480,0.015811795
3481,0.014649163
3482,0.013951584
3483,0.013719057
3484,0.018950901
3485,0.230201133
3486,0.272055884
3487,0.066270023
3488,0.03307688
3489,0.025577904
3490,0.027147457
3491,0.041505962
3492,0.049121201
3493,0.043133647
3494,0.077896343
3495,0.079058975
3496,0.056503914
3497,0.046795937
3498,0.043656831
3499,0.037320487
3500,0.032088643
3501,0.032611827
3502,0.079640291
3503,0.093010559
3504,0.13486531
3505,0.078477659
3506,0.057317757
3507,0.062782127
3508,0.074408447
3509,0.067432655
3510,0.145328998
3511,0.808029228
3512,0.567945724
3513,1.063808264
3514,1.087060904
3515,0.580153359
3516,0.331350115
3517,0.304609579
3518,0.37843671
3519,0.265080092
3520,0.179626641
3521,0.24938456
3522,0.353440123
3523,0.221481393
3524,0.135446626
3525,0.098823719
3526,0.077315027
3527,0.070339235
3528,0.056445783
3529,0.04726099
3530,0.043133647
3531,0.037029829
3532,0.033600064
3533,0.030635353
3534,0.02726372
3535,0.024124614
3536,0.029879642
3537,0.053481071
3538,0.048074832
3539,0.035285881
3540,0.035750933
3541,0.212180337
3542,0.213924285
3543,0.232526397
3544,0.185439801
3545,0.127308202
3546,0.095335823
3547,0.075571079
3548,1.290521501
3549,2.412461364
3550,0.982424025
3551,0.576084147
3552,0.363903811
3553,0.260429564
3554,0.194159541
3555,0.251709824
3556,0.871973987
3557,1.32540046
3558,0.895226627
3559,0.639447591
3560,0.443544101
3561,0.341813803
3562,0.357509335
3563,0.616194951
3564,0.54236782
3565,0.397038822
3566,0.461564897
3567,0.313910635
3568,0.233689029
3569,0.205204545
3570,0.199391385
3571,0.366810391
3572,1.278895181
3573,0.66851339
3574,0.487142801
3575,0.394713558
3576,0.379018026
3577,0.340069855
3578,0.288914048
3579,0.256360352
3580,0.241827452
3581,0.222062709
3582,0.202879281
3583,0.202297965
3584,0.233689029
3585,0.220318761
3586,0.197647437
3587,0.283682204
3588,0.819655548
3589,0.627821271
3590,0.540042556
3591,0.462146213
3592,0.744084469
3593,0.499931753
3594,3.249556392
3595,2.592669321
3596,1.273082021
3597,1.267268861
3598,1.685816375
3599,1.075434584
3600,0.784776588
3601,1.552113697
3602,1.290521501
3603,0.871973987
3604,1.505608418
3605,2.110177049
3606,1.180071462
3607,1.092874064
3608,1.005676665
3609,0.837095028
3610,0.813842388
3611,1.081247744
3612,0.959171386
3613,0.70339235
3614,0.535973344
3615,0.517952548
3616,0.56562046
3617,0.69176603
3618,2.604295641
3619,2.04041913
3620,1.209137262
3621,0.883600307
3622,0.732458149
3623,1.092874064
3624,1.685816375
3625,1.180071462
3626,0.842908187
3627,0.68595287
3628,0.592942311
3629,0.506326228
3630,0.444125417
3631,0.421454094
3632,0.382505922
3633,0.365066443
3634,0.324374323
3635,0.320305111
3636,0.336000643
3637,0.342976435
3638,0.538298608
3639,0.469703321
3640,0.365066443
3641,0.333675379
3642,0.761523949
3643,1.924155931
3644,1.063808264
3645,0.68595287
3646,0.543530452
3647,0.448194629
3648,0.401108034
3649,0.41912883
3650,0.610381791
3651,0.510976756
3652,0.430173834
